Date,Open,High,Low,Close,Volume
1999-03-10,43.0797,43.106,42.3687,43.0271,5232000
1999-03-11,43.3431,43.5932,42.3951,43.2377,9688600
1999-03-12,43.0797,43.106,41.8421,42.1844,8743600
1999-03-15,42.5004,43.4484,42.0528,43.3957,6369000
1999-03-16,43.5801,43.9487,43.1061,43.7644,4905800
1999-03-17,43.7644,43.817,43.3167,43.4484,3965000
1999-03-18,43.3957,44.3173,43.3825,44.291,4848400
1999-03-19,44.8703,44.8703,43.1324,43.1587,7160400
1999-03-22,43.343,43.4484,42.5531,42.6321,5024800
1999-03-23,42.3951,42.5531,41.0521,41.1311,10962400
1999-03-24,41.4998,42.5531,40.8678,42.5267,8447000
1999-03-25,43.185,44.0803,42.902,44.0803,8133800
1999-03-26,43.7117,44.212,43.4221,43.6064,8256200
1999-03-29,44.133,45.2126,43.8697,45.1863,5113800
1999-03-30,45.1336,45.5023,44.686,44.8703,4940600
1999-03-31,45.6076,45.6603,44.0804,44.212,8256600
1999-04-01,45.5023,45.555,44.3963,45.1336,8715800
1999-04-05,45.8644,46.8321,45.5813,46.7663,5697200
1999-04-06,46.7136,47.3719,46.3186,46.8584,7522400
1999-04-07,47.2929,47.3982,45.3706,46.3713,11923600
1999-04-08,46.2923,46.9637,45.3443,46.7399,7952400
1999-04-09,46.6609,47.1349,46.5293,47.0296,4946800
1999-04-12,45.9236,47.0296,45.8709,46.7136,10934000
1999-04-13,47.0032,47.1086,45.7129,46.0816,9962200
1999-04-14,46.6609,46.7136,44.2449,44.5017,21253800
1999-04-15,44.6597,45.1797,43.0797,45.1073,17650600
1999-04-16,45.002,45.002,43.5537,43.7907,17274000
1999-04-19,44.0804,44.449,41.2957,41.7368,19460600
1999-04-20,41.5524,43.027,41.1574,42.6847,17413600
1999-04-21,43.0797,44.8177,42.5004,44.7913,10940400
1999-04-22,45.2126,46.1343,44.9164,46.0026,13630600
1999-04-23,45.7656,46.9506,45.2916,46.6082,7064400
1999-04-26,46.9242,48.0302,46.7728,47.6813,5421000
1999-04-27,48.0302,48.2672,46.3515,46.9506,16482800
1999-04-28,46.5556,46.7136,45.1402,45.3443,7676800
1999-04-29,45.1336,45.397,44.0277,44.9757,19148200
1999-04-30,45.6076,45.8446,43.659,45.2653,15295200
1999-05-03,45.1336,45.318,44.2713,45.0283,11109800
1999-05-04,45.1073,45.8183,44.054,44.3173,15428400
1999-05-05,44.3437,45.6603,43.0007,45.6603,12642600
1999-05-06,45.239,45.634,43.58,44.0014,15173400
1999-05-07,44.3963,44.765,43.4484,44.6333,16430400
1999-05-10,44.923,45.3838,44.3963,45.081,10604200
1999-05-11,45.4496,46.029,45.1863,45.792,8800800
1999-05-12,46.0026,46.8979,44.6597,46.7399,12507400
1999-05-13,47.1086,47.1876,45.6603,45.8709,9864000
1999-05-14,44.9756,45.5023,44.6597,45.002,12205400
1999-05-17,44.607,45.95,44.1659,45.8117,9906800
1999-05-18,45.7656,46.0289,45.081,45.6076,9267800
1999-05-19,45.792,46.2659,45.081,46.2396,7985600
1999-05-20,46.3383,46.3383,44.8966,44.9691,5997200
1999-05-21,45.1073,45.239,44.3173,44.5543,10958600
1999-05-24,44.6333,44.7123,43.1324,43.422,9569800
1999-05-25,43.3694,44.0013,41.8158,42.0001,17771200
1999-05-26,42.5531,43.343,41.2365,43.1719,26772000
1999-05-27,43.0007,43.7578,42.4478,43.1324,23334800
1999-05-28,43.3957,44.0804,42.8427,43.8434,12969800
1999-06-01,43.7644,43.975,42.6321,42.8691,6960200
1999-06-02,42.8427,43.817,41.7697,43.5932,11996600
1999-06-03,43.9224,43.9224,42.7111,42.9744,11147800
1999-06-04,43.2904,44.4424,43.2904,44.291,12987200
1999-06-07,44.6004,45.4957,44.5017,45.2126,11491800
1999-06-08,45.318,45.5286,43.8499,44.0803,8134800
1999-06-09,44.2384,44.9427,44.212,44.8177,8384400
1999-06-10,44.3437,44.607,43.7709,44.3042,9392400
1999-06-11,44.607,44.6531,43.2377,43.6327,16567600
1999-06-14,43.7907,43.7907,42.7111,42.8098,14136800
1999-06-15,42.9151,43.7051,42.7901,43.4484,9147800
1999-06-16,44.528,45.68,44.4753,45.68,15060200
1999-06-17,45.081,46.3976,45.081,46.1869,16278200
1999-06-18,45.7656,46.5292,45.6866,46.3976,5392800
1999-06-21,46.7136,47.813,46.6346,47.7866,10565200
1999-06-22,47.5035,48.1092,46.3449,46.3449,10862800
1999-06-23,46.3515,47.1876,46.0553,47.0757,9607000
1999-06-24,47.0559,47.0822,45.9236,46.1409,14988800
1999-06-25,46.4503,46.8189,45.6603,46.0816,8635600
1999-06-28,46.4766,47.2402,46.0948,47.1744,7666200
1999-06-29,47.1349,48.0039,46.8979,47.8195,9000400
1999-06-30,47.8656,50.5054,47.2995,48.5568,19467600
1999-07-01,48.7148,49.1625,47.8722,48.886,6822600
1999-07-02,48.8728,49.5575,48.8728,49.5048,3302000
1999-07-06,49.7681,50.2685,48.9255,49.1888,8794800
1999-07-07,49.1625,49.4785,48.8202,49.2678,10520000
1999-07-08,49.2678,50.1302,49.0308,49.9261,11225000
1999-07-09,50.1105,50.4791,49.7418,50.4265,4206800
1999-07-12,50.6108,50.8741,49.8735,50.1631,7816200
1999-07-13,49.9261,50.1105,49.5311,49.9261,6230000
1999-07-14,50.4264,50.8741,49.7155,50.7754,6909400
1999-07-15,50.9531,51.2427,50.67,51.2427,6539800
1999-07-16,51.2691,52.0064,51.2493,51.7167,4913800
1999-07-19,51.9274,51.9274,50.986,51.1901,6833000
1999-07-20,50.5647,50.6371,49.0835,49.2152,14837400
1999-07-21,49.3205,49.88,48.9255,49.4521,10980400
1999-07-22,49.4522,49.4522,48.0566,48.1948,15148400
1999-07-23,48.5569,48.7609,47.7669,48.2672,12115000
1999-07-26,47.6089,48.1355,47.0032,47.0822,10720000
1999-07-27,48.0302,48.7675,47.622,48.0302,13732800
1999-07-28,48.6095,49.2415,47.9841,48.9716,10161800
1999-07-29,48.0565,48.4515,47.4509,47.9249,13033800
1999-07-30,48.1355,48.6622,47.6155,47.6879,10947400
1999-08-02,47.7669,48.7148,47.3719,47.5562,9642400
1999-08-03,48.2079,48.2145,46.5556,47.2468,13005000
1999-08-04,47.2468,47.6023,46.3515,46.391,13227600
1999-08-05,46.3976,47.1283,45.2916,47.1283,18695200
1999-08-06,46.7926,47.6616,46.2923,46.6214,12392200
1999-08-09,46.7926,46.9242,45.9302,46.0224,7983400
1999-08-10,45.8973,46.233,44.607,45.6076,16767200
1999-08-11,46.4239,47.1876,45.7261,47.1086,13101400
1999-08-12,47.2929,47.6089,46.4503,46.5556,12715000
1999-08-13,47.5299,48.6358,47.4509,48.5832,14342600
1999-08-16,48.5569,49.1362,48.2409,48.9716,11470600
1999-08-17,49.3995,49.4522,48.3199,49.2152,11408400
1999-08-18,48.9782,49.5838,48.4779,48.6622,7035200
1999-08-19,48.2145,48.5568,47.7735,48.0829,10157800
1999-08-20,48.1355,48.8465,47.8722,48.8465,6920800
1999-08-23,49.2941,50.4001,49.1822,50.4001,9652000
1999-08-24,50.0315,51.2954,49.9327,50.7424,13891400
1999-08-25,51.0584,52.0327,50.5054,51.8221,11352000
1999-08-26,51.8221,52.0064,50.8807,50.9597,9753000
1999-08-27,51.3415,51.3481,50.3211,50.4528,9635400
1999-08-30,50.6635,50.8214,49.6102,49.7418,10141600
1999-08-31,50.0841,50.6108,48.9782,50.2948,14590400
1999-09-01,50.6108,51.0847,50.2948,50.6568,10752000
1999-09-02,49.7155,50.7424,49.6102,50.4791,14583200
1999-09-03,51.9274,52.8161,51.7431,52.7964,14195400
1999-09-07,52.691,53.2177,52.4804,52.5594,9009000
1999-09-08,52.2434,52.77,51.4271,51.8484,14303400
1999-09-09,51.8747,52.7174,51.6114,52.5857,12677600
1999-09-10,53.2967,53.7114,52.691,53.1913,10251000
1999-09-13,53.1387,53.244,52.2697,52.5528,7240800
1999-09-14,52.3487,53.2111,52.2434,52.8424,10022600
1999-09-15,53.5007,53.5007,51.7694,51.8221,16096000
1999-09-16,51.7957,52.2697,50.7227,51.7957,15371000
1999-09-17,52.2697,53.4547,52.1907,53.3493,14506400
1999-09-20,53.5073,53.718,53.1123,53.4744,6187200
1999-09-21,53.007,53.1123,52.0393,52.1907,12265800
1999-09-22,52.2697,53.0202,51.6377,52.7437,12441800
1999-09-23,53.2967,53.402,50.2487,50.5581,19766000
1999-09-24,50.2421,50.8214,49.3995,50.6239,23570800
1999-09-27,51.3481,51.7167,50.8214,50.9794,12608800
1999-09-28,50.7227,51.4007,49.6365,51.2164,20622000
1999-09-29,51.2164,51.5851,50.1895,50.1895,15557000
1999-09-30,50.6634,51.2427,50.0315,50.7161,17604200
1999-10-01,50.0315,50.7359,49.5048,50.7359,19607400
1999-10-04,51.0058,52.059,50.7161,51.8747,12434200
1999-10-05,52.0591,52.8754,51.1374,52.2434,19526400
1999-10-06,52.5594,53.3691,51.7628,53.2901,19098200
1999-10-07,53.5863,53.8431,52.77,53.165,22013600
1999-10-08,52.9543,53.876,52.2434,53.7246,22523200
1999-10-11,53.876,54.508,53.7443,54.4816,13016000
1999-10-12,54.2973,54.7318,53.086,53.244,20182800
1999-10-13,52.6383,53.2703,51.4534,51.664,22570600
1999-10-14,51.8484,52.3487,51.0057,51.9866,22130400
1999-10-15,50.6634,51.4008,50.1434,50.4528,33703000
1999-10-18,50.5054,50.6898,48.3791,49.8142,24714800
1999-10-19,50.354,50.6107,49.2415,50.0841,26657200
1999-10-20,50.8477,52.0261,50.3474,51.6114,22486400
1999-10-21,50.7688,52.454,50.4001,52.454,22454800
1999-10-22,52.7634,53.2967,52.0327,52.217,16589400
1999-10-25,51.9801,52.8161,51.7694,52.2434,13855400
1999-10-26,52.8754,53.165,51.7167,51.8221,13542400
1999-10-27,51.6904,51.9274,50.9333,51.7431,15225200
1999-10-28,52.5594,53.718,52.0854,53.5337,14103800
1999-10-29,54.7713,55.8246,54.587,55.4033,19000000
1999-11-01,55.4033,56.0616,55.0412,55.1136,9681800
1999-11-02,55.4032,56.0879,54.9358,55.1465,12834800
1999-11-03,55.9299,56.5619,55.7719,56.2459,18752600
1999-11-04,57.0293,57.1412,56.2722,56.8779,20048600
1999-11-05,58.0365,58.3261,57.4572,57.4572,15134600
1999-11-08,57.6678,58.8199,57.4835,58.6158,10890800
1999-11-09,59.0898,59.1951,57.7205,58.2208,14629800
1999-11-10,58.2471,59.4848,57.9838,58.9844,16561000
1999-11-11,59.6164,60.1167,59.0898,60.0378,18501400
1999-11-12,60.3537,60.8804,58.4578,60.8277,28646600
1999-11-15,60.8804,61.0911,60.4064,60.7093,10909400
1999-11-16,60.933,62.5393,60.6697,62.2496,19126400
1999-11-17,62.2497,62.5196,61.091,61.407,21683600
1999-11-18,61.8283,63.2898,61.4597,63.2898,17738400
1999-11-19,63.0133,63.9613,62.7763,63.8559,17939400
1999-11-22,63.9876,65.3042,62.8816,62.8816,18841800
1999-11-23,64.4089,64.4616,62.5656,63.1713,24047600
1999-11-24,63.3556,65.5083,62.6973,65.2516,18617800
1999-11-26,66.0679,66.3838,65.1989,65.4622,8045200
1999-11-29,65.3306,65.8836,64.3036,64.3826,20485200
1999-11-30,64.5143,64.6196,61.9337,61.9337,23702400
1999-12-01,62.6183,63.5926,62.1443,63.2766,23205800
1999-12-02,63.5136,65.4096,63.4742,65.2845,17229200
1999-12-03,66.8315,67.5688,66.4891,66.6735,21444600
1999-12-06,66.9303,67.8321,66.3049,67.2792,16018400
1999-12-07,67.4898,67.7531,66.4299,67.2792,23397000
1999-12-08,67.2989,67.8255,66.3049,66.4628,19563000
1999-12-09,67.4108,67.7795,65.0936,66.7788,28445400
1999-12-10,67.3318,67.5688,65.8309,67.3318,20428400
1999-12-13,67.1014,68.5365,66.8052,68.2469,16209200
1999-12-14,68.0428,68.4378,66.5682,67.0158,27760200
1999-12-15,66.2522,68.3061,65.6729,68.3061,31797200
1999-12-16,69.2014,70.1493,68.8854,69.9913,27219600
1999-12-17,71.2027,71.5187,70.3008,70.597,23892400
1999-12-20,71.1237,71.8347,70.5181,71.5187,15392000
1999-12-21,71.7293,75.3632,71.3212,75.3632,26003800
1999-12-22,75.1525,75.2578,73.6779,75.1262,22313600
1999-12-23,75.7252,76.4691,74.9945,76.0215,17543600
1999-12-27,76.1005,76.1268,74.0729,75.5738,19281800
1999-12-28,75.6265,76.2585,74.6259,75.0998,15346400
1999-12-29,75.8372,77.9437,75.7318,77.9437,16512600
1999-12-30,78.8917,78.997,77.1011,77.1011,21887000
1999-12-31,78.0491,78.5231,76.9958,76.9958,14464400
2000-01-03,81.051,81.051,76.4691,79.8397,36345200
2000-01-04,77.5224,78.7864,74.0992,74.3625,33786600
2000-01-05,73.7306,75.5212,70.992,72.4667,42496600
2000-01-06,73.2039,74.1519,67.2001,67.4898,37134800
2000-01-07,69.886,75.8372,69.5174,75.8372,28138200
2000-01-10,76.6798,79.155,75.7845,77.9437,29675600
2000-01-11,77.3118,78.2597,73.3093,74.1519,32546600
2000-01-12,74.9945,75.1986,72.4666,72.5193,29050000
2000-01-13,74.5732,77.1011,73.3751,76.8905,25165200
2000-01-14,78.3651,78.8917,77.5224,78.6811,21898600
2000-01-18,77.5751,79.5763,77.0484,79.1024,16752400
2000-01-19,78.7798,80.893,77.8845,80.893,19006000
2000-01-20,80.4716,81.6303,79.2143,80.103,25958000
2000-01-21,81.3143,81.367,80.103,81.1036,18698200
2000-01-24,82.1043,82.2623,76.6535,77.2065,28340400
2000-01-25,77.4171,79.3065,75.3369,78.3651,33276200
2000-01-26,78.5757,78.6284,74.9945,75.2052,23095600
2000-01-27,77.3118,77.9437,73.8359,76.3111,30739200
2000-01-28,75.8372,76.2322,71.4134,72.4667,35313800
2000-01-31,72.3613,75.8372,70.36,75.5738,36014600
2000-02-01,75.4422,77.9437,74.5205,77.6014,26417600
2000-02-02,77.7331,79.8134,77.6014,78.2598,26169200
2000-02-03,79.471,81.4196,77.7594,81.3143,30579800
2000-02-04,81.7356,82.7823,81.0773,81.8673,26640000
2000-02-07,81.9463,83.1049,81.1036,82.9995,17761000
2000-02-08,83.7369,86.6861,83.7369,86.4755,21999400
2000-02-09,86.0015,86.1134,83.2102,83.4209,27258200
2000-02-10,84.1055,86.1594,83.0456,86.1594,26341600
2000-02-11,86.0015,86.0015,82.5782,84.1582,24876000
2000-02-14,84.2569,84.2635,82.3676,84.0529,22814600
2000-02-15,83.3682,84.7902,80.7877,84.6585,30572800
2000-02-16,84.1845,85.6855,83.6842,84.2635,25310600
2000-02-17,85.2641,87.0021,83.9475,86.0541,30080200
2000-02-18,86.4754,86.7914,82.9469,82.9469,25271200
2000-02-22,83.4209,84.2109,81.1036,83.2102,37226200
2000-02-23,83.9936,88.4767,83.5525,87.8447,32170800
2000-02-24,88.3713,89.9974,85.9488,89.7406,48868200
2000-02-25,89.4773,90.5833,87.5287,87.6867,32617600
2000-02-28,87.0021,89.056,84.6848,87.634,38216200
2000-02-29,89.1087,90.241,88.424,89.9513,23978600
2000-03-01,90.3726,91.4786,89.7406,90.6886,24468400
2000-03-02,91.0572,91.1626,88.266,88.5886,32739200
2000-03-03,91.0046,93.6378,90.162,93.5852,32017200
2000-03-06,94.1645,95.4021,92.9005,94.3225,23268400
2000-03-07,95.9024,95.9551,91.6366,92.9005,39471000
2000-03-08,93.5325,94.3751,89.5563,93.7432,43512600
2000-03-09,93.7168,97.3244,91.9262,96.903,30101400
2000-03-10,96.7977,98.1144,95.6457,96.4818,29750600
2000-03-13,92.6898,96.1657,92.2948,93.9538,37544200
2000-03-14,95.0071,95.5338,88.4767,90.478,39106800
2000-03-15,89.7406,90.1619,85.8434,86.6861,51202600
2000-03-16,88.7927,92.0579,85.1061,91.6366,55282200
2000-03-17,91.0046,93.5852,90.952,93.3745,31422400
2000-03-20,93.5325,93.9538,89.53,90.7413,21167200
2000-03-21,89.4246,94.3225,87.2654,94.1645,33435100
2000-03-22,95.6391,97.7193,93.6378,96.0604,24370200
2000-03-23,96.4685,99.2203,95.6917,97.7457,19227400
2000-03-24,98.9965,101.5376,96.9162,99.0623,22063000
2000-03-27,99.431,100.6949,98.6937,99.2203,11752600
2000-03-28,98.5751,99.2729,95.3231,96.6924,18336300
2000-03-29,97.219,97.2717,92.6898,92.6898,27189500
2000-03-30,90.3726,95.0071,87.2127,90.3726,42328700
2000-03-31,91.1231,93.2165,87.634,92.2685,31349900
2000-04-03,90.8071,91.9526,84.8955,86.7388,31551300
2000-04-04,87.3181,87.5814,74.4152,85.8962,66213000
2000-04-05,82.1569,87.5814,81.1036,84.3688,37631500
2000-04-06,86.2648,87.5287,84.0528,86.3701,30499900
2000-04-07,87.7394,90.478,86.4754,89.846,20645500
2000-04-10,90.6886,90.7413,83.6315,84.3688,26988200
2000-04-11,81.8409,85.5274,80.103,82.3676,34497100
2000-04-12,82.2622,83.2102,76.0478,77.5224,34824400
2000-04-13,78.2071,80.893,74.1519,74.1519,46330500
2000-04-14,72.5193,74.5732,65.7256,67.7268,60851300
2000-04-17,65.7387,75.8372,65.7255,75.5212,55398500
2000-04-18,75.4027,78.365,73.6252,77.5224,36260900
2000-04-19,77.9437,78.8917,75.0472,75.1525,28082500
2000-04-20,76.1531,76.6534,72.5193,73.5199,21255600
2000-04-24,70.3074,71.8346,67.3055,71.4133,31190900
2000-04-25,72.8879,76.2585,72.4666,76.2321,28663200
2000-04-26,76.3638,77.8779,73.4146,73.6252,25688300
2000-04-27,70.7814,77.9306,69.3068,76.8905,37010400
2000-04-28,78.839,79.8397,77.6278,79.8397,24828400
2000-05-01,80.6823,81.6303,79.4184,80.577,23205700
2000-05-02,79.945,80.577,75.6265,75.9425,20307900
2000-05-03,75.4158,76.0478,72.0585,75.0998,26589700
2000-05-04,74.9945,76.4692,73.8359,75.2579,17750700
2000-05-05,74.2572,77.7857,74.1782,77.0484,20571200
2000-05-08,76.2585,76.4691,73.9412,74.0466,13903000
2000-05-09,74.5732,75.0999,71.0447,72.4667,19825800
2000-05-10,71.0974,71.6108,66.9895,67.2002,34847500
2000-05-11,69.728,71.8346,68.1481,71.308,24709700
2000-05-12,71.9399,73.7832,70.7813,71.308,17832000
2000-05-15,71.466,74.6785,69.6227,74.4152,17950800
2000-05-16,75.8372,77.1011,74.2046,76.5218,23758800
2000-05-17,75.2052,76.2585,73.9412,74.9419,20339400
2000-05-18,74.9945,75.2974,71.94,72.256,19063000
2000-05-19,70.5707,71.624,68.5168,68.8327,28178100
2000-05-22,68.7801,69.3068,63.6848,68.7801,43879800
2000-05-23,68.5695,69.6228,62.5657,63.0397,31898500
2000-05-24,63.1977,67.3055,60.8804,66.9895,49476000
2000-05-25,67.6215,69.3067,64.4616,65.5149,29632700
2000-05-26,65.5149,66.7788,63.8296,65.5149,18203200
2000-05-30,67.4108,72.4139,67.4108,72.098,31590400
2000-05-31,71.1763,73.0328,69.728,70.044,29675400
2000-06-01,71.782,74.4679,70.7814,73.6252,28993500
2000-06-02,78.0491,79.155,69.5174,78.8917,31677200
2000-06-05,77.7331,80.3137,77.4171,79.0892,23784300
2000-06-06,78.5231,80.0504,76.5745,76.8905,23200500
2000-06-07,77.1538,79.2077,75.4685,78.9444,22524400
2000-06-08,79.7343,79.945,77.2064,78.5757,19313800
2000-06-09,79.8397,79.8397,78.365,78.997,17014600
2000-06-12,79.471,79.471,75.8371,76.4691,16484700
2000-06-13,76.2585,79.7343,75.2973,79.4184,25187900
2000-06-14,79.945,79.945,77.1011,77.6278,20274500
2000-06-15,77.4171,79.1024,76.5744,78.997,18807800
2000-06-16,79.8397,80.3136,78.4177,79.4184,21203400
2000-06-19,79.2209,82.7889,78.1018,82.5783,20042500
2000-06-20,82.7889,84.0002,81.8936,82.2623,20988300
2000-06-21,81.5776,84.0265,81.4723,83.3156,20880600
2000-06-22,83.1049,83.4209,79.629,80.261,21526700
2000-06-23,80.0503,80.4717,76.9958,77.1011,24888100
2000-06-26,78.4177,79.5632,77.5224,79.2077,22169200
2000-06-27,79.0102,80.103,77.8384,78.2598,14786000
2000-06-28,78.3519,80.4716,77.9437,79.2077,19259800
2000-06-29,78.3124,78.6811,76.3638,77.2196,21355800
2000-06-30,77.3644,79.1682,76.9431,78.7337,15153100
2000-07-03,78.7864,80.261,78.5757,80.261,5212000
2000-07-05,78.8917,79.1813,76.5744,77.1537,16489000
2000-07-06,77.1538,79.8397,75.8898,79.2077,23594700
2000-07-07,80.0503,81.7356,79.5763,80.8403,16603200
2000-07-10,79.787,80.7876,79.2077,79.6159,12659400
2000-07-11,79.2604,80.6823,78.2071,80.0504,14374600
2000-07-12,80.419,82.3676,79.7344,81.9463,18252600
2000-07-13,82.5256,84.0528,81.8409,82.9995,19566700
2000-07-14,84.4742,85.2115,83.2629,84.7902,17219400
2000-07-17,85.0535,86.0014,84.1582,85.7381,13140500
2000-07-18,84.5795,84.9218,82.8811,83.8422,20684000
2000-07-19,82.8416,83.3682,80.6033,81.9463,21828500
2000-07-20,82.4729,84.6848,81.9594,84.5795,19521200
2000-07-21,82.9469,83.8553,81.7356,81.7356,14411400
2000-07-24,82.5256,83.4209,79.4184,80.0504,18579200
2000-07-25,80.577,81.7356,79.0497,80.6823,19065700
2000-07-26,80.4717,80.9983,78.5758,80.577,20318700
2000-07-27,79.1551,80.103,77.1538,77.4171,26141800
2000-07-28,77.6804,78.2598,72.4666,73.2039,36485600
2000-07-31,73.8359,75.9425,72.2296,75.3632,27609900
2000-08-01,75.6791,75.824,73.8885,74.3625,15751800
2000-08-02,74.0465,76.1663,72.8879,73.0459,23578200
2000-08-03,70.992,76.8904,70.202,76.2058,35874700
2000-08-04,77.5224,78.1676,75.0999,75.9425,22283400
2000-08-07,76.5744,78.3914,76.0478,77.7331,15103300
2000-08-08,77.5751,79.4184,77.1011,79.313,14832300
2000-08-09,78.9444,79.5764,76.9958,77.2065,18649800
2000-08-10,77.3644,77.7199,75.4158,75.6791,15336200
2000-08-11,75.2052,76.772,74.0466,76.7325,21050600
2000-08-14,76.9958,78.3651,76.0083,78.3651,12539300
2000-08-15,78.1544,79.1946,77.5225,78.3651,14090300
2000-08-16,78.7337,79.787,77.5224,79.155,15245300
2000-08-17,78.3124,80.7876,78.2597,80.6823,14492400
2000-08-18,80.8403,81.4196,79.787,80.261,14706700
2000-08-21,80.893,81.6171,79.5237,80.4717,13560100
2000-08-22,80.893,82.0385,80.2742,80.4717,14878200
2000-08-23,79.7871,82.1043,79.0629,81.7883,21396400
2000-08-24,82.1042,83.1575,80.9456,83.0522,13567700
2000-08-25,82.9864,84.224,81.7356,82.6046,11764700
2000-08-28,82.7889,84.1318,82.5256,82.9995,12314200
2000-08-29,83.1049,83.5657,82.4598,83.4209,11162800
2000-08-30,82.8416,83.8422,82.3808,83.3156,10545300
2000-08-31,83.9475,85.9488,83.3155,85.6328,15588700
2000-09-01,86.7915,87.2259,85.2642,86.4755,14071900
2000-09-05,85.6328,85.7381,83.7764,83.8422,16348300
2000-09-06,83.6316,83.829,80.4717,80.893,20964900
2000-09-07,81.5776,83.7764,81.367,82.6836,16669700
2000-09-08,82.3807,82.5782,79.8528,80.1557,23475200
2000-09-11,79.629,80.9983,77.5224,78.2071,27262100
2000-09-12,78.7864,79.787,76.5481,76.9958,24256000
2000-09-13,76.0479,79.1024,75.8372,78.7864,34093100
2000-09-14,80.261,80.8403,78.0623,78.3651,28615300
2000-09-15,78.4704,78.8917,76.4165,76.9431,24994600
2000-09-18,77.3644,78.3651,74.1519,75.7318,29218500
2000-09-19,76.4691,79.0233,75.7318,78.523,27568700
2000-09-20,78.681,80.2478,76.9431,79.7343,33123200
2000-09-21,78.9971,79.6159,73.3093,73.9413,25031400
2000-09-22,73.8359,78.5757,73.7306,78.3124,33710100
2000-09-25,78.8917,79.4184,75.8372,76.2321,20560800
2000-09-26,76.4823,77.9437,74.9287,75.3632,26011200
2000-09-27,76.3638,76.8378,74.1519,75.4685,28482900
2000-09-28,74.7575,78.365,74.7575,77.1537,29050000
2000-09-29,77.5224,77.9043,74.7312,74.7839,27198800
2000-10-02,76.0478,76.0478,72.4666,73.0986,24968200
2000-10-03,74.2045,74.8365,70.1625,70.7813,35731200
2000-10-04,70.36,73.1907,69.2014,72.1506,37672100
2000-10-05,71.8346,73.4672,71.2553,72.3613,23443100
2000-10-06,72.0979,72.9406,68.4641,69.9387,36335800
2000-10-09,69.57,70.6233,66.8841,69.6227,28834600
2000-10-10,68.9381,70.2021,65.6202,65.9889,35283200
2000-10-11,64.7776,67.7926,64.0929,64.9356,48462600
2000-10-12,66.7789,67.0422,62.6973,63.303,53223600
2000-10-13,62.9343,68.7801,62.8817,68.4641,42410200
2000-10-16,68.3588,69.3594,67.2002,69.0961,27644900
2000-10-17,70.044,70.0835,65.7255,65.9362,52101400
2000-10-18,64.6722,68.4114,62.829,65.7255,64354400
2000-10-19,69.4252,71.7161,68.6221,71.6766,44278900
2000-10-20,71.2027,74.0465,71.1105,72.7299,40692200
2000-10-23,72.6246,73.7306,70.8867,72.6246,28989200
2000-10-24,72.8352,73.3092,69.412,69.5173,31466200
2000-10-25,68.4641,69.0961,64.7907,65.6202,48635400
2000-10-26,65.8835,67.4108,62.039,67.3055,69991300
2000-10-27,68.135,68.9776,65.2911,67.1738,51046400
2000-10-30,65.8835,67.3055,63.7901,64.6854,35496700
2000-10-31,65.7256,69.5701,65.6202,68.8459,43863800
2000-11-01,67.6741,69.7807,66.7262,68.2534,45186400
2000-11-02,69.2541,70.1494,68.3061,69.0961,26594300
2000-11-03,69.8334,70.7287,68.7932,69.9913,29837100
2000-11-06,70.4654,70.8867,69.0961,69.4648,23485800
2000-11-07,68.6221,69.4911,67.6215,69.2014,24334400
2000-11-08,69.2014,69.3067,63.7243,63.7901,40338200
2000-11-09,62.987,64.8302,61.5124,63.7769,64955900
2000-11-10,62.5657,63.7769,60.4591,60.4591,49235500
2000-11-13,59.7876,62.513,57.523,60.5512,75023400
2000-11-14,61.5124,64.0403,61.3017,63.9086,44829500
2000-11-15,63.6716,65.7782,63.0265,65.1989,37760900
2000-11-16,63.5136,64.8829,61.407,61.407,33898700
2000-11-17,61.6704,63.3556,59.8271,61.3675,49913800
2000-11-20,59.7744,60.7224,58.3525,58.866,46862300
2000-11-21,59.1425,59.9324,57.6679,58.7738,42128600
2000-11-22,57.6678,59.0898,56.0352,56.1406,56623700
2000-11-24,57.6152,59.5111,57.444,59.3531,19987900
2000-11-27,61.1437,61.4597,57.9312,58.6158,35416600
2000-11-28,58.0892,58.9318,55.0346,55.1531,48812700
2000-11-29,55.4559,56.2459,52.6647,53.0333,66189300
2000-11-30,52.0327,54.1393,50.9794,53.0728,74792600
2000-12-01,53.9813,56.2591,52.3487,53.9286,57112500
2000-12-04,54.034,55.0741,52.0327,54.7713,49106300
2000-12-05,55.6666,59.8271,55.1926,59.5638,76531800
2000-12-06,59.4848,60.9199,57.0886,57.2992,63352100
2000-12-07,56.4566,58.1287,55.1926,56.0352,41481100
2000-12-08,59.9061,61.9337,56.9832,57.2992,65856900
2000-12-11,60.7224,63.0133,59.7876,62.671,51829800
2000-12-12,61.9337,62.2497,60.0904,60.3801,31054500
2000-12-13,61.881,61.9337,57.5625,57.918,51661600
2000-12-14,57.7337,58.7211,54.9819,55.0873,41562700
2000-12-15,54.1393,55.2979,52.7174,53.8233,59026100
2000-12-18,54.9029,55.5876,52.7174,53.9286,42950000
2000-12-19,53.4678,55.4954,49.5048,49.8208,80489200
2000-12-20,48.2935,49.1888,46.1343,46.9637,81432100
2000-12-21,46.3581,49.5048,45.7129,47.2402,85875600
2000-12-22,48.5569,51.1901,48.4515,50.9794,57240000
2000-12-26,51.0584,52.1775,48.8728,51.2954,37082800
2000-12-27,50.2948,52.4014,49.6628,51.8747,33955500
2000-12-28,51.2164,52.6515,50.7688,51.7694,30996900
2000-12-29,51.8747,52.4409,48.8728,49.1888,49191000
2001-01-02,49.3468,49.4521,44.1857,45.0283,62514100
2001-01-03,43.975,54.9819,43.9487,52.612,118175700
2001-01-04,51.9274,53.6126,50.7556,51.664,58465400
2001-01-05,51.6641,51.6641,47.1876,47.7142,68782000
2001-01-08,47.4509,48.4515,45.0942,48.2409,55576500
2001-01-09,48.6622,49.8208,47.7142,48.2409,53318900
2001-01-10,47.2929,50.8741,46.9769,50.7161,74258300
2001-01-11,49.9393,53.6653,49.8735,52.1907,65451700
2001-01-12,52.8754,54.4553,51.8221,52.8622,60793900
2001-01-16,52.7174,53.0202,51.0321,52.2302,32203300
2001-01-17,54.35,55.2848,53.2045,53.8233,61388800
2001-01-18,54.034,56.2459,52.8227,56.0879,54934700
2001-01-19,57.4177,57.5625,55.2452,55.8772,56292500
2001-01-22,55.5086,56.4566,54.5607,55.9299,35777100
2001-01-23,55.5349,57.6415,55.0346,57.1017,49859500
2001-01-24,57.3519,58.2472,56.2459,56.5619,53905400
2001-01-25,56.3512,57.0227,54.2578,54.35,57151900
2001-01-26,53.56,55.5613,53.086,55.2321,45681400
2001-01-29,54.5606,56.6672,54.1393,56.4565,31514100
2001-01-30,56.5829,57.0801,55.6139,56.2459,42439300
2001-01-31,56.6672,57.2908,54.1814,54.1814,59322200
2001-02-01,54.3921,55.2853,53.5916,54.8977,45142600
2001-02-02,54.7207,55.0241,50.5581,51.8642,47471000
2001-02-05,51.5608,52.1591,50.6592,51.8221,36016300
2001-02-06,51.8136,53.1871,51.5356,51.9063,42417700
2001-02-07,50.9878,51.5693,49.3616,51.0637,61972200
2001-02-08,51.3165,51.822,49.3616,49.5385,48269500
2001-02-09,49.0835,49.3784,47.1876,47.5246,55385200
2001-02-12,47.3982,48.8223,46.8674,48.0976,50540400
2001-02-13,48.5779,49.8671,46.3281,46.5556,58914000
2001-02-14,46.682,48.6622,45.6034,48.4094,63048200
2001-02-15,49.5469,50.971,49.1256,49.2099,67801300
2001-02-16,47.1539,47.9207,45.9489,46.4545,66779700
2001-02-20,46.9685,47.0527,44.0698,44.6512,55298400
2001-02-21,43.4378,45.5613,42.907,43.3957,72349000
2001-02-22,43.3536,43.9518,41.1964,42.9744,103855500
2001-02-23,42.2076,43.48,40.6403,43.1261,93337900
2001-02-26,43.8844,44.3226,42.3424,43.9434,78342700
2001-02-27,43.4294,43.8845,41.2049,41.2891,66741700
2001-02-28,41.6683,42.3087,39.4859,39.983,102187900
2001-03-01,39.5786,41.4576,38.5505,41.1206,101773000
2001-03-02,39.7724,41.82,38.4663,39.3511,95927100
2001-03-05,40.0252,40.7498,39.6797,40.0673,43888400
2001-03-06,41.5419,42.6879,41.3734,41.6262,60828600
2001-03-07,42.4688,42.4941,41.2638,41.643,55215500
2001-03-08,41.584,41.9716,40.5307,40.8678,48965200
2001-03-09,39.8145,39.9156,37.8764,38.0028,79990900
2001-03-12,37.0759,37.8764,35.2221,35.6435,80674000
2001-03-13,36.0479,37.6995,35.5002,37.4551,80024400
2001-03-14,35.9805,38.0787,35.6519,36.8653,97190000
2001-03-15,38.0871,38.1798,35.4328,35.5171,74135500
2001-03-16,35.2896,36.0648,34.1773,34.7166,77784500
2001-03-19,34.9188,36.4524,34.3374,36.4524,53248200
2001-03-20,36.6041,36.9159,33.8739,34.0003,104796200
2001-03-21,34.1436,35.2222,33.461,34.0003,96200700
2001-03-22,34.211,36.0648,33.2757,36.0648,130208100
2001-03-23,36.6968,36.9327,34.9694,36.0648,95277500
2001-03-26,36.6294,36.6546,35.0115,35.2306,57666200
2001-03-27,35.2222,36.84,34.9019,36.444,69945300
2001-03-28,35.3064,35.5592,33.4358,33.4526,77863500
2001-03-29,33.183,34.2194,32.3572,32.8206,79654700
2001-03-30,33.1156,33.6886,32.0201,32.9892,63661300
2001-04-02,33.006,33.579,31.4303,31.5146,69713600
2001-04-03,31.346,31.8095,29.172,29.2057,89015700
2001-04-04,29.2479,30.1748,28.3125,28.6917,76473900
2001-04-05,30.3349,31.9864,30.0905,31.4387,87035800
2001-04-06,31.0932,31.2618,29.9135,30.2927,86123600
2001-04-09,31.0005,31.5061,30.2085,31.2196,51638700
2001-04-10,31.9359,34.093,31.8348,33.5369,94265100
2001-04-11,35.5255,35.812,34.0846,34.548,92829500
2001-04-12,33.9582,36.0648,33.7054,36.0648,79531500
2001-04-16,35.3401,35.753,33.756,33.9161,65229800
2001-04-17,33.6633,35.9805,33.6211,34.7587,94694300
2001-04-18,36.84,40.4465,36.4018,38.382,128891400
2001-04-19,38.8455,41.0784,38.4073,40.6993,110467600
2001-04-20,40.5982,41.6599,36.2755,40.7836,80598100
2001-04-23,39.5954,40.2106,37.8259,38.045,79317600
2001-04-24,38.0029,39.1151,36.8653,37.3287,88888300
2001-04-25,36.9917,38.4073,36.3176,38.0028,68418400
2001-04-26,38.677,38.9719,36.9664,37.0338,71110200
2001-04-27,38.045,38.3146,37.2782,38.045,55580000
2001-04-30,38.9719,40.0842,38.1714,38.8876,73859100
2001-05-01,38.9297,40.5139,38.2556,40.4886,54498300
2001-05-02,41.1206,41.6262,40.0252,41.2723,77566500
2001-05-03,40.3622,40.3622,38.9297,39.4353,67124900
2001-05-04,38.1714,40.615,38.0113,40.615,72673400
2001-05-07,40.4465,40.9521,39.6881,39.7724,45561600
2001-05-08,40.6993,40.7414,39.5954,40.615,56970700
2001-05-09,39.646,40.4044,39.132,39.2247,60984600
2001-05-10,40.3791,40.4886,38.5253,38.5674,61130300
2001-05-11,38.6264,39.1151,37.9944,38.382,48760400
2001-05-14,38.1714,38.2219,36.5282,37.7669,43108000
2001-05-15,37.8343,39.014,37.5647,38.045,69007600
2001-05-16,37.3372,40.042,37.1265,39.7302,80110500
2001-05-17,39.983,41.1122,39.8229,40.3622,73810700
2001-05-18,40.1431,40.7667,39.6797,40.4802,41095100
2001-05-21,40.5897,43.1008,40.1516,43.0165,85426900
2001-05-22,43.2356,43.7749,42.2834,42.8901,77233900
2001-05-23,42.5025,42.5109,40.9858,40.9942,65618000
2001-05-24,41.2639,42.1233,40.674,42.0475,61792500
2001-05-25,42.098,42.1486,40.4633,41.2807,36191100
2001-05-29,40.8678,40.8678,38.8455,38.8623,66609600
2001-05-30,38.2809,38.6348,37.1434,37.4383,81397400
2001-05-31,37.531,38.6348,37.3287,37.6911,68018300
2001-06-01,38.3736,38.955,37.354,38.8033,61874300
2001-06-04,39.0393,39.3173,38.1629,38.618,41696000
2001-06-05,39.014,40.7498,38.9297,40.3201,68146400
2001-06-06,40.5139,41.1964,39.6628,40.0083,61169500
2001-06-07,39.7134,41.702,39.6628,41.0363,65400200
2001-06-08,41.0532,41.0953,39.5617,39.8988,56391400
2001-06-11,39.5196,39.6038,38.3315,38.8033,48809400
2001-06-12,37.809,39.4353,37.2697,38.5927,78450500
2001-06-13,38.9887,39.3932,37.5141,37.5394,68535400
2001-06-14,37.0928,37.413,35.3907,35.6013,91050300
2001-06-15,35.2221,36.2923,34.784,35.8963,84589400
2001-06-18,35.93,36.3766,34.8851,35.416,63539100
2001-06-19,36.503,36.7052,34.7671,35.239,73386900
2001-06-20,34.8008,36.208,34.784,36.0395,83588600
2001-06-21,35.9552,37.2698,35.6435,36.5282,67212600
2001-06-22,36.7557,37.2445,35.8878,36.444,51870400
2001-06-25,36.7473,36.9074,35.9384,36.5367,39212100
2001-06-26,35.8457,36.9833,35.7951,36.6631,55155100
2001-06-27,36.8063,37.2023,36.2333,36.899,53289400
2001-06-28,37.413,39.0646,37.3709,37.3709,89963700
2001-06-29,37.9944,39.1994,37.6658,38.5084,59719600
2001-07-02,38.4663,39.1657,38.0787,38.2978,50884300
2001-07-03,38.1292,38.5,37.75,38.4579,24758400
2001-07-05,37.809,38.0702,36.6125,36.6125,44409800
2001-07-06,36.2417,36.326,34.9609,35.0958,53434800
2001-07-09,35.298,35.9721,34.9694,35.3991,45547500
2001-07-10,36.0311,36.1322,34.0425,34.1267,58620000
2001-07-11,34.0593,34.6323,33.5959,34.548,77840200
2001-07-12,35.9215,36.9327,35.6435,36.7389,70363300
2001-07-13,36.5535,37.4383,36.1491,36.3597,62474200
2001-07-16,36.5451,36.958,35.3064,35.6856,53390800
2001-07-17,35.239,36.5704,35.0031,36.4861,59813000
2001-07-18,35.6182,36.1069,34.666,35.0958,64797200
2001-07-19,35.7783,36.5282,35.18,35.93,76590200
2001-07-20,34.9609,35.5087,34.8514,35.0958,49012800
2001-07-23,35.5929,35.7277,34.1688,34.2194,55329400
2001-07-24,34.0256,34.4638,33.124,33.8318,70422900
2001-07-25,33.8234,34.3121,33.1998,34.1267,68859600
2001-07-26,34.0846,35.298,33.6886,34.6323,69199300
2001-07-27,35.0873,35.6098,34.8008,35.3485,47452900
2001-07-30,35.5002,35.6435,34.8851,35.1379,39459400
2001-07-31,35.2559,36.0479,34.9694,35.1885,55732500
2001-08-01,35.9215,36.6546,35.7362,36.3176,53864800
2001-08-02,36.899,37.0759,36.0816,37.0001,53187300
2001-08-03,36.6799,36.6799,35.8626,36.385,51513700
2001-08-06,35.8373,36.1069,35.6856,35.812,31105700
2001-08-07,35.4749,36.0816,35.3401,35.6266,38407500
2001-08-08,35.2643,35.9384,33.9582,34.1267,76045200
2001-08-09,34.0509,34.4469,33.6885,34.27,66861400
2001-08-10,34.0593,34.3374,33.0566,33.9413,68491900
2001-08-13,34.2026,34.8345,33.8739,34.6323,48425700
2001-08-14,34.9609,35.1379,34.1604,34.211,51267600
2001-08-15,34.2278,34.4891,32.9218,32.947,58935300
2001-08-16,32.5594,33.3599,32.0538,33.3347,68227300
2001-08-17,32.3909,32.6943,31.7758,31.8179,56649300
2001-08-20,31.8937,32.5679,31.6157,32.2561,49921300
2001-08-21,32.2645,32.5678,30.8826,30.9163,56445600
2001-08-22,31.5567,31.8853,30.7899,31.7589,65221400
2001-08-23,31.7421,32.4077,31.4303,31.4471,54711800
2001-08-24,31.9022,33.1914,31.8095,33.1156,58450600
2001-08-27,33.0987,33.6211,32.7195,33.1577,50927500
2001-08-28,33.1324,33.2335,32.0285,32.1212,65275500
2001-08-29,32.3319,32.3993,31.287,31.6494,59060500
2001-08-30,31.009,31.4387,30.1242,30.4781,76105800
2001-08-31,30.3601,31.2028,30.2843,30.8657,54309000
2001-09-04,30.7646,31.5988,29.7871,29.8883,74073600
2001-09-05,29.9051,30.259,28.776,29.7703,95461200
2001-09-06,29.2731,29.9304,28.4642,28.5653,88701800
2001-09-07,28.3294,29.5765,28.1019,28.3968,95528800
2001-09-10,28.2198,28.9192,28.0934,28.7338,80371300
2001-09-17,26.3324,27.6384,26.1975,26.2902,97700900
2001-09-18,26.5683,27.3856,25.5908,25.7004,66285300
2001-09-19,25.8183,26.1217,23.8129,25.2538,116632800
2001-09-20,24.6892,25.3549,24.2679,24.4111,90840200
2001-09-21,23.0966,24.4111,22.9197,23.7539,112341900
2001-09-24,24.5038,25.2791,24.0909,24.9504,85696500
2001-09-25,25.0347,25.6414,24.3943,25.0263,83860600
2001-09-26,25.2369,25.2791,23.9393,24.1583,59759800
2001-09-27,23.9308,24.2595,23.1051,23.9982,70050700
2001-09-28,24.3016,25.2116,23.855,24.4196,84810800
2001-10-01,24.31,24.4196,23.4674,24.2089,53460800
2001-10-02,24.1415,24.7819,23.9308,24.2847,74133400
2001-10-03,23.9477,26.6357,23.8719,26.1217,136198600
2001-10-04,26.6694,27.9755,26.0711,26.3745,127371500
2001-10-05,26.1217,26.8801,25.4981,26.7621,96443400
2001-10-08,26.2312,27.2592,26.088,26.8464,67789600
2001-10-09,26.8464,26.9812,26.0121,26.1975,57564800
2001-10-10,26.0121,27.4193,25.911,27.3856,73840600
2001-10-11,27.967,29.7029,27.9249,29.2394,117232200
2001-10-12,28.9277,29.3237,27.9249,29.113,111901600
2001-10-15,28.7507,29.1131,28.3631,28.9867,78322000
2001-10-16,29.2057,29.5765,28.7086,29.4585,81346800
2001-10-17,30.2253,30.3349,27.2171,27.3435,141530300
2001-10-18,27.5542,28.262,27.3014,28.085,94448200
2001-10-19,27.689,28.4389,26.9643,28.2704,73434200
2001-10-22,28.1777,29.0709,27.9923,29.0288,74104900
2001-10-23,29.3405,29.8293,28.6496,29.1804,104062200
2001-10-24,29.1552,30.0652,28.9192,29.8124,90171400
2001-10-25,29.2394,31.0258,28.8434,31.009,118551900
2001-10-26,30.7562,31.2281,30.3433,30.3433,93823900
2001-10-29,30.3349,30.4613,28.6833,28.6833,92146800
2001-10-30,28.4052,28.7254,27.6721,28.1272,96092200
2001-10-31,28.6833,29.4585,28.38,28.5653,106175500
2001-11-01,29.0204,29.9641,28.4642,29.7787,92716000
2001-11-02,29.7197,30.2085,29.3995,29.9978,64917700
2001-11-05,30.5539,31.3123,30.4697,30.9753,64473000
2001-11-06,30.8404,32.1887,30.6635,32.1802,107214900
2001-11-07,31.6915,32.7279,31.5988,32.1381,92562100
2001-11-08,32.4836,33.1998,31.3882,31.8095,105916300
2001-11-09,31.6746,32.0875,31.2786,31.7926,74121900
2001-11-12,31.1775,32.3151,30.5877,32.0201,112994400
2001-11-13,32.888,33.2841,32.551,33.1661,97931800
2001-11-14,33.6717,33.9076,32.6437,33.4021,88660100
2001-11-15,32.9976,33.7981,32.8206,33.2672,86349700
2001-11-16,33.2672,33.4358,32.7954,33.1745,64035500
2001-11-19,33.5284,34.1183,33.2757,34.1183,69196300
2001-11-20,33.7728,33.8992,32.4246,32.5426,85176500
2001-11-21,32.4162,32.8206,32.0033,32.374,60867900
2001-11-23,32.6605,33.2251,32.5004,33.0987,27046000
2001-11-26,33.3515,34.0088,32.8712,33.9161,75267500
2001-11-27,33.7475,34.5228,33.0313,33.8739,100289700
2001-11-28,33.4779,34.0172,32.6015,32.6521,101568200
2001-11-29,32.8881,33.7054,32.6858,33.6633,83774700
2001-11-30,33.4779,33.7391,33.1661,33.4105,66018200
2001-12-03,33.1071,33.3683,32.7532,32.8375,60449800
2001-12-04,33.1493,34.4132,32.3909,34.4048,79378700
2001-12-05,34.7166,36.3597,34.6492,36.1069,115773700
2001-12-06,35.9805,36.4356,35.694,36.1575,77702100
2001-12-07,35.7951,35.8963,34.666,35.1632,81632600
2001-12-10,34.8177,35.5845,34.4469,34.548,69088000
2001-12-11,34.9357,35.6098,34.6576,34.7418,66056500
2001-12-12,34.9693,35.3401,34.211,35.0199,76093400
2001-12-13,34.3037,34.548,33.5032,33.5032,79582600
2001-12-14,33.5959,34.093,33.3431,33.7981,70006300
2001-12-17,33.7223,34.7503,33.7223,34.3795,62295500
2001-12-18,34.6829,34.9694,33.8402,34.7671,50850400
2001-12-19,34.1773,34.8177,33.975,34.1351,79596200
2001-12-20,33.7897,33.9582,32.5931,32.6858,83048800
2001-12-21,33.2167,33.461,32.9892,33.2672,56205000
2001-12-24,33.3178,33.3936,32.9892,33.1324,13660400
2001-12-26,33.1745,33.9582,32.9976,33.4442,37672900
2001-12-27,33.579,33.8739,33.3683,33.7138,34255200
2001-12-28,33.9498,34.3795,33.8992,33.9835,38240400
2001-12-31,33.9666,34.0846,32.7869,32.7869,46176900
2002-01-02,33.3431,33.8318,32.8038,33.7981,61708800
2002-01-03,33.9666,35.0115,33.9245,34.9693,85769100
2002-01-04,35.3485,35.635,34.4891,35.1126,86876900
2002-01-07,35.4834,35.5761,33.7981,34.725,75166200
2002-01-08,34.6323,35.1969,34.4132,34.9609,66956800
2002-01-09,35.4244,35.8963,34.4638,34.6408,85123000
2002-01-10,34.6913,35.0031,34.2784,34.8682,75548000
2002-01-11,34.843,35.0536,34.1014,34.4216,60832900
2002-01-14,34.1183,34.2784,33.4526,33.6717,71310700
2002-01-15,33.7307,34.3374,33.3347,33.9919,66916100
2002-01-16,33.3094,33.6549,32.669,32.6774,90942000
2002-01-17,33.2672,33.6801,32.8712,33.4105,75285900
2002-01-18,32.7195,33.242,32.2055,32.5173,81985600
2002-01-22,32.8628,32.8796,31.4556,31.5146,81773800
2002-01-23,31.7252,32.6016,31.4724,32.3825,74968800
2002-01-24,32.8122,33.2925,32.669,32.8122,77251200
2002-01-25,32.4162,32.9892,32.3235,32.7195,58832100
2002-01-28,32.9892,33.1914,32.374,32.9049,47795900
2002-01-29,32.9723,33.1998,31.6072,32.0033,83339800
2002-01-30,32.0201,32.7364,31.0511,32.2476,101385500
2002-01-31,32.5004,32.6521,32.037,32.4499,69655500
2002-02-01,32.3572,32.7616,31.7673,32.1381,61207100
2002-02-04,31.9864,32.0791,30.8489,31.1101,82763300
2002-02-05,30.832,31.4556,30.495,30.5961,86853800
2002-02-06,31.0427,31.0848,30.0821,30.3854,98507600
2002-02-07,30.3264,30.7983,29.4922,29.6523,97725900
2002-02-08,29.8798,30.5371,29.467,30.4781,80483100
2002-02-11,30.4528,31.009,30.318,30.8657,57641200
2002-02-12,30.5961,31.1606,30.3686,30.6129,51477700
2002-02-13,30.9416,31.3039,30.8489,31.1354,60984700
2002-02-14,31.3039,31.6578,30.3349,31.0764,77482300
2002-02-15,31.0342,31.1017,30.0315,30.1495,79719900
2002-02-19,29.804,29.8798,28.9192,29.2226,72437200
2002-02-20,29.408,29.6355,28.5906,29.6186,106552700
2002-02-21,29.3153,29.4501,28.2114,28.2114,109307800
2002-02-22,28.321,28.8181,27.8828,28.3547,99824200
2002-02-25,28.6496,29.7029,28.6075,29.5007,88994700
2002-02-26,29.686,29.8546,28.9614,29.3911,94683300
2002-02-27,29.8209,29.922,28.7002,28.9867,95159300
2002-02-28,29.0793,29.4669,28.4389,28.4642,95711200
2002-03-01,28.776,30.1242,28.7254,30.1158,86081600
2002-03-04,30.0821,31.3713,29.8293,31.3039,105734600
2002-03-05,31.1185,31.9106,31.0174,31.5314,91452600
2002-03-06,31.2449,31.978,30.8404,31.6831,86943400
2002-03-07,32.1213,32.2982,31.1859,31.7505,85496000
2002-03-08,32.2139,32.888,32.1297,32.5847,84443700
2002-03-11,32.315,33.0229,32.0707,32.4667,71035200
2002-03-12,31.6578,32.0201,31.4471,32.0201,82652100
2002-03-13,31.523,31.7336,31.068,31.2449,71376200
2002-03-14,31.2281,31.5145,30.95,31.0595,70700500
2002-03-15,31.0848,31.4556,30.832,31.3713,63966500
2002-03-18,31.7084,31.9696,31.2196,31.5483,78938300
2002-03-19,31.6831,31.919,31.3629,31.4977,58947600
2002-03-20,31.0679,31.2449,30.3686,30.3854,61816500
2002-03-21,30.4613,31.2955,30.2506,31.1944,89198800
2002-03-22,31.1269,31.2955,30.7309,30.9079,58930100
2002-03-25,30.9163,31.0933,29.9304,29.9641,87421900
2002-03-26,29.8461,30.6888,29.8293,30.2422,92457500
2002-03-27,30.0231,30.3349,29.8293,30.0062,64531800
2002-03-28,30.3517,30.6466,30.2506,30.3854,59539400
2002-04-01,30.1663,31.0932,29.745,30.9668,70730500
2002-04-02,30.318,30.4613,29.4922,29.5681,77759800
2002-04-03,29.745,29.8714,28.9024,29.5175,85766400
2002-04-04,29.0709,29.627,28.8855,29.29,90521500
2002-04-05,29.5007,29.6355,28.8013,28.9614,68426000
2002-04-08,28.203,29.3237,28.1609,29.3237,74950700
2002-04-09,29.3069,29.4754,28.2199,28.3041,80910200
2002-04-10,28.4473,28.8602,27.9165,28.5148,85748700
2002-04-11,28.3631,28.5232,27.7058,27.807,90665600
2002-04-12,28.0766,28.4811,27.7648,28.2451,78360100
2002-04-15,28.4811,28.6159,27.9755,28.4726,69306800
2002-04-16,29.0119,29.6776,28.9951,29.6607,72064700
2002-04-17,29.8293,29.9135,29.1973,29.5091,69130100
2002-04-18,29.3069,29.6186,28.6496,28.9445,91086100
2002-04-19,29.5344,29.5428,28.9698,29.0372,62286800
2002-04-22,28.658,28.658,28.0176,28.3041,64625600
2002-04-23,28.3041,28.599,27.5542,27.8154,73070300
2002-04-24,27.9839,28.0682,27.1328,27.3856,68953900
2002-04-25,27.2171,27.5794,26.9643,27.3182,103073700
2002-04-26,27.5205,27.6216,26.1301,26.1554,100193400
2002-04-29,26.3239,26.5851,25.7509,26.2228,85326800
2002-04-30,26.147,27.1244,26.0711,26.7368,95357900
2002-05-01,26.6863,26.8295,25.7678,26.5936,109975700
2002-05-02,26.4503,26.9559,25.6667,25.7088,85852200
2002-05-03,25.6751,25.7088,24.8409,25.06,92103200
2002-05-06,24.9673,25.2622,24.31,24.4111,96491200
2002-05-07,24.6639,24.7313,23.9477,24.1836,101954400
2002-05-08,25.3886,26.8632,25.2791,26.7705,129741500
2002-05-09,26.602,26.8716,25.9532,26.0796,106477200
2002-05-10,26.1301,26.1975,24.8577,24.9083,112282800
2002-05-13,25.1695,26.1048,25.001,25.9195,93971200
2002-05-14,27.0065,27.512,26.8548,27.4446,107284700
2002-05-15,27.0317,28.3378,26.8379,27.6469,150522100
2002-05-16,27.4193,27.8491,27.1497,27.689,89916300
2002-05-17,28.0513,28.1524,27.3604,27.748,82695000
2002-05-20,27.4699,27.5542,26.9138,27.1413,78144200
2002-05-21,27.2677,27.4615,26.1217,26.3998,104180000
2002-05-22,26.0964,26.6188,25.6245,26.4587,89543100
2002-05-23,26.6525,27.0486,25.9532,26.9896,94445800
2002-05-24,26.6188,26.7031,26.1301,26.3239,55874600
2002-05-28,26.5177,26.5599,25.6919,26.206,68829400
2002-05-29,25.8352,26.0374,25.4813,25.515,73470200
2002-05-30,25.2875,25.8858,25.1948,25.7341,92080500
2002-05-31,25.9195,26.1554,25.279,25.3128,79907400
2002-06-03,25.2791,25.4897,24.2595,24.4196,77043700
2002-06-04,24.2258,25.0094,24.1078,24.7398,98366200
2002-06-05,24.7903,25.1105,24.4111,24.9926,95347100
2002-06-06,24.8662,24.8662,23.5095,24.3353,91129700
2002-06-07,23.282,24.2595,23.1893,23.8466,106049200
2002-06-10,23.8971,24.2258,23.7117,23.8044,73142900
2002-06-11,24.0994,24.1752,23.0545,23.1388,84609500
2002-06-12,22.9534,23.5601,22.6079,23.4758,152974400
2002-06-13,23.3915,23.7707,23.0461,23.3241,97556300
2002-06-14,22.6332,23.3578,22.077,23.2736,122106800
2002-06-17,23.5938,24.2258,23.5179,24.0657,87618100
2002-06-18,23.855,24.5628,23.8297,24.4533,100513400
2002-06-19,23.678,23.8634,22.9618,23.0376,93507600
2002-06-20,22.9787,23.1303,21.6304,22.2961,99913200
2002-06-21,22.2119,22.5658,21.6136,21.7568,168755100
2002-06-24,21.4451,22.5826,21.2428,22.1866,219672100
2002-06-25,22.3972,22.5152,21.3187,21.4535,136336400
2002-06-26,20.5856,21.7231,20.5519,21.6136,149080300
2002-06-27,21.9085,22.1192,21.0827,22.0855,121371100
2002-06-28,21.9506,22.5405,21.7821,21.9928,87842000
2002-07-01,21.8832,22.0265,20.8805,20.9395,64753900
2002-07-02,20.7288,20.8552,19.4564,20.1811,111629600
2002-07-03,20.0969,20.8552,19.903,20.8552,101067000
2002-07-05,21.285,22.2371,21.108,22.195,56768300
2002-07-08,22.077,22.372,21.1333,21.3861,97288500
2002-07-09,21.2765,21.4703,20.7204,20.7794,91039600
2002-07-10,21.0574,21.0912,20.08,20.139,115365200
2002-07-11,20.021,20.9732,19.8272,20.8974,170271200
2002-07-12,21.2765,21.5041,20.6867,20.8974,130027800
2002-07-15,20.7962,21.6052,20.0126,21.5462,140207200
2002-07-16,21.2765,21.9254,20.9816,21.226,148281700
2002-07-17,21.9675,22.2793,20.9732,21.6136,157954700
2002-07-18,21.3861,21.5462,20.6614,20.8384,114052300
2002-07-19,20.5013,20.8215,20.0547,20.2148,124116400
2002-07-22,20.0968,20.6446,19.4564,19.7177,150034800
2002-07-23,19.7598,20.0126,18.7739,18.875,150786800
2002-07-24,18.3779,19.9368,18.2346,19.903,186493600
2002-07-25,19.5913,19.7177,18.3694,18.7486,153915500
2002-07-26,19.0098,19.2458,18.5464,19.1025,96034200
2002-07-29,19.6081,20.3244,19.448,20.08,96735200
2002-07-30,19.9957,20.8047,19.8778,20.4845,117394300
2002-07-31,20.2232,20.3833,19.684,20.0968,93831300
2002-08-01,20.0042,20.139,19.0941,19.1531,85149700
2002-08-02,19.1952,19.2458,18.3863,18.7486,86706000
2002-08-05,18.6307,18.8076,17.9481,18.0661,84897800
2002-08-06,18.3694,19.389,18.361,18.9593,115364600
2002-08-07,19.5491,19.6924,18.5043,19.2121,125677100
2002-08-08,19.1699,19.8862,18.7908,19.8609,111697900
2002-08-09,19.5491,19.9789,19.2795,19.6587,93576900
2002-08-12,19.4227,19.7851,19.2963,19.7177,62870900
2002-08-13,19.5744,20.1137,19.0014,19.0436,88434400
2002-08-14,19.1025,20.3918,18.934,20.2569,102613500
2002-08-15,20.4255,20.6867,19.9873,20.6698,120307800
2002-08-16,20.3328,21.0659,19.9957,20.8131,95853000
2002-08-19,20.8721,21.563,20.7962,21.3187,76015900
2002-08-20,21.2175,21.4282,20.9395,21.226,89981300
2002-08-21,21.3945,21.7821,21.0659,21.6979,101365500
2002-08-22,21.6894,22.0855,21.4198,22.0433,80345500
2002-08-23,21.74,21.7484,21.0237,21.1923,75211200
2002-08-26,21.3187,21.3945,20.7373,21.2765,83335400
2002-08-27,21.4282,21.4956,20.3496,20.535,92340400
2002-08-28,20.2401,20.2991,19.7092,19.7851,115562300
2002-08-29,19.5491,20.4086,19.3975,20.0463,97028200
2002-08-30,19.903,20.2232,19.7008,19.7935,59474900
2002-09-03,19.4312,19.7429,18.8245,19.0773,81828100
2002-09-04,18.9593,19.3975,18.7402,19.1531,82717600
2002-09-05,18.875,18.9593,18.479,18.6812,91576600
2002-09-06,19.0941,19.566,19.0436,19.2542,86008800
2002-09-09,19.1025,19.6924,18.8666,19.448,72679500
2002-09-10,19.5744,19.9452,19.4059,19.9283,74615800
2002-09-11,20.3244,20.5182,19.7345,19.7598,73902800
2002-09-12,19.5744,19.5997,19.1362,19.2205,70763500
2002-09-13,19.0436,19.448,18.9761,19.3722,79716100
2002-09-16,19.2626,19.3806,18.8497,19.0941,58853600
2002-09-17,19.4227,19.5576,18.6896,18.6896,89139700
2002-09-18,18.5464,19.0014,18.3526,18.479,92358300
2002-09-19,18.2852,18.6475,18.1588,18.1841,86247700
2002-09-20,18.3947,18.4537,18.0998,18.2599,78116900
2002-09-23,18.0745,18.1335,17.5352,17.7122,72757500
2002-09-24,17.4257,18.0745,17.4004,17.7206,91507300
2002-09-25,17.9903,18.5717,17.7796,18.4284,98051900
2002-09-26,18.6728,18.8161,18.0071,18.2009,104453500
2002-09-27,18.1588,18.7149,17.9566,17.9566,92249700
2002-09-30,17.7543,17.8976,17.2656,17.4594,91502500
2002-10-01,17.6195,18.5295,17.2487,18.5211,102096000
2002-10-02,18.1251,18.5127,17.6701,17.906,94829700
2002-10-03,17.7459,18.0324,17.4257,17.4763,74354800
2002-10-04,17.6448,17.7122,16.9454,17.1476,81837100
2002-10-07,17.0718,17.3499,16.7263,16.9875,79861800
2002-10-08,17.0886,17.3667,16.6505,17.0212,94103100
2002-10-09,16.8021,17.2993,16.7179,16.9033,103301000
2002-10-10,16.937,17.8723,16.7769,17.7628,109610500
2002-10-11,18.1588,18.8582,18.0492,18.7234,124777400
2002-10-14,18.4284,18.9593,18.3526,18.9424,78890300
2002-10-15,19.7514,19.9115,19.5323,19.8525,118176000
2002-10-16,19.1362,19.5154,18.597,19.1952,97441900
2002-10-17,19.8862,20.0631,19.0267,19.8441,95754500
2002-10-18,19.6165,20.0968,19.3216,20.0631,84941900
2002-10-21,19.8188,20.6024,19.6334,20.4676,85311500
2002-10-22,19.9957,20.5097,19.9283,20.3412,89947000
2002-10-23,20.0969,20.7541,19.9452,20.7288,88093500
2002-10-24,20.7962,20.9479,20.1558,20.2064,88674800
2002-10-25,20.2148,20.8552,20.2148,20.8131,71557300
2002-10-28,21.0659,21.0996,20.3665,20.6361,90272000
2002-10-29,20.4845,20.6193,19.6924,20.1558,90293800
2002-10-30,20.2738,20.8889,20.0968,20.6951,103531100
2002-10-31,20.7794,21.0996,20.5266,20.6867,81493100
2002-11-01,20.535,21.4029,20.3412,21.2765,86658400
2002-11-04,21.9506,22.5995,21.74,21.8242,110562400
2002-11-05,21.6641,22.0518,21.5377,21.9928,79603300
2002-11-06,22.1529,22.4225,21.6052,22.3045,116251700
2002-11-07,21.9001,21.9928,21.3271,21.5209,82711600
2002-11-08,21.4788,21.799,21.0322,21.1249,76937600
2002-11-11,21.0237,21.0827,20.3496,20.4845,74384300
2002-11-12,20.5603,21.4029,20.5603,21.0069,88748800
2002-11-13,20.8131,21.6557,20.6361,21.2597,119341800
2002-11-14,21.5546,22.2624,21.504,21.9928,85720100
2002-11-15,21.8242,22.2877,21.6979,22.2793,69291300
2002-11-18,22.5068,22.5573,21.9001,21.9506,76238000
2002-11-19,21.74,21.9506,21.3187,21.6136,88139200
2002-11-20,21.5378,22.5405,21.5209,22.5321,75104700
2002-11-21,22.6922,23.459,22.5405,23.3663,105472900
2002-11-22,23.0629,23.5432,23.0208,23.3578,73808600
2002-11-25,23.3916,23.7623,23.2062,23.5854,72666100
2002-11-26,23.4084,23.4842,22.6669,22.7933,80017900
2002-11-27,23.1977,23.7623,23.1556,23.5179,73643900
2002-11-29,23.7707,23.8381,22.9365,23.3578,34652100
2002-12-02,23.9477,24.2595,23.2314,23.5938,85136000
2002-12-03,23.2146,23.2399,22.6922,22.8944,76595500
2002-12-04,22.3804,22.709,22.0855,22.3888,130115900
2002-12-05,22.709,22.7511,22.018,22.077,84933200
2002-12-06,21.7484,22.5152,21.6894,22.3045,81727900
2002-12-09,22.0939,22.372,21.2344,21.2513,75855200
2002-12-10,21.4198,21.8664,21.3608,21.5715,69578300
2002-12-11,21.4366,21.9675,21.3355,21.6726,64237600
2002-12-12,21.9085,22.4899,21.5378,21.7905,62296400
2002-12-13,21.5041,21.5462,21.0743,21.0996,72647800
2002-12-16,21.2513,21.8748,21.1249,21.7821,60278500
2002-12-17,21.7484,22.077,21.622,21.8495,62562700
2002-12-18,21.5293,21.5715,21.108,21.3861,67130700
2002-12-19,21.2091,21.7231,20.9058,21.1164,95969700
2002-12-20,21.3439,21.4451,21.1249,21.3355,65578600
2002-12-23,21.2176,21.7063,21.1754,21.6304,45941700
2002-12-24,21.4872,21.681,21.3355,21.3608,16772700
2002-12-26,21.5125,21.8327,21.2091,21.3018,33795400
2002-12-27,21.2176,21.7821,20.8552,20.9142,42490200
2002-12-30,20.931,21.0406,20.5266,20.7541,57396400
2002-12-31,20.6783,20.8215,20.4592,20.535,46015400
2003-01-02,20.8299,21.5293,20.6024,21.4029,65903200
2003-01-03,21.4535,21.6642,21.3018,21.6389,39059500
2003-01-06,21.6641,22.4057,21.2344,22.1782,67223400
2003-01-07,22.254,22.6922,22.1192,22.4562,88726100
2003-01-08,22.2371,22.7259,21.7737,21.8242,74989900
2003-01-09,22.1107,22.7343,22.0939,22.4984,75391100
2003-01-10,22.2034,22.9702,22.0939,22.8354,82594300
2003-01-13,23.0292,23.1472,22.5236,22.7006,72870300
2003-01-14,22.6753,23.0208,22.6248,22.8186,46993800
2003-01-15,22.9534,23.0461,22.3972,22.5321,55131000
2003-01-16,22.5742,22.7343,22.1192,22.2793,68740300
2003-01-17,21.8242,21.858,21.2934,21.3271,77289400
2003-01-21,21.4114,21.5293,21.0827,21.0912,67729600
2003-01-22,21.0322,21.5125,20.9563,21.0069,80020200
2003-01-23,21.4029,21.7737,21.1586,21.4956,78471100
2003-01-24,21.5125,21.5125,20.7625,20.9142,74519700
2003-01-27,20.6024,21.0912,20.535,20.6698,76561000
2003-01-28,20.8721,21.108,20.5772,20.8805,65217200
2003-01-29,20.8636,21.4451,20.5097,21.1923,95717500
2003-01-30,21.3355,21.4198,20.6361,20.6446,70333800
2003-01-31,20.2738,20.8636,20.2317,20.594,90505600
2003-02-03,20.6614,20.8889,20.5434,20.6361,53158800
2003-02-04,20.3749,20.476,20.0716,20.3833,68235700
2003-02-05,20.5013,20.9479,20.2317,20.2907,80107700
2003-02-06,20.2569,20.5182,20.1053,20.4002,103552000
2003-02-07,20.5266,20.6024,19.9283,20.0631,72312400
2003-02-10,20.1306,20.4339,19.903,20.2401,67572600
2003-02-11,20.4339,20.7372,20.1558,20.3496,77823300
2003-02-12,20.2822,20.5013,20.0379,20.0716,51753000
2003-02-13,20.0969,20.2064,19.6503,20.1727,77387400
2003-02-14,20.08,20.6446,19.903,20.6361,67510400
2003-02-18,20.8131,21.3524,20.7962,21.2765,73976800
2003-02-19,21.2344,21.2681,20.8215,21.1333,45541400
2003-02-20,21.1923,21.2934,20.9311,21.049,59759800
2003-02-21,21.0069,21.3776,20.653,21.2091,70228500
2003-02-24,21.1754,21.2428,20.8215,20.8468,56646600
2003-02-25,20.6024,21.0238,20.2907,20.8721,74440700
2003-02-26,20.7962,21.0153,20.3918,20.4086,60005600
2003-02-27,20.5772,20.9985,20.4508,20.8721,66424000
2003-02-28,20.9058,21.2513,20.8299,21.2007,50185800
2003-03-03,21.2934,21.4703,20.6951,20.771,60414400
2003-03-04,20.7794,20.8721,20.5772,20.6446,56043500
2003-03-05,20.5603,20.8805,20.4929,20.6867,69096500
2003-03-06,20.5856,20.7962,20.417,20.6361,59108600
2003-03-07,20.2906,20.8047,20.1895,20.6783,73291000
2003-03-10,20.5013,20.6024,20.1474,20.2317,55948000
2003-03-11,20.2738,20.4255,20.0379,20.0547,54934200
2003-03-12,20.021,20.4255,19.8356,20.417,77859800
2003-03-13,20.7625,21.6136,20.5603,21.5883,128537600
2003-03-14,21.681,21.8917,21.3692,21.6726,89794400
2003-03-17,21.4282,22.5826,21.3608,22.4141,141040800
2003-03-18,22.5826,22.7259,22.2624,22.6922,96548700
2003-03-19,22.6248,22.709,22.1866,22.4984,91315100
2003-03-20,22.3635,22.8691,22.0518,22.5826,92789700
2003-03-21,22.9281,23.0714,22.077,22.8944,93304600
2003-03-24,22.3045,22.4141,21.8832,21.9422,85244500
2003-03-25,22.0349,22.5489,21.9169,22.254,78731500
2003-03-26,22.3298,22.5574,22.2119,22.3804,67880200
2003-03-27,22.136,22.4562,21.9928,22.2203,64113100
2003-03-28,22.0265,22.2708,21.8664,21.9759,45374700
2003-03-31,21.5715,21.681,21.2428,21.2765,89345300
2003-04-01,21.4366,21.6304,21.2765,21.4451,73159500
2003-04-02,21.9591,22.3804,21.9338,22.0349,75843800
2003-04-03,22.4478,22.6248,22.1697,22.313,70138200
2003-04-04,22.3888,22.4141,21.8832,21.9506,65665700
2003-04-07,22.8438,22.9197,21.9675,21.9843,83842700
2003-04-08,22.0349,22.1529,21.8074,21.9591,54250600
2003-04-09,21.9928,22.1444,21.4114,21.4535,76457100
2003-04-10,21.4535,21.7147,21.3187,21.7147,57017500
2003-04-11,21.9254,22.0433,21.3692,21.4956,67974500
2003-04-14,21.5715,22.0265,21.4788,21.9338,52476200
2003-04-15,21.8832,22.2961,21.7821,22.1445,64655700
2003-04-16,22.4562,22.6079,22.0096,22.0939,70711600
2003-04-17,22.0433,22.7343,22.0349,22.5995,70179900
2003-04-21,22.7006,22.8354,22.4309,22.6837,52729600
2003-04-22,22.5236,23.1388,22.4562,23.1135,70757200
2003-04-23,23.1725,23.3831,22.9702,23.282,70327100
2003-04-24,23.0545,23.3831,22.9787,23.1556,72383900
2003-04-25,23.0208,23.1051,22.6332,22.709,63277900
2003-04-28,22.7933,23.282,22.709,23.1556,59666200
2003-04-29,23.2904,23.6443,23.0966,23.3663,79903800
2003-04-30,23.2989,23.4168,23.1135,23.1303,60202100
2003-05-01,23.1219,23.4842,22.9112,23.3326,66022600
2003-05-02,23.2652,23.8381,23.2314,23.8297,85004100
2003-05-05,23.8718,24.192,23.737,23.8044,80520300
2003-05-06,23.7792,24.3521,23.7707,24.1078,77338300
2003-05-07,23.9393,24.1752,23.6949,23.8382,70353200
2003-05-08,23.4674,23.7539,23.3915,23.4,80249100
2003-05-09,23.6275,23.9982,23.5938,23.9393,58528200
2003-05-12,23.8971,24.4027,23.737,24.3016,67487300
2003-05-13,24.1246,24.428,24.0488,24.1499,64934300
2003-05-14,24.3269,24.4111,23.8971,24.0994,62181200
2003-05-15,24.2258,24.4196,24.0657,24.369,62232100
2003-05-16,24.2089,24.3859,23.9982,24.1836,70590400
2003-05-19,24.032,24.1668,23.2652,23.3326,91334800
2003-05-20,23.3915,23.5601,23.0966,23.4,71817800
2003-05-21,23.2989,23.3831,23.1219,23.3326,63648500
2003-05-22,23.3916,23.8634,23.2736,23.6696,62401400
2003-05-23,23.6275,23.8044,23.5517,23.6781,37922500
2003-05-27,23.5348,24.6218,23.5095,24.5207,101422100
2003-05-28,24.5712,24.7735,24.4027,24.5965,76290400
2003-05-29,24.6302,25.1105,24.5712,24.6976,97336000
2003-05-30,24.883,25.1695,24.8156,25.1021,78093700
2003-06-02,25.3465,25.4476,24.6976,24.9251,102937000
2003-06-03,24.8072,25.1779,24.7145,25.1611,81672600
2003-06-04,25.119,25.7678,25.0431,25.633,87046100
2003-06-05,25.3886,25.8521,25.2538,25.8183,88747900
2003-06-06,26.2986,26.5177,25.3128,25.3886,157178100
2003-06-09,25.279,25.4644,24.883,25.0515,94941800
2003-06-10,25.1611,25.4476,25.0094,25.4307,69660100
2003-06-11,25.338,25.8183,25.1105,25.7172,87338200
2003-06-12,25.8183,25.911,25.4981,25.8268,79450500
2003-06-13,25.8352,25.8942,25.1611,25.2453,83353600
2003-06-16,25.4223,26.0374,25.279,26.0206,71211800
2003-06-17,26.1385,26.2144,25.7509,25.9195,67571200
2003-06-18,25.8352,26.3155,25.6582,26.0543,80215700
2003-06-19,26.1048,26.3239,25.5993,25.633,79467200
2003-06-20,25.8605,25.9363,25.4897,25.5993,71512400
2003-06-23,25.5571,25.5908,24.9083,25.2032,86509400
2003-06-24,25.0515,25.3886,24.883,25.0094,83004400
2003-06-25,25.001,25.4307,24.8325,24.8746,94255300
2003-06-26,25.0347,25.515,24.9504,25.4644,79187500
2003-06-27,25.4897,25.7594,25.0853,25.1358,82451900
2003-06-30,25.4139,25.5656,25.1105,25.2369,72043000
2003-07-01,25.0263,25.5993,24.6555,25.574,105852500
2003-07-02,25.6245,26.1133,25.5993,26.0964,81972500
2003-07-03,25.8689,26.206,25.6751,25.7678,50050400
2003-07-07,26.0964,26.88,26.088,26.8716,88554600
2003-07-08,26.779,27.2255,26.6441,27.2003,81874500
2003-07-09,27.116,27.3772,26.9053,27.1328,89588400
2003-07-10,26.8379,26.9559,26.3998,26.6273,102928700
2003-07-11,26.6694,26.9559,26.6357,26.8295,67728100
2003-07-14,27.2508,27.5963,27.0233,27.1497,84524600
2003-07-15,27.4109,27.512,26.9138,27.1834,75059000
2003-07-16,27.3519,27.3856,26.7368,27.0991,80138700
2003-07-17,26.6947,26.8295,26.1554,26.2734,116260400
2003-07-18,26.4587,26.5851,26.0543,26.3576,80519000
2003-07-21,26.3239,26.3745,25.7931,26.0206,111325300
2003-07-22,26.2144,26.543,26.0037,26.4082,91471500
2003-07-23,26.4503,26.661,26.1133,26.6273,69050400
2003-07-24,26.8379,26.9812,26.1891,26.2734,82999700
2003-07-25,26.2312,26.8295,25.9279,26.7958,82709600
2003-07-28,26.8463,26.9559,26.6273,26.8716,56180800
2003-07-29,26.9053,26.9812,26.3239,26.6694,80560100
2003-07-30,26.72,26.7452,26.3998,26.4756,56617300
2003-07-31,26.7874,27.2424,26.5599,26.7958,85544100
2003-08-01,26.7031,26.7874,26.3745,26.5093,73545400
2003-08-04,26.4756,26.7958,25.9869,26.5009,96344600
2003-08-05,26.4672,26.5261,25.3633,25.456,111041800
2003-08-06,25.5824,25.9279,25.3633,25.4392,96816000
2003-08-07,25.4644,25.7088,25.2959,25.5403,67326600
2003-08-08,25.6414,25.7425,25.2201,25.338,66677100
2003-08-11,25.3465,25.7846,25.3043,25.6161,63712200
2003-08-12,25.7088,26.0374,25.5571,26.0037,59676100
2003-08-13,26.1048,26.1807,25.8268,26.0121,57969700
2003-08-14,26.0206,26.2818,25.8436,26.0374,50271500
2003-08-15,26.1217,26.366,26.0627,26.2649,28116300
2003-08-18,26.3829,26.9727,26.3155,26.939,67224100
2003-08-19,27.057,27.2845,26.8379,27.2761,68205000
2003-08-20,27.0486,27.4025,26.9812,27.2087,58233500
2003-08-21,27.4615,27.6553,27.1918,27.5036,77161400
2003-08-22,28.026,28.1187,27.2845,27.3351,92989800
2003-08-25,27.2677,27.4193,27.1413,27.3941,43044700
2003-08-26,27.2003,27.4615,26.8042,27.4194,79838500
2003-08-27,27.3772,27.6637,27.2761,27.6384,47532100
2003-08-28,27.7564,27.9081,27.4025,27.8828,55311000
2003-08-29,27.8407,28.1946,27.7901,28.1356,53148800
2003-09-02,28.2198,28.5569,27.9165,28.54,80303100
2003-09-03,28.7339,28.8181,28.3547,28.5232,85234800
2003-09-04,28.5063,28.835,28.3968,28.7844,63736100
2003-09-05,28.6243,28.9361,28.3715,28.599,91024100
2003-09-08,28.6496,29.0962,28.6075,29.0709,69296000
2003-09-09,28.9192,28.9782,28.5822,28.7254,87817500
2003-09-10,28.4389,28.5569,27.8996,28.0345,111624500
2003-09-11,28.0429,28.4642,27.8154,28.3462,96914900
2003-09-12,28.0935,28.5148,27.8491,28.4979,104963000
2003-09-15,28.5148,28.5738,28.1777,28.2199,54594200
2003-09-16,28.2451,29.0119,28.2451,28.9867,87463800
2003-09-17,28.9277,29.0709,28.6749,28.8687,79794700
2003-09-18,28.7928,29.3742,28.6496,29.3068,91469900
2003-09-19,29.3153,29.3743,28.9529,29.1383,69796000
2003-09-22,28.7591,28.8181,28.4558,28.5822,97477500
2003-09-23,28.6243,29.1214,28.5737,29.0877,77826500
2003-09-24,29.0793,29.0878,27.9502,27.9923,115057400
2003-09-25,28.1272,28.4305,27.6047,27.63,117604800
2003-09-26,27.7143,27.9502,27.4025,27.453,106581000
2003-09-29,27.6047,27.9502,27.3435,27.9249,96862800
2003-09-30,27.7395,27.7732,27.2677,27.3182,119122500
2003-10-01,27.4783,28.0008,27.3182,27.9334,106653600
2003-10-02,27.8912,28.1693,27.748,28.026,83911100
2003-10-03,28.5232,29.0456,28.4979,28.8097,112862800
2003-10-06,28.8855,29.0288,28.7001,29.0203,49162900
2003-10-07,28.7844,29.1973,28.658,29.1973,80104600
2003-10-08,29.3321,29.3574,28.835,29.0119,71387400
2003-10-09,29.4164,29.7197,29.0119,29.231,118216100
2003-10-10,29.2984,29.5175,29.1889,29.5007,68356200
2003-10-13,29.6102,29.804,29.4248,29.6945,60919800
2003-10-14,29.5765,29.8545,29.4585,29.7703,62274900
2003-10-15,30.1663,30.2085,29.5175,29.6439,97045200
2003-10-16,29.5765,29.9388,29.5428,29.8798,73955000
2003-10-17,29.8377,29.9051,29.1552,29.1636,97794400
2003-10-20,29.1973,29.5596,29.0709,29.5259,75544300
2003-10-21,29.6102,29.8714,29.4417,29.7029,73455600
2003-10-22,29.3995,29.4332,29.0204,29.1299,88141400
2003-10-23,28.776,29.0793,28.6917,28.7928,95409600
2003-10-24,28.4726,28.8434,28.2199,28.8181,101778600
2003-10-27,28.8855,29.0288,28.6833,28.8265,63604500
2003-10-28,29.0119,29.8377,28.9614,29.7956,107375700
2003-10-29,29.6608,29.8377,29.5512,29.7619,74075200
2003-10-30,30.1748,30.3349,29.6102,29.8209,95062600
2003-10-31,29.863,29.9051,29.5428,29.6439,55473200
2003-11-03,29.8546,30.318,29.7956,30.1326,71141200
2003-11-04,30.0736,30.2253,29.8714,29.9304,60033900
2003-11-05,29.9304,30.2422,29.6186,30.2,67412700
2003-11-06,30.1579,30.3096,29.7787,30.2843,90567400
2003-11-07,30.4023,30.4866,29.9978,30.0231,63505200
2003-11-10,30.0821,30.1158,29.5681,29.6523,68896400
2003-11-11,29.6186,29.745,29.3658,29.5428,75607100
2003-11-12,29.6355,30.3012,29.6102,30.1748,80364600
2003-11-13,30.0905,30.2506,29.9557,30.1411,64243000
2003-11-14,30.1748,30.3517,29.4501,29.5259,90932200
2003-11-17,29.3574,29.4164,28.8687,29.2226,108063100
2003-11-18,29.3827,29.467,28.4979,28.5485,108588500
2003-11-19,28.658,28.9866,28.5485,28.8265,86320300
2003-11-20,28.5822,29.2226,28.4895,28.5485,117324500
2003-11-21,28.717,28.8687,28.4221,28.8434,81787500
2003-11-24,29.0878,29.7029,29.0456,29.6439,92057500
2003-11-25,29.7366,29.8714,29.5681,29.6439,72519800
2003-11-26,29.8293,29.9304,29.3321,29.7787,72842900
2003-11-28,29.7113,29.9136,29.6692,29.8124,24802600
2003-12-01,30.0905,30.3433,29.8883,30.2506,82767300
2003-12-02,30.1832,30.377,29.981,30.0821,62504500
2003-12-03,30.2,30.436,29.7029,29.7029,107568500
2003-12-04,29.8124,30.0905,29.5597,30.0231,102334800
2003-12-05,29.7197,29.9135,29.4585,29.5259,87490200
2003-12-08,29.5091,29.7703,29.3069,29.6945,86961200
2003-12-09,29.863,29.8798,28.9445,29.0119,109949500
2003-12-10,29.0709,29.2394,28.7591,29.1215,103504200
2003-12-11,29.0709,29.8209,29.0625,29.745,108374700
2003-12-12,29.7535,29.7787,29.408,29.6945,72189400
2003-12-15,30.2759,30.3264,29.1973,29.3068,106091400
2003-12-16,29.3153,29.5091,29.0035,29.3658,89854700
2003-12-17,29.3321,29.4922,29.1299,29.4164,68539900
2003-12-18,29.4501,30.0315,29.4501,29.9641,89978100
2003-12-19,30.0062,30.0399,29.6608,29.8798,89762300
2003-12-22,29.7871,30.0652,29.7366,29.9725,63580000
2003-12-23,29.9978,30.3517,29.9388,30.2,66999800
2003-12-24,30.2118,30.3636,30.1781,30.2624,44840300
2003-12-26,30.313,30.4226,30.195,30.2203,25497600
2003-12-29,30.372,30.7935,30.3636,30.7176,63296200
2003-12-30,30.7935,30.8356,30.5996,30.8188,48249400
2003-12-31,30.8694,30.8862,30.5575,30.7345,60494600
2004-01-02,30.9031,31.0127,30.5322,30.6502,55234100
2004-01-05,30.8356,31.3246,30.8188,31.2656,69717900
2004-01-06,31.2571,31.5437,31.1475,31.4763,60033000
2004-01-07,31.4257,31.7629,31.2487,31.7629,71830000
2004-01-08,31.9062,32.0326,31.6955,32.0158,76800900
2004-01-09,31.7882,32.3277,31.687,31.805,94296500
2004-01-12,31.9062,32.3277,31.7629,32.3108,77668400
2004-01-13,32.2602,32.3361,31.6955,31.9905,92973900
2004-01-14,32.1001,32.2434,31.8219,32.1001,68122400
2004-01-15,31.9736,32.4204,31.7207,32.1844,104427700
2004-01-16,32.353,32.5637,32.176,32.5131,77324100
2004-01-20,32.648,32.8756,32.294,32.4878,81998100
2004-01-21,32.3614,32.589,32.0327,32.353,112180300
2004-01-22,32.4963,32.6143,32.0832,32.1591,90061900
2004-01-23,32.2097,32.4204,31.8472,32.0411,88751300
2004-01-26,32.0158,32.5806,31.8978,32.53,84538000
2004-01-27,32.4626,32.5637,31.7713,31.8135,97191600
2004-01-28,31.9821,32.0832,31.1897,31.274,127959700
2004-01-29,31.392,31.451,30.9031,31.392,143925900
2004-01-30,31.3583,31.5606,31.1644,31.2487,84264700
2004-02-02,31.3583,31.5943,31.038,31.1644,94507900
2004-02-03,31.1138,31.392,31.0548,31.1307,73488700
2004-02-04,30.8694,31.0717,30.6249,30.6249,109933000
2004-02-05,30.7766,30.9452,30.6249,30.7429,96784500
2004-02-06,30.8525,31.4257,30.7935,31.2993,107174100
2004-02-09,31.4763,31.51,31.2318,31.2908,58817700
2004-02-10,31.2402,31.5353,31.215,31.3414,65042700
2004-02-11,31.392,31.7544,31.2487,31.6786,92503000
2004-02-12,31.628,31.7798,31.392,31.4004,70556400
2004-02-13,31.5184,32.0074,30.9874,31.1391,90570400
2004-02-17,31.4257,31.7123,31.3751,31.5606,69678600
2004-02-18,31.6196,31.7545,31.4594,31.6533,70972100
2004-02-19,31.9231,31.9484,31.038,31.1728,100843800
2004-02-20,31.1897,31.3077,30.8103,31.0717,132347600
2004-02-23,31.1897,31.215,30.4395,30.7261,125199800
2004-02-24,30.5996,30.8946,30.431,30.6502,124521900
2004-02-25,30.7092,30.9115,30.6249,30.8356,74457100
2004-02-26,30.7429,31.0548,30.608,30.9115,71327600
2004-02-27,30.9874,31.1391,30.5743,30.8272,99383900
2004-03-01,30.9199,31.2487,30.7429,31.2318,79700700
2004-03-02,31.1728,31.3414,30.8609,30.8694,91536000
2004-03-03,30.7766,30.8778,30.5237,30.7008,83938300
2004-03-04,30.7176,31.0464,30.6755,30.9874,65905600
2004-03-05,30.7008,31.3161,30.6502,30.8778,118107100
2004-03-08,30.9284,31.0379,30.1191,30.1528,112599500
2004-03-09,30.1866,30.3299,29.9421,30.0601,126140400
2004-03-10,30.136,30.3467,29.6133,29.6639,134226100
2004-03-11,29.5628,29.9505,29.3352,29.3942,152132000
2004-03-12,29.6555,30.0011,29.6302,29.9337,118369600
2004-03-15,29.8072,29.8409,29.3436,29.411,115813600
2004-03-16,29.5965,29.7145,29.1919,29.4616,123265100
2004-03-17,29.6808,30.0264,29.6555,29.9252,91684700
2004-03-18,29.8157,29.8915,29.4785,29.7904,111249700
2004-03-19,29.7398,29.8915,29.2677,29.293,99976700
2004-03-22,29.1076,29.1244,28.6861,28.9221,133870400
2004-03-23,29.1581,29.2087,28.6692,28.6861,125945800
2004-03-24,28.7872,29.1919,28.6692,29.0148,118876800
2004-03-25,29.2087,29.8915,29.1834,29.7904,142122000
2004-03-26,29.7566,29.9927,29.6723,29.6892,78430800
2004-03-29,29.9337,30.313,29.9168,30.1697,103864000
2004-03-30,30.0685,30.2961,29.9421,30.2708,95716500
2004-03-31,30.2793,30.3467,30.018,30.2119,85993900
2004-04-01,30.1865,30.5574,30.1613,30.4816,93048600
2004-04-02,31.097,31.3246,30.7851,31.274,145964000
2004-04-05,31.1981,31.6112,31.1644,31.569,67351600
2004-04-06,31.3246,31.4004,31.1223,31.1728,98611400
2004-04-07,31.1812,31.2824,30.9031,31.1391,91004900
2004-04-08,31.4847,31.5184,30.9705,31.1391,77176300
2004-04-12,31.2065,31.392,31.1728,31.333,55285700
2004-04-13,31.4763,31.4932,30.7345,30.8778,100624400
2004-04-14,30.6923,31.1475,30.6502,31.0295,113663200
2004-04-15,30.9789,31.0717,30.3636,30.4732,123565500
2004-04-16,30.5153,30.6165,30.1697,30.4226,110736600
2004-04-19,30.3551,30.8441,30.3299,30.7935,85838700
2004-04-20,30.8609,31.0127,30.0432,30.077,119545100
2004-04-21,30.2624,30.4395,30.0517,30.3383,117850500
2004-04-22,30.3467,31.1981,30.3299,31.1222,137623300
2004-04-23,31.2571,31.4089,31.1054,31.3667,91855600
2004-04-26,31.3414,31.4341,30.8946,31.1391,74392200
2004-04-27,31.1475,31.3499,30.9284,31.0801,87548500
2004-04-28,30.9452,30.9537,30.3636,30.5153,111740700
2004-04-29,30.4226,30.6333,29.7566,30.0432,156917100
2004-04-30,30.0601,30.1781,29.2677,29.3099,150829200
2004-05-03,29.5038,29.9421,29.411,29.5881,117007200
2004-05-04,29.6808,30.136,29.529,29.7145,126176000
2004-05-05,29.8578,30.0938,29.6724,29.9505,97528500
2004-05-06,29.6976,29.8747,29.3773,29.7229,102733300
2004-05-07,29.5796,30.0432,29.4279,29.4785,137686000
2004-05-10,29.2256,29.4195,29.0148,29.2256,156951400
2004-05-11,29.4785,29.8241,29.4363,29.6639,120493600
2004-05-12,29.6049,29.7482,28.8884,29.7229,197765400
2004-05-13,29.5543,29.8831,29.4363,29.5122,137841700
2004-05-14,29.6723,29.7651,29.2003,29.293,133689900
2004-05-17,28.9811,29.2172,28.7535,29.0148,150652400
2004-05-18,29.2172,29.4195,29.1666,29.2762,96686400
2004-05-19,29.6386,29.9337,29.1919,29.2424,141646900
2004-05-20,29.3183,29.5206,29.1328,29.3773,94938500
2004-05-21,29.5122,29.6471,29.2846,29.5206,111329200
2004-05-24,29.7566,29.8915,29.5037,29.7229,99861800
2004-05-25,29.6302,30.4142,29.4616,30.313,146321400
2004-05-26,30.2287,30.5069,30.1866,30.5069,93789700
2004-05-27,30.5912,30.7682,30.3973,30.7008,110183400
2004-05-28,30.667,30.8103,30.5237,30.8103,56379500
2004-06-01,30.5743,30.8103,30.4394,30.7682,90592700
2004-06-02,30.8188,30.9031,30.49,30.7008,103519800
2004-06-03,30.5996,30.6502,30.195,30.3299,97301400
2004-06-04,30.6333,30.8694,30.49,30.5069,91233200
2004-06-07,30.7176,31.274,30.6333,31.2318,107532600
2004-06-08,31.1054,31.3499,31.0633,31.274,72530900
2004-06-09,31.1728,31.2318,30.7682,30.8356,98215200
2004-06-10,30.9284,31.0548,30.8104,31.0548,57101300
2004-06-14,30.8609,30.8609,30.431,30.6165,85129900
2004-06-15,30.8188,31.1813,30.8188,31.0127,91937700
2004-06-16,30.9958,31.1054,30.8946,30.9621,64743300
2004-06-17,30.8946,30.9031,30.5575,30.6755,77844200
2004-06-18,30.5996,31.0548,30.5659,30.7176,78641500
2004-06-21,30.7851,30.8778,30.3973,30.4732,65373100
2004-06-22,30.4816,30.9368,30.3636,30.9199,101524300
2004-06-23,30.8272,31.3499,30.7766,31.2908,94393900
2004-06-24,31.2065,31.4847,31.1222,31.2318,92343200
2004-06-25,31.1897,31.5184,31.1728,31.4679,81005400
2004-06-28,31.6028,31.628,31.1054,31.2066,94033200
2004-06-29,31.274,31.687,31.2571,31.5016,68265900
2004-06-30,31.569,31.9483,31.4847,31.8135,97809500
2004-07-01,31.746,31.746,30.9958,31.2234,122141800
2004-07-02,31.2234,31.2318,30.8778,31.0379,74056400
2004-07-06,30.8525,30.8525,30.2034,30.372,130232600
2004-07-07,30.313,30.5912,30.2793,30.431,95623100
2004-07-08,30.1866,30.4563,29.9674,30.0938,108755400
2004-07-09,30.2118,30.3804,30.0348,30.136,86014700
2004-07-12,29.9842,30.0854,29.7061,30.0095,81844500
2004-07-13,30.077,30.1866,29.8494,29.9674,81222000
2004-07-14,29.6723,30.0517,29.5459,29.6639,119489200
2004-07-15,29.7735,29.9168,29.5543,29.5627,90405700
2004-07-16,29.8662,29.8831,29.1834,29.2256,120387100
2004-07-19,29.3183,29.4785,29.057,29.1666,106387900
2004-07-20,29.2846,30.0011,29.2593,29.8662,117453700
2004-07-21,29.9843,30.0517,28.9474,28.998,136086800
2004-07-22,29.0654,29.5965,28.8715,29.3942,132135800
2004-07-23,29.1834,29.2171,28.6861,28.8378,107107100
2004-07-26,28.8631,29.0064,28.4079,28.7114,112962200
2004-07-27,28.8209,29.2593,28.6945,29.1076,103474700
2004-07-28,29.0064,29.1919,28.5006,28.9811,154299800
2004-07-29,29.2593,29.4363,29.0823,29.3183,98959800
2004-07-30,29.3014,29.588,29.2087,29.411,83007800
2004-08-02,29.175,29.5206,29.0486,29.47,81249000
2004-08-03,29.3689,29.4447,28.821,28.8547,85746500
2004-08-04,28.7872,29.0485,28.6692,28.8631,86721000
2004-08-05,28.9558,28.998,28.3236,28.3236,109722900
2004-08-06,28.155,28.1634,27.5312,27.5818,148808600
2004-08-09,27.6577,27.7841,27.5228,27.6492,79281900
2004-08-10,27.7841,28.2225,27.7504,27.9949,105819800
2004-08-11,27.6914,27.8515,27.4385,27.7504,121217700
2004-08-12,27.5565,27.6998,27.2868,27.3711,113691800
2004-08-13,27.5228,27.5987,27.2699,27.4132,91416100
2004-08-16,27.4891,27.978,27.4722,27.7251,77851300
2004-08-17,27.919,28.1887,27.8094,28.037,89573100
2004-08-18,27.8684,28.5849,27.8263,28.5344,106608500
2004-08-19,28.4332,28.5343,28.1634,28.3826,104690200
2004-08-20,28.2983,28.7788,28.2477,28.6692,91962400
2004-08-23,28.7029,28.8884,28.5849,28.7367,83390800
2004-08-24,28.8715,28.9221,28.5006,28.7282,86610500
2004-08-25,28.7198,29.1666,28.5765,29.1244,88394600
2004-08-26,29.0486,29.1244,28.9221,28.998,57663400
2004-08-27,29.057,29.234,29.0317,29.1329,58597200
2004-08-30,29.0064,29.0233,28.6102,28.6439,62355700
2004-08-31,28.6776,28.7619,28.3657,28.6776,81262000
2004-09-01,28.6018,29.057,28.4922,28.8884,96630600
2004-09-02,28.8125,29.4026,28.7957,29.3183,83054000
2004-09-03,29.0317,29.2256,28.7029,28.7788,90213700
2004-09-07,28.998,29.175,28.7619,29.0233,95556500
2004-09-08,28.9221,29.234,28.8125,28.9137,101466100
2004-09-09,29.0401,29.293,28.7788,29.1581,104397500
2004-09-10,29.175,29.6639,29.057,29.6049,108591600
2004-09-13,29.7145,30.1107,29.6218,29.9927,109350500
2004-09-14,29.8831,30.1107,29.8072,30.0348,76466300
2004-09-15,29.8578,29.8831,29.6049,29.7145,90128700
2004-09-16,29.7229,29.9843,29.6134,29.7735,67121000
2004-09-17,29.6976,29.9421,29.6386,29.8662,83903400
2004-09-20,29.7482,30.1528,29.6555,29.8662,110678100
2004-09-21,29.959,30.2203,29.8578,29.9842,93688400
2004-09-22,29.8747,29.8915,29.3942,29.4616,101393400
2004-09-23,29.4869,29.6302,29.4026,29.4363,92503200
2004-09-24,29.4953,29.6639,29.293,29.3352,103247400
2004-09-27,29.1834,29.2846,28.9811,29.0823,86017600
2004-09-28,29.1244,29.2424,28.8547,29.1413,87070300
2004-09-29,29.116,29.6049,29.1076,29.5712,95096200
2004-09-30,29.5206,29.7314,29.411,29.6218,74514600
2004-10-01,29.8831,30.4732,29.8072,30.431,118252700
2004-10-04,30.6502,30.8694,30.5575,30.608,108032600
2004-10-05,30.5406,30.7598,30.4816,30.6502,89754400
2004-10-06,30.608,30.9284,30.4395,30.8947,87815500
2004-10-07,30.8019,30.9115,30.49,30.549,82374300
2004-10-08,30.4142,30.549,29.9252,29.9927,115073000
2004-10-11,30.1107,30.2287,30.0095,30.136,51181600
2004-10-12,29.8662,30.2119,29.6724,30.0854,97884100
2004-10-13,30.3889,30.4647,29.8662,30.018,132442500
2004-10-14,30.0854,30.1613,29.7819,29.8831,99383700
2004-10-15,29.9168,30.2287,29.7398,30.0348,129183400
2004-10-18,29.9337,30.5575,29.8409,30.4647,108933400
2004-10-19,30.667,30.8272,30.1697,30.2456,129973500
2004-10-20,30.2034,30.5406,30.0517,30.3889,106524200
2004-10-21,30.549,31.0127,30.431,30.8525,122627600
2004-10-22,30.8609,30.9199,30.1275,30.1781,114321100
2004-10-25,30.1191,30.1866,29.9168,30.0348,102863000
2004-10-26,30.0517,30.2118,29.8494,30.195,98164500
2004-10-27,30.2118,31.097,30.1023,30.9621,152423400
2004-10-28,30.9199,31.2908,30.8272,31.156,111113900
2004-10-29,31.1138,31.392,30.9115,31.1054,100779200
2004-11-01,31.1728,31.3414,31.0211,31.2234,72356000
2004-11-02,31.2656,31.6533,31.2065,31.3246,108930700
2004-11-03,31.8303,31.9484,31.3161,31.5353,140980100
2004-11-04,31.4089,31.8472,31.2824,31.7123,112513700
2004-11-05,32.0495,32.1675,31.7039,31.9989,117017900
2004-11-08,31.9905,32.1169,31.9062,32.0326,66486000
2004-11-09,31.9736,32.1591,31.8725,31.9652,85038700
2004-11-10,31.9736,32.0832,31.7376,31.8556,95122300
2004-11-11,31.9568,32.353,31.9146,32.2771,99338800
2004-11-12,32.3193,32.6733,32.176,32.589,102418100
2004-11-15,32.5721,32.7576,32.4541,32.7323,82696000
2004-11-16,32.589,32.6059,32.3024,32.53,97197500
2004-11-17,32.7323,33.1454,32.7323,32.9683,125242500
2004-11-18,32.8587,33.1791,32.7829,33.1201,94901100
2004-11-19,33.0779,33.1201,32.53,32.6059,118448900
2004-11-22,32.5469,32.9346,32.4373,32.9178,79882600
2004-11-23,32.884,33.0021,32.5469,32.8672,91925300
2004-11-24,32.9515,33.2044,32.9346,33.1538,74051700
2004-11-26,33.1875,33.2802,33.0189,33.0526,31248900
2004-11-29,33.2634,33.4151,32.8503,33.0442,94765400
2004-11-30,33.1285,33.2044,32.9262,32.9768,87663100
2004-12-01,33.1032,33.6849,33.1032,33.6511,102375000
2004-12-02,33.5668,34.0473,33.5163,33.7776,122005600
2004-12-03,34.0136,34.2159,33.786,33.8282,114227700
2004-12-06,33.8197,34.0811,33.6427,33.9462,70415100
2004-12-07,34.0136,34.1401,33.3224,33.3645,121439800
2004-12-08,33.3814,33.7017,33.2971,33.5584,10121300
2004-12-09,33.2887,33.8787,33.0779,33.7607,134346000
2004-12-10,33.5837,33.7776,33.4994,33.6596,86177300
2004-12-13,33.9125,34.0052,33.7017,33.9546,74296400
2004-12-14,33.9546,34.2159,33.9293,34.1232,91985000
2004-12-15,34.1316,34.2918,33.845,33.9967,95179300
2004-12-16,34.0052,34.0979,33.5669,33.6764,86101300
2004-12-17,33.7352,33.8798,33.5564,33.5905,97947000
2004-12-20,33.6756,33.8458,33.2671,33.3607,106397600
2004-12-21,33.5224,33.7947,33.4288,33.7692,83184700
2004-12-22,33.65,33.982,33.6075,33.8117,75298000
2004-12-23,33.7096,33.9649,33.6501,33.8373,45782000
2004-12-27,34.0245,34.0586,33.5309,33.6926,67157700
2004-12-28,33.7607,34.0415,33.7096,34.016,62563100
2004-12-29,33.9735,34.1777,33.9564,34.0586,46594800
2004-12-30,34.1011,34.1436,33.9819,34.033,41717600
2004-12-31,34.067,34.1436,33.8543,33.9734,44112300
2005-01-03,34.1181,34.2883,33.5054,33.616,100970900
2005-01-04,33.7607,33.8203,32.8075,33.0033,136623200
2005-01-05,32.9182,33.1564,32.7394,32.799,127925500
2005-01-06,32.8756,32.9437,32.6288,32.6373,102934600
2005-01-07,32.816,33.0799,32.5182,32.8075,123104000
2005-01-10,32.7139,33.0798,32.6713,32.7905,88764200
2005-01-11,32.6543,32.765,32.399,32.5607,106398800
2005-01-12,32.7054,32.8501,32.348,32.833,127754900
2005-01-13,32.8331,33.0628,32.348,32.399,101982400
2005-01-14,32.5097,32.782,32.5011,32.7054,93460900
2005-01-18,32.5777,33.0118,32.5267,32.9522,91760400
2005-01-19,32.9607,32.9777,32.3905,32.4075,104981000
2005-01-20,32.0416,32.1777,31.7607,31.7863,120963900
2005-01-21,31.8969,31.9565,31.4799,31.531,138569200
2005-01-24,31.5905,31.6586,31.0288,31.0884,137499000
2005-01-25,31.2927,31.565,31.1991,31.2416,119171300
2005-01-26,31.4544,31.7352,31.3352,31.6161,107465800
2005-01-27,31.565,31.7182,31.3778,31.5735,103654700
2005-01-28,31.6756,31.7182,31.165,31.4203,111648600
2005-01-31,31.7948,31.9395,31.7097,31.8288,89139900
2005-02-01,31.9054,32.0416,31.8033,31.931,76610300
2005-02-02,32.0331,32.1097,31.7522,31.982,100160500
2005-02-03,31.8118,31.8373,31.4884,31.6161,90157900
2005-02-04,31.6161,32.1862,31.6161,32.1267,99302000
2005-02-07,32.1692,32.2629,31.9309,32.0586,71551400
2005-02-08,32.0501,32.348,32.0161,32.1182,72821700
2005-02-09,32.1437,32.1692,31.5395,31.582,93276600
2005-02-10,31.7097,31.7607,31.3863,31.6161,110373000
2005-02-11,31.514,32.2118,31.4288,32.0841,108684100
2005-02-14,32.0841,32.2884,32.0756,32.2288,54908900
2005-02-15,32.2543,32.7479,32.1862,32.4416,131406500
2005-02-16,32.365,32.4756,32.1948,32.3224,80273900
2005-02-17,32.382,32.4586,31.8543,31.8884,115628300
2005-02-18,31.8969,31.9735,31.7097,31.7863,69158800
2005-02-22,31.5139,31.9565,31.3097,31.3948,121232000
2005-02-23,31.5225,31.548,31.2331,31.4374,95010100
2005-02-24,31.3608,31.8629,31.2842,31.8373,99334600
2005-02-25,31.8118,32.0841,31.7352,32.0161,79988700
2005-02-28,31.8799,31.999,31.4203,31.6756,95731300
2005-03-01,31.8033,32.0841,31.7692,32.0246,78460600
2005-03-02,31.8373,32.3565,31.7948,32.0075,107270600
2005-03-03,32.0926,32.1097,31.5054,31.7437,89793800
2005-03-04,31.9991,32.1267,31.8288,31.931,86622300
2005-03-07,31.999,32.5863,31.965,32.3905,93563900
2005-03-08,32.348,32.5182,32.0416,32.0671,89595200
2005-03-09,32.0586,32.2799,31.8884,31.9735,98063000
2005-03-10,32.0076,32.0586,31.5565,31.931,97043600
2005-03-11,32.0756,32.1863,31.5054,31.6331,102857500
2005-03-14,31.6927,31.7948,31.5139,31.7778,65576200
2005-03-15,31.8458,31.8969,31.4799,31.5224,93856300
2005-03-16,31.4118,31.6416,31.0884,31.165,159578000
2005-03-17,31.1565,31.3948,31.0969,31.2416,100429600
2005-03-18,31.2756,31.3097,30.9352,31.0714,108899400
2005-03-21,31.148,31.2756,30.8501,31.131,92752500
2005-03-22,31.1565,31.2757,30.731,30.748,114016300
2005-03-23,30.714,31.0544,30.6969,30.8586,97444900
2005-03-24,30.9693,31.1906,30.8672,30.8672,77566800
2005-03-28,30.9863,31.1565,30.9012,30.9267,59739000
2005-03-29,30.8672,31.131,30.5863,30.6799,119554300
2005-03-30,30.8331,31.3012,30.8246,31.2586,114711000
2005-03-31,31.2586,31.2756,31.0118,31.1225,86578900
2005-04-01,31.3352,31.3863,30.748,30.8076,143814300
2005-04-04,30.8501,31.148,30.6629,31.0288,100090300
2005-04-05,31.0544,31.2076,30.9948,31.1139,66266600
2005-04-06,31.1991,31.4118,30.9948,31.0629,82168900
2005-04-07,31.0884,31.4459,31.0714,31.4374,88618000
2005-04-08,31.4884,31.548,31.148,31.182,92332900
2005-04-11,31.2756,31.3012,30.9778,31.0459,70976000
2005-04-12,31.0118,31.2672,30.5608,31.1991,144848500
2005-04-13,31.1139,31.148,30.6203,30.6884,108995500
2005-04-14,30.6884,30.7225,30.2119,30.2544,158057900
2005-04-15,29.9906,30.1012,29.514,29.5651,170013300
2005-04-18,29.5395,29.7863,29.48,29.5736,110084000
2005-04-19,29.8033,29.8714,29.5736,29.7778,96922100
2005-04-20,29.965,30.0331,29.4374,29.531,140457400
2005-04-21,29.8885,30.3906,29.7523,30.314,124505100
2005-04-22,30.1778,30.1863,29.6331,29.8629,114996800
2005-04-25,30.0416,30.1778,29.914,30.1097,72170100
2005-04-26,30.0331,30.3821,29.8204,29.8289,104958800
2005-04-27,29.6757,29.9991,29.5566,29.8714,112539300
2005-04-28,29.7182,29.914,29.548,29.5736,98181900
2005-04-29,29.7863,29.8374,29.2332,29.7693,144435900
2005-05-02,29.8714,30.0076,29.6927,29.8885,67648800
2005-05-03,29.8289,30.1523,29.8119,30.0416,103428700
2005-05-04,30.0331,30.4927,29.9906,30.4076,90480600
2005-05-05,30.4246,30.5693,30.2374,30.4331,79341700
2005-05-06,30.6118,30.6544,30.3991,30.5182,77310200
2005-05-09,30.5267,30.6884,30.348,30.6629,66298400
2005-05-10,30.5182,30.6033,30.314,30.4416,77194700
2005-05-11,30.4842,30.6629,30.0416,30.5948,131952400
2005-05-12,30.6629,30.8076,30.348,30.5097,116602200
2005-05-13,30.6289,31.0374,30.5438,30.8416,133273500
2005-05-16,30.8416,31.0969,30.748,31.0459,79093200
2005-05-17,30.9352,31.2671,30.8161,31.2331,91665900
2005-05-18,31.3182,31.7948,31.2416,31.6586,128105900
2005-05-19,31.7352,31.931,31.6586,31.9224,92619700
2005-05-20,31.8714,32.0756,31.7863,32.0501,66530100
2005-05-23,32.0501,32.3309,31.999,32.2118,93068200
2005-05-24,32.1352,32.3395,32.0841,32.3139,100830000
2005-05-25,32.2033,32.2373,31.9905,32.1778,76470600
2005-05-26,32.3224,32.5692,32.3224,32.5011,84066800
2005-05-27,32.4586,32.5522,32.3565,32.5182,50076900
2005-05-31,32.5011,32.5437,32.2714,32.4075,75281500
2005-06-01,32.365,32.9182,32.3565,32.6714,110875700
2005-06-02,32.6203,32.9011,32.5948,32.9011,75926500
2005-06-03,32.8756,32.8841,32.3565,32.4246,96998400
2005-06-06,32.4416,32.5011,32.3054,32.433,52681400
2005-06-07,32.4671,32.7394,32.1182,32.1607,108953400
2005-06-08,32.2373,32.2969,31.965,32.0927,79211900
2005-06-09,32.0501,32.3905,31.9139,32.2969,99383300
2005-06-10,32.2543,32.2543,31.8118,31.9565,85971700
2005-06-13,31.8969,32.2969,31.8799,32.1097,82331300
2005-06-14,32.0756,32.2033,31.9139,31.982,62593600
2005-06-15,32.1948,32.2288,31.7012,32.0841,103952000
2005-06-16,32.1182,32.3394,32.0501,32.2543,90450100
2005-06-17,32.463,32.5482,32.1564,32.2586,83915700
2005-06-20,32.1308,32.4375,32.0116,32.2586,67580000
2005-06-21,32.233,32.3779,32.1138,32.2416,97845600
2005-06-22,32.3693,32.4545,32.0542,32.2075,75221100
2005-06-23,32.2586,32.5227,31.7986,31.8497,122163300
2005-06-24,31.8412,31.8668,31.4834,31.492,142144100
2005-06-27,31.4749,31.5686,31.262,31.3471,72780800
2005-06-28,31.4749,31.739,31.4323,31.6453,73330300
2005-06-29,31.7305,31.739,31.492,31.5771,71513600
2005-06-30,31.6368,31.6964,31.3046,31.3301,87803700
2005-07-01,31.3983,31.5175,31.2449,31.2875,55254800
2005-07-05,31.1768,31.6794,31.1768,31.6112,79288700
2005-07-06,31.5431,31.756,31.3983,31.4579,79101000
2005-07-07,31.1597,31.5942,31.1342,31.5686,119466300
2005-07-08,31.5857,32.2075,31.509,32.1734,101320700
2005-07-11,32.2586,32.5056,32.199,32.4715,96283700
2005-07-12,32.4716,32.7612,32.3779,32.6249,86059300
2005-07-13,32.6419,32.7356,32.5141,32.7015,72135400
2005-07-14,32.9401,33.1189,32.8123,33.0252,99135200
2005-07-15,33.0764,33.2212,32.923,33.1275,67239200
2005-07-18,33.0423,33.1274,32.9571,32.9912,58644000
2005-07-19,33.1445,33.3915,33.0849,33.3745,77860900
2005-07-20,33.1701,33.7067,33.136,33.613,91433100
2005-07-21,33.6982,33.8089,33.4001,33.6215,127286000
2005-07-22,33.63,33.7237,33.4086,33.5789,71666600
2005-07-25,33.613,33.7578,33.3915,33.4512,51872700
2005-07-26,33.5534,33.6726,33.383,33.5789,67324900
2005-07-27,33.6045,33.8686,33.4171,33.8345,78351100
2005-07-28,33.86,34.0049,33.7663,33.9963,66163700
2005-07-29,33.9623,34.0048,33.6641,33.7152,74725700
2005-08-01,33.7663,33.9282,33.6641,33.7748,59748300
2005-08-02,33.8174,34.1923,33.7749,34.1411,79284100
2005-08-03,33.9963,34.1837,33.9708,34.1241,61916400
2005-08-04,33.9708,34.0219,33.7067,33.7919,72035500
2005-08-05,33.7408,33.8941,33.5874,33.63,66029500
2005-08-08,33.6641,33.7408,33.3404,33.383,63415400
2005-08-09,33.5363,33.7237,33.4852,33.6045,62143600
2005-08-10,33.6897,33.8089,33.1956,33.3149,102317500
2005-08-11,33.3319,33.6811,33.3063,33.5874,92446700
2005-08-12,33.3234,33.4937,33.1956,33.4,86367300
2005-08-15,33.3404,33.7578,33.2893,33.6045,63061100
2005-08-16,33.4767,33.5023,32.9997,33.0593,94596000
2005-08-17,33.153,33.366,33.0423,33.2552,74470500
2005-08-18,33.1104,33.3063,33.0252,33.0849,72559400
2005-08-19,33.1275,33.2212,33.0423,33.0678,52024300
2005-08-22,33.1189,33.3745,32.8804,33.0849,88056300
2005-08-23,33.0849,33.153,32.8889,32.9912,57482900
2005-08-24,32.923,33.3745,32.7612,32.7953,95025700
2005-08-25,32.8549,32.9571,32.7867,32.8719,52328800
2005-08-26,32.8208,32.8804,32.5993,32.7612,63840700
2005-08-29,32.5908,33.0934,32.5908,33.0167,74940400
2005-08-30,32.8464,32.9315,32.6419,32.8975,87373600
2005-08-31,32.9145,33.2297,32.7782,33.2041,93426300
2005-09-01,33.2212,33.3489,33.0338,33.153,74884400
2005-09-02,33.2212,33.2467,32.9997,33.0252,53244900
2005-09-06,33.1786,33.5704,33.136,33.5108,78106600
2005-09-07,33.4767,33.63,33.4,33.5704,57440100
2005-09-08,33.4682,33.7067,33.4512,33.5619,73529700
2005-09-09,33.5704,33.8089,33.4852,33.7493,75342100
2005-09-12,33.7578,33.9537,33.7152,33.843,51689900
2005-09-13,33.8004,33.9963,33.6811,33.7578,66145800
2005-09-14,33.7748,33.8004,33.3489,33.3745,98644000
2005-09-15,33.4426,33.5108,33.2638,33.3575,80421500
2005-09-16,33.4341,33.613,33.3149,33.5619,71034100
2005-09-19,33.4938,33.5449,33.1445,33.2978,73387500
2005-09-20,33.3575,33.6812,33.0593,33.1616,115202800
2005-09-21,33.0678,33.1104,32.7697,32.7953,116404300
2005-09-22,32.7441,32.9912,32.5738,32.9145,118686100
2005-09-23,32.7952,33.1189,32.7186,33.0082,70154000
2005-09-26,33.1956,33.2467,32.8378,33.0167,69327600
2005-09-27,33.0423,33.136,32.8038,32.9401,64089500
2005-09-28,33.0167,33.1786,32.8463,32.9486,72044500
2005-09-29,32.906,33.4,32.7527,33.3915,117634600
2005-09-30,33.366,33.6301,33.3319,33.613,79248500
2005-10-03,33.6811,33.86,33.6556,33.6982,81685600
2005-10-04,33.7493,33.9708,33.4682,33.4767,85348600
2005-10-05,33.4852,33.5108,32.9912,33.0167,106152200
2005-10-06,32.9912,33.1019,32.3012,32.5823,162213700
2005-10-07,32.7101,32.8549,32.5227,32.659,91119900
2005-10-10,32.5993,32.7612,32.4205,32.4801,64012000
2005-10-11,32.5738,32.5738,32.199,32.3182,114736900
2005-10-12,32.1308,32.4204,31.8838,31.9349,146109500
2005-10-13,31.9179,32.2927,31.7986,32.1819,138569600
2005-10-14,32.2671,32.429,32.0627,32.4205,131463200
2005-10-17,32.429,32.5312,32.216,32.5227,64080400
2005-10-18,32.4886,32.5227,32.2927,32.2927,88070400
2005-10-19,32.1308,32.9401,32.0371,32.9401,132879900
2005-10-20,32.9741,33.0934,32.4545,32.6334,132576900
2005-10-21,32.9401,33.0082,32.6504,32.8378,110032000
2005-10-24,32.9912,33.3745,32.7697,33.3575,110820900
2005-10-25,33.2978,33.383,33.0253,33.2297,86665800
2005-10-26,33.2041,33.4512,33.0167,33.0593,89878100
2005-10-27,33.0338,33.0508,32.3949,32.3949,132231100
2005-10-28,32.5056,32.7016,32.3012,32.6419,95243900
2005-10-31,32.7527,33.2638,32.7271,33.1104,115279100
2005-11-01,33.0338,33.2297,32.9741,33.0849,73502300
2005-11-02,32.9912,33.613,32.9741,33.5193,101409900
2005-11-03,33.8515,34.1497,33.8004,34.0219,137054000
2005-11-04,34.073,34.2689,33.9367,34.1411,100944500
2005-11-07,34.2519,34.32,34.0304,34.1837,65324500
2005-11-08,34.1411,34.3711,34.0645,34.1922,78859700
2005-11-09,34.1752,34.3541,34.0985,34.2093,72458800
2005-11-10,34.2263,34.6607,34.0048,34.5841,120763100
2005-11-11,34.7289,34.8567,34.6522,34.6778,80057200
2005-11-14,34.7289,34.8056,34.5841,34.6778,53652400
2005-11-15,34.6948,34.8396,34.3967,34.5159,79543500
2005-11-16,34.6096,34.7374,34.4648,34.7289,65895700
2005-11-17,34.8482,35.1974,34.797,35.1889,94425500
2005-11-18,35.3678,35.4785,35.1548,35.3081,108820200
2005-11-21,35.2655,35.4189,35.1292,35.3933,69731400
2005-11-22,35.3252,35.6659,35.2315,35.5211,88814000
2005-11-23,35.5466,35.7937,35.5296,35.6063,64101200
2005-11-25,35.6404,35.7255,35.5467,35.683,22930200
2005-11-28,35.7766,35.7766,35.3507,35.3848,74716200
2005-11-29,35.5807,35.6489,35.2144,35.2144,77443000
2005-11-30,35.1633,35.3422,35.0867,35.1293,88044400
2005-12-01,35.3593,35.8192,35.3507,35.7852,91914100
2005-12-02,35.7255,35.8874,35.6659,35.8703,72929200
2005-12-05,35.8277,35.8277,35.4615,35.6063,61519900
2005-12-06,35.8022,36.0407,35.6915,35.7255,81509400
2005-12-07,35.7766,35.8022,35.4615,35.6574,83885500
2005-12-08,35.7425,35.7766,35.1548,35.4018,112043200
2005-12-09,35.4018,35.5807,35.2485,35.5381,56526900
2005-12-12,35.6659,35.7255,35.5041,35.6659,44863600
2005-12-13,35.6233,35.9555,35.5722,35.8107,76611600
2005-12-14,35.7341,35.8618,35.5296,35.6915,73581600
2005-12-15,35.7766,35.8363,35.4444,35.7511,72607200
2005-12-16,35.7434,35.8117,35.4787,35.5043,63743000
2005-12-19,35.5812,35.6153,34.9237,34.9408,75341700
2005-12-20,34.9664,35.1371,34.7956,34.9664,70257700
2005-12-21,35.0261,35.3592,34.9664,35.1201,68935000
2005-12-22,35.103,35.4018,35.0944,35.3506,59149500
2005-12-23,35.4445,35.5128,35.2652,35.3506,38000400
2005-12-27,35.4531,35.5897,34.9834,35.0432,55656300
2005-12-28,35.0603,35.2054,34.8981,35.0005,50302400
2005-12-29,35.0347,35.1115,34.7102,34.77,47301700
2005-12-30,34.6163,34.6504,34.4626,34.5053,60026500
2006-01-03,34.7102,35.4275,34.2918,35.2738,109350400
2006-01-04,35.3592,35.6409,35.2823,35.6409,92769400
2006-01-05,35.6495,35.8629,35.6153,35.7946,77656900
2006-01-06,36.0849,36.4606,35.9142,36.4436,110053900
2006-01-09,36.4436,36.6485,36.307,36.5887,80768800
2006-01-10,36.4265,36.6485,36.3326,36.6143,84369400
2006-01-11,36.7168,36.9815,36.6058,36.8961,100761400
2006-01-12,36.8534,36.9644,36.5887,36.7168,82429200
2006-01-13,36.6656,36.7595,36.4863,36.6997,64572100
2006-01-17,36.418,36.5375,36.2899,36.4607,77962100
2006-01-18,35.8886,36.2557,35.88,36.0423,121021900
2006-01-19,36.2216,36.5631,36.1106,36.307,111094000
2006-01-20,36.2557,36.2813,35.1371,35.2225,188569400
2006-01-23,35.3164,35.3933,35.0774,35.2311,111381900
2006-01-24,35.3165,35.6068,35.2738,35.3848,77956900
2006-01-25,35.5555,35.5811,35.0774,35.2311,99826400
2006-01-26,35.436,35.5982,35.2055,35.4787,112600600
2006-01-27,35.6922,36.196,35.6409,35.9569,110830400
2006-01-30,36.0166,36.1362,35.9227,36.0252,53942600
2006-01-31,36.0081,36.0935,35.7007,35.8629,100988100
2006-02-01,35.6409,36.0081,35.6068,35.991,89168700
2006-02-02,35.8715,35.9313,35.3592,35.3762,94047400
2006-02-03,35.1115,35.2055,34.8212,34.9408,121094200
2006-02-06,34.77,35.0176,34.659,34.8468,58162800
2006-02-07,34.7871,34.9493,34.5309,34.6931,87327000
2006-02-08,34.9407,35.1371,34.7444,35.0944,89907800
2006-02-09,35.1884,35.325,34.6931,34.7614,78213400
2006-02-10,34.7358,35.0603,34.3772,34.9749,102575900
2006-02-13,34.7529,34.7871,34.4113,34.5736,70643100
2006-02-14,34.6419,35.0261,34.5053,34.9237,94340300
2006-02-15,34.8297,35.2311,34.7785,35.1457,92254300
2006-02-16,35.2738,35.4787,35.1371,35.4701,103859600
2006-02-17,35.4018,35.4018,35.1798,35.1884,81770200
2006-02-21,35.1884,35.2396,34.6761,34.7956,85101400
2006-02-22,34.8212,35.4701,34.7358,35.2311,91983900
2006-02-23,35.1713,35.4702,35.0774,35.1371,66517100
2006-02-24,35.1713,35.2567,35.0176,35.2311,57085400
2006-02-27,35.3165,35.7519,35.2908,35.6239,64945000
2006-02-28,35.5299,35.6239,34.9834,35.0944,117564600
2006-03-01,35.2055,35.6665,35.1371,35.5726,80962300
2006-03-02,35.4787,35.7263,35.3592,35.5982,69856500
2006-03-03,35.3933,35.8715,35.3421,35.3933,112066100
2006-03-06,35.4702,35.547,34.9749,35.0859,99581000
2006-03-07,35.0261,35.0688,34.7102,34.881,96441100
2006-03-08,34.8041,35.0859,34.5821,34.8981,103961900
2006-03-09,35.009,35.1371,34.5565,34.5992,108556700
2006-03-10,34.565,34.8297,34.3174,34.6333,124474900
2006-03-13,34.787,34.9578,34.6846,34.7358,69169100
2006-03-14,34.7017,35.3677,34.7017,35.325,118201000
2006-03-15,35.4616,35.6239,35.2823,35.6239,84375800
2006-03-16,35.7349,35.7946,35.2908,35.325,101371200
2006-03-17,35.3242,35.5378,35.2302,35.4181,78219600
2006-03-20,35.5207,35.6147,35.3754,35.5036,60240100
2006-03-21,35.1276,35.8966,35.102,35.1276,136566000
2006-03-22,34.9311,35.2729,34.914,35.2131,112282800
2006-03-23,35.1105,35.2216,34.8798,35.1105,75158200
2006-03-24,35.2301,35.4609,35.0507,35.29,81795500
2006-03-27,35.2729,35.4694,35.2387,35.2985,54400400
2006-03-28,35.3669,35.6061,35.0251,35.1533,100522800
2006-03-29,35.2045,35.9735,35.1789,35.8197,130669100
2006-03-30,35.8966,36.1444,35.7087,35.9308,115915600
2006-03-31,35.9992,36.0505,35.7514,35.8283,71074600
2006-04-03,36.0162,36.2042,35.8026,35.871,80730700
2006-04-04,35.9308,36.153,35.8283,36.0676,89952600
2006-04-05,36.1445,36.4606,36.0676,36.4093,91628200
2006-04-06,36.3922,36.6913,36.2641,36.5119,91712800
2006-04-07,36.6401,36.7853,36.1445,36.1615,116604300
2006-04-10,36.2299,36.3153,35.965,36.1103,58981900
2006-04-11,36.2213,36.2555,35.6403,35.8197,91481900
2006-04-12,35.8368,35.9565,35.7172,35.8283,58751200
2006-04-13,35.8027,36.1701,35.7087,35.9735,63476900
2006-04-17,35.9223,36.0675,35.3669,35.5976,104072100
2006-04-18,35.6916,36.3666,35.6916,36.2812,124291700
2006-04-19,36.3495,36.4435,36.1444,36.4435,79050300
2006-04-20,36.435,36.5888,36.2128,36.3153,81408000
2006-04-21,36.452,36.5033,35.7343,35.8881,130181200
2006-04-24,35.8454,35.9479,35.6488,35.8539,78556400
2006-04-25,35.9479,35.9735,35.589,35.777,77660800
2006-04-26,35.7685,35.9394,35.6318,35.7685,82537000
2006-04-27,35.6061,36.3068,35.4609,36.1103,173950100
2006-04-28,35.8881,36.0761,35.7001,35.7599,88876600
2006-05-01,35.8197,35.9308,35.2985,35.4096,92875500
2006-05-02,35.5634,35.6574,35.3754,35.5036,85148100
2006-05-03,35.5207,35.5805,35.2729,35.4523,74971600
2006-05-04,35.4865,35.8796,35.4865,35.7428,88696800
2006-05-05,35.9735,36.0675,35.8368,36.0248,80392200
2006-05-08,35.9565,36.1274,35.9479,36.059,45079100
2006-05-09,35.9735,36.0419,35.8625,35.9223,48528800
2006-05-10,35.8283,35.871,35.5036,35.6061,92424200
2006-05-11,35.5719,35.589,34.7175,34.8115,140989700
2006-05-12,34.6577,34.7089,34.333,34.3415,153920800
2006-05-15,34.1962,34.4697,33.9997,34.3159,127896500
2006-05-16,34.3244,34.4013,33.9826,34.0595,132397500
2006-05-17,33.9057,34.0168,33.5212,33.5981,207897100
2006-05-18,33.7433,33.8886,33.3247,33.3674,139690900
2006-05-19,33.4955,33.7263,33.111,33.6237,194306300
2006-05-22,33.3332,33.5297,33.0,33.299,169591800
2006-05-23,33.5468,33.6494,32.9572,32.9743,142243900
2006-05-24,32.9231,33.3588,32.6667,33.1965,234981600
2006-05-25,33.4186,33.6494,33.1708,33.6323,123510900
2006-05-26,33.7092,33.8203,33.5212,33.7434,91319600
2006-05-30,33.581,33.6066,32.9914,33.017,105606200
2006-05-31,33.0769,33.3759,32.9316,33.1709,137066200
2006-06-01,33.2648,33.957,33.1879,33.957,119357400
2006-06-02,34.145,34.1791,33.5895,33.8715,128864100
2006-06-05,33.8032,33.8032,33.1367,33.1367,103190600
2006-06-06,33.1965,33.2819,32.7692,33.111,127271000
2006-06-07,33.1538,33.4699,32.8547,32.8632,130754700
2006-06-08,32.7009,32.9487,32.0344,32.812,280562200
2006-06-09,32.9487,33.1025,32.5642,32.5984,144146200
2006-06-12,32.6411,32.6923,31.9489,31.9575,145607500
2006-06-13,32.0344,32.2993,31.7524,31.8293,207099500
2006-06-14,31.9233,32.2224,31.7866,32.154,201876800
2006-06-15,32.342,33.1452,32.2993,33.0256,200700400
2006-06-16,32.9623,33.0735,32.663,32.7827,120006100
2006-06-19,32.9196,32.9538,32.4151,32.5177,129450100
2006-06-20,32.569,32.9025,32.4407,32.5604,102871700
2006-06-21,32.6117,33.3385,32.6032,33.0735,129548100
2006-06-22,32.9965,33.0735,32.4835,32.6545,143100500
2006-06-23,32.6289,32.9452,32.4322,32.6203,88050200
2006-06-26,32.6374,32.8255,32.5519,32.7058,65157700
2006-06-27,32.7229,32.7742,32.056,32.0902,128227500
2006-06-28,32.1671,32.3552,31.9619,32.3296,91576300
2006-06-29,32.475,33.3129,32.4066,33.3129,181997200
2006-06-30,33.4497,33.4668,33.0735,33.1504,82719200
2006-07-03,33.253,33.3471,33.1846,33.3471,21598500
2006-07-05,33.0393,33.0735,32.569,32.6203,93724000
2006-07-06,32.7229,32.9025,32.5006,32.5861,70615200
2006-07-07,32.4065,32.6374,32.1244,32.227,108063300
2006-07-10,32.3125,32.4322,31.7823,31.9448,105109800
2006-07-11,31.8764,32.2697,31.7054,32.1842,136114200
2006-07-12,32.1158,32.1842,31.5002,31.5771,154458900
2006-07-13,31.3292,31.6712,31.047,31.047,177745500
2006-07-14,31.0385,31.1069,30.6024,30.7306,172448500
2006-07-17,30.7392,30.9957,30.6708,30.8076,134311000
2006-07-18,30.9701,31.0641,30.3886,30.9102,206964900
2006-07-19,30.8846,31.4916,30.8589,31.3121,192517600
2006-07-20,31.4232,31.466,30.8161,30.8503,152292100
2006-07-21,30.6793,30.7477,30.457,30.5254,119343000
2006-07-24,30.6451,31.1496,30.6109,31.1325,130269300
2006-07-25,31.2009,31.4147,30.9872,31.3121,108869600
2006-07-26,31.218,31.5258,30.9786,31.2864,107170500
2006-07-27,31.4147,31.6712,30.9957,31.0812,99698700
2006-07-28,31.2351,31.7567,31.2095,31.731,93556100
2006-07-31,31.7054,31.9106,31.5429,31.7225,78015300
2006-08-01,31.4403,31.466,31.0042,31.1924,98552800
2006-08-02,31.3035,31.7481,31.3035,31.5429,87370600
2006-08-03,31.2266,31.9277,31.1924,31.7396,99205600
2006-08-04,32.0218,32.1757,31.3121,31.5942,123493800
2006-08-07,31.56,31.5857,31.2351,31.389,69634800
2006-08-08,31.4745,31.5515,31.0042,31.1924,124139900
2006-08-09,31.6284,31.9021,31.1496,31.2351,145342200
2006-08-10,31.1496,31.5344,31.047,31.4574,102481300
2006-08-11,31.3377,31.3719,31.0983,31.2351,86903200
2006-08-14,31.5002,31.8679,31.3805,31.4403,109281100
2006-08-15,31.808,32.2783,31.7139,32.2355,133712100
2006-08-16,32.4749,33.0136,32.3552,32.9965,135452100
2006-08-17,32.8853,33.33,32.8682,33.1162,129492200
2006-08-18,33.0307,33.2017,32.7315,33.1675,97754500
2006-08-21,32.9196,32.9709,32.7143,32.8511,66668400
2006-08-22,32.7999,33.1846,32.663,32.8597,102058600
2006-08-23,32.8854,33.0649,32.4236,32.6117,96056300
2006-08-24,32.7058,32.7913,32.4236,32.7058,78985300
2006-08-25,32.6374,33.0393,32.5434,32.7657,73572900
2006-08-28,32.74,33.1675,32.6972,33.0136,80035000
2006-08-29,32.988,33.1419,32.6459,33.1162,104842000
2006-08-30,33.1077,33.3727,33.0051,33.2701,75687200
2006-08-31,33.3129,33.3728,33.1419,33.236,61207200
2006-09-01,33.4155,33.5267,33.2616,33.4155,69388500
2006-09-05,33.4326,33.7575,33.2188,33.7404,85582800
2006-09-06,33.4326,33.5096,33.0136,33.0649,97888600
2006-09-07,32.9623,33.2616,32.7999,32.911,115877400
2006-09-08,32.9538,33.1932,32.8854,33.1077,96627000
2006-09-11,32.8426,33.4754,32.7657,33.3129,142377500
2006-09-12,33.3043,34.0311,33.3043,33.9285,124102400
2006-09-13,33.9542,34.1851,33.8858,34.1594,116054300
2006-09-14,34.0739,34.3903,33.997,34.1936,98116000
2006-09-15,34.4785,34.6154,34.2218,34.3159,137825600
2006-09-18,34.3245,34.564,34.1705,34.3245,117806700
2006-09-19,34.4101,34.4357,33.8112,34.0935,159060800
2006-09-20,34.393,34.6838,34.3844,34.5897,116635500
2006-09-21,34.6753,34.7951,34.2903,34.3758,121886900
2006-09-22,34.3502,34.3587,33.9652,34.1106,100996400
2006-09-25,34.256,34.7865,33.948,34.7095,136473400
2006-09-26,34.6667,34.9063,34.5641,34.8806,113375600
2006-09-27,34.795,35.0346,34.6496,34.8378,113003800
2006-09-28,34.8806,34.9833,34.5897,34.9319,85943600
2006-09-29,34.9918,35.0175,34.7523,34.7779,85438200
2006-10-02,34.7351,34.8207,34.2903,34.3416,97068800
2006-10-03,34.2389,34.6325,34.1192,34.487,116261400
2006-10-04,34.4272,35.3426,34.3416,35.334,149209500
2006-10-05,35.334,35.5565,35.2314,35.5051,91799900
2006-10-06,35.3854,35.5565,35.2827,35.4282,85450400
2006-10-09,35.3854,35.7105,35.3512,35.5479,62786100
2006-10-10,35.5907,35.719,35.3426,35.6078,98181800
2006-10-11,35.4453,35.7875,35.2228,35.5394,136561300
2006-10-12,35.7276,36.1468,35.6763,36.104,95260200
2006-10-13,36.1297,36.3778,36.0527,36.3008,80470200
2006-10-16,36.3008,36.4634,36.2751,36.335,62017400
2006-10-17,36.0784,36.104,35.7276,35.9329,146149100
2006-10-18,36.1211,36.1981,35.6335,35.7618,120366100
2006-10-19,35.6677,36.027,35.5822,35.8474,108198400
2006-10-20,35.9671,36.0014,35.6249,35.9329,105454300
2006-10-23,35.8645,36.4291,35.7789,36.3008,126960500
2006-10-24,36.1725,36.3179,35.8645,36.0527,103541700
2006-10-25,36.0698,36.3778,35.9757,36.3008,125399500
2006-10-26,36.4292,36.72,36.1212,36.6345,130260700
2006-10-27,36.5489,36.6345,36.0014,36.1126,129375000
2006-10-30,36.0698,36.489,35.9843,36.3436,103899900
2006-10-31,36.412,36.5831,36.1981,36.4291,135811800
2006-11-01,36.5575,36.5917,35.7789,35.9329,148960600
2006-11-02,35.7704,36.0527,35.7105,35.9672,100216400
2006-11-03,36.0185,36.0955,35.5992,35.873,119263300
2006-11-06,35.9928,36.5404,35.9843,36.3949,101283300
2006-11-07,36.3949,36.8655,36.335,36.643,139706500
2006-11-08,36.4377,36.9596,36.335,36.8141,180245700
2006-11-09,37.0109,37.0879,36.5061,36.643,124278000
2006-11-10,36.6516,36.8227,36.5061,36.8141,82419400
2006-11-13,36.8312,37.2505,36.7885,37.1906,89146200
2006-11-14,37.2162,37.6184,36.9938,37.5841,121962800
2006-11-15,37.6355,37.9862,37.5756,37.7381,116565900
2006-11-16,37.8665,38.0033,37.6611,37.9007,113513200
2006-11-17,37.6954,37.9007,37.6012,37.9007,95162500
2006-11-20,37.7809,38.0547,37.6526,37.9777,107184100
2006-11-21,38.0033,38.0803,37.8579,38.029,68092200
2006-11-22,38.1402,38.2857,37.8665,38.2686,69852700
2006-11-24,37.9862,38.3798,37.9691,38.2001,51762900
2006-11-27,38.0803,38.1659,37.336,37.336,159506300
2006-11-28,37.2248,37.5071,37.0794,37.4472,118268400
2006-11-29,37.644,37.798,37.3531,37.7039,139515500
2006-11-30,37.6868,37.8836,37.4644,37.6782,123457100
2006-12-01,37.644,37.9435,37.0109,37.3531,144559600
2006-12-04,37.4643,38.0547,37.4643,37.8665,89782400
2006-12-05,37.9777,38.1146,37.8066,38.0034,84697500
2006-12-06,37.8836,37.9862,37.7039,37.8665,78207500
2006-12-07,37.9349,38.0547,37.3874,37.3874,124936100
2006-12-08,37.2676,37.8665,37.1906,37.5585,133798700
2006-12-11,37.4986,37.9606,37.4301,37.6954,72931300
2006-12-12,37.6868,37.7552,37.2676,37.4729,110985900
2006-12-13,37.7296,37.7381,37.3189,37.5414,79035500
2006-12-14,37.6183,38.1317,37.5927,37.9606,109104200
2006-12-15,38.2724,38.3409,37.9897,38.0582,99942300
2006-12-18,38.1867,38.3323,37.5186,37.6813,121588700
2006-12-19,37.3901,37.7413,37.1588,37.5614,136535200
2006-12-20,37.6042,37.7841,37.4072,37.4243,67213400
2006-12-21,37.4672,37.51,37.0132,37.1588,102952300
2006-12-22,37.1759,37.1845,36.7733,36.7733,92858600
2006-12-26,36.7733,36.9361,36.7305,36.9275,50848600
2006-12-27,37.0132,37.1759,36.919,37.116,54129200
2006-12-28,37.0046,37.1588,36.8761,36.9361,69016000
2006-12-29,36.996,37.3558,36.9361,36.9703,75152500
2007-01-03,37.2273,37.7413,36.4221,37.0389,167689500
2007-01-04,37.0903,37.8698,36.9618,37.7413,136853500
2007-01-05,37.647,37.647,37.2444,37.5614,138958800
2007-01-08,37.5957,37.7927,37.3815,37.5871,106401600
2007-01-09,37.6985,37.9383,37.373,37.7756,121577500
2007-01-10,37.6556,38.2552,37.5357,38.221,121070100
2007-01-11,38.2981,38.752,38.2467,38.615,174029800
2007-01-12,38.5636,38.8463,38.5208,38.812,104217300
2007-01-16,38.8463,38.8891,38.6578,38.7863,95690500
2007-01-17,38.6236,38.7949,38.4009,38.4694,127142600
2007-01-18,38.3666,38.4094,37.6471,37.7584,189029800
2007-01-19,37.6642,37.9297,37.6128,37.8355,127544300
2007-01-22,37.8698,37.8869,37.2702,37.4243,123441700
2007-01-23,37.3986,37.6728,37.2616,37.3301,133103600
2007-01-24,37.57,37.964,37.4929,37.9469,117615300
2007-01-25,37.9983,38.0925,37.3301,37.4586,158337600
2007-01-26,37.5271,37.5443,37.0817,37.3216,146284300
2007-01-29,37.2273,37.6128,37.1759,37.3558,104191500
2007-01-30,37.4158,37.51,37.2787,37.373,69605900
2007-01-31,37.3301,37.8526,37.116,37.7498,157772500
2007-02-01,37.9212,38.0325,37.5614,37.6899,147365600
2007-02-02,37.7927,37.904,37.6385,37.8269,98189200
2007-02-05,37.8098,37.9983,37.6556,37.7927,96347800
2007-02-06,37.8612,37.8869,37.3815,37.7413,121110200
2007-02-07,37.9297,38.2467,37.7927,38.0839,117823800
2007-02-08,38.0325,38.2038,37.8869,38.0753,89521900
2007-02-09,38.1782,38.3066,37.4586,37.5871,133472000
2007-02-12,37.5785,37.5957,37.3387,37.4415,126940000
2007-02-13,37.5014,37.6899,37.4329,37.57,93648000
2007-02-14,37.7241,38.298,37.7241,38.2038,133370000
2007-02-15,38.2295,38.4266,38.161,38.4266,110452500
2007-02-16,38.2552,38.4009,38.1781,38.2981,72342200
2007-02-20,38.2381,38.6493,38.0582,38.5893,93629000
2007-02-21,38.4779,38.7263,38.4008,38.7092,95864000
2007-02-22,38.8548,39.0176,38.6064,38.9062,116344400
2007-02-23,38.9062,38.9405,38.5979,38.7692,113467100
2007-02-26,38.9576,38.9748,38.3409,38.5807,101623700
2007-02-27,38.0068,38.1011,36.8847,36.9961,317813200
2007-02-28,36.9618,37.4843,36.7733,37.116,214978700
2007-03-01,36.4478,37.2959,36.1823,36.9447,231806500
2007-03-02,36.6448,36.9532,36.3793,36.3879,183359400
2007-03-05,36.1052,36.662,36.0281,36.1052,171885400
2007-03-06,36.4307,36.8247,36.405,36.7048,155551800
2007-03-07,36.7134,36.8161,36.5335,36.5592,119979300
2007-03-08,36.9447,37.0389,36.6962,36.8076,120900700
2007-03-09,37.116,37.1245,36.5335,36.7733,128597600
2007-03-12,36.7219,37.0731,36.6877,37.0132,81310100
2007-03-13,36.8333,37.0389,36.2851,36.2936,171231800
2007-03-14,36.3451,36.8333,36.0624,36.8247,192586700
2007-03-15,36.7476,36.8847,36.5934,36.7391,111627400
2007-03-16,36.8051,36.8908,36.5222,36.7108,108328800
2007-03-19,36.9079,37.1908,36.8137,37.0879,95913200
2007-03-20,37.0794,37.3622,37.0365,37.3536,78755700
2007-03-21,37.4051,38.0908,37.1565,38.0736,173333500
2007-03-22,38.0908,38.0993,37.7908,37.9365,114856300
2007-03-23,37.9365,38.0308,37.7736,37.8165,68530300
2007-03-26,37.8336,37.9879,37.3965,37.9708,114237300
2007-03-27,37.9108,37.9194,37.6708,37.7051,76419200
2007-03-28,37.5422,37.7393,37.2936,37.3022,142795000
2007-03-29,37.5594,37.5851,36.9422,37.3451,124407000
2007-03-30,37.3365,37.6022,37.0451,37.3108,120418700
2007-04-02,37.4308,37.5079,37.1136,37.3622,89617700
2007-04-03,37.5593,37.9793,37.5336,37.8508,105814500
2007-04-04,37.8765,38.0393,37.8251,38.0051,85147200
2007-04-05,37.9622,38.2108,37.9108,38.1936,54220200
2007-04-09,38.3222,38.3565,38.0393,38.0993,63050200
2007-04-10,38.0908,38.2965,38.065,38.2965,76364500
2007-04-11,38.2622,38.2793,37.7736,37.8936,114012300
2007-04-12,37.8336,38.245,37.6708,38.1936,113801300
2007-04-13,38.2022,38.3308,37.9622,38.2708,94572000
2007-04-16,38.4251,38.6993,38.4251,38.6222,72803200
2007-04-17,38.6993,38.7422,38.5365,38.7079,81852300
2007-04-18,38.5108,38.7679,38.425,38.5793,82002500
2007-04-19,38.4079,38.785,38.3308,38.6993,95413000
2007-04-20,39.0165,39.145,38.7422,38.9136,122377400
2007-04-23,38.965,39.085,38.8622,38.9736,85303300
2007-04-24,39.1107,39.2822,38.8536,39.1707,108143700
2007-04-25,39.2993,39.7022,39.1708,39.6936,106818100
2007-04-26,39.7879,39.985,39.7107,39.8993,99308300
2007-04-27,39.745,40.0279,39.6765,39.9165,96536500
2007-04-30,39.8479,39.8822,39.3593,39.3936,93290500
2007-05-01,39.4022,39.5479,39.1365,39.3593,135044400
2007-05-02,39.505,39.925,39.4707,39.7879,91971600
2007-05-03,39.865,40.045,39.7965,39.9336,98003600
2007-05-04,40.0879,40.1907,39.7879,39.9679,93591800
2007-05-07,39.9936,40.0965,39.9165,39.9679,47487900
2007-05-08,39.8307,40.0879,39.685,40.0536,95138900
2007-05-09,39.8479,40.2593,39.8222,40.1393,116021000
2007-05-10,40.0021,40.0964,39.4879,39.5907,171196300
2007-05-11,39.6336,40.0964,39.5822,40.0964,104767900
2007-05-14,40.0879,40.1822,39.5907,39.8222,118899200
2007-05-15,39.7879,40.0279,39.4193,39.5136,179438500
2007-05-16,39.5993,39.9079,39.3507,39.8993,144420500
2007-05-17,39.8479,39.9164,39.6764,39.7107,109869100
2007-05-18,39.8393,40.0365,39.7536,40.0365,104961700
2007-05-21,40.0622,40.4907,40.0022,40.2936,112831400
2007-05-22,40.3193,40.525,40.1736,40.3279,98029100
2007-05-23,40.4479,40.6022,40.1136,40.1393,119220600
2007-05-24,40.165,40.3193,39.4022,39.565,206268600
2007-05-25,39.6507,39.9079,39.5822,39.8136,87143200
2007-05-29,39.8565,40.165,39.7793,40.1222,99702400
2007-05-30,39.8393,40.4564,39.7279,40.4479,132036500
2007-05-31,40.5593,40.7307,40.465,40.6364,109457700
2007-06-01,40.7822,40.945,40.6022,40.6622,125089800
2007-06-04,40.5164,40.8336,40.4907,40.7821,64782700
2007-06-05,40.6707,40.7821,40.285,40.7821,151160400
2007-06-06,40.6022,40.6107,40.2507,40.345,183166500
2007-06-07,40.2079,40.465,39.7022,39.7193,221373300
2007-06-08,39.7022,40.225,39.565,40.2079,177587800
2007-06-11,40.1822,40.4479,40.0793,40.1307,97100400
2007-06-12,39.9164,40.3193,39.8136,39.8907,153967700
2007-06-13,40.0622,40.3622,39.8907,40.3279,147985300
2007-06-14,40.3707,40.705,40.3622,40.5936,101531900
2007-06-15,40.9685,41.0628,40.8741,40.9685,100378400
2007-06-18,41.0456,41.0628,40.8912,40.977,75713200
2007-06-19,40.8569,41.0542,40.754,40.9685,109621300
2007-06-20,41.0285,41.1057,40.5224,40.5824,161889500
2007-06-21,40.5653,40.9942,40.3851,40.9513,143181300
2007-06-22,40.8655,40.9255,40.4366,40.5653,153328700
2007-06-25,40.5738,40.814,40.1621,40.3937,136602600
2007-06-26,40.5824,40.591,40.0935,40.1621,128211900
2007-06-27,40.1192,40.7969,40.0592,40.7797,141196200
2007-06-28,40.7626,41.0456,40.7197,40.7626,116546300
2007-06-29,40.9856,41.0714,40.4966,40.8312,124794700
2007-07-02,40.9255,41.2172,40.8998,41.2,80863100
2007-07-03,41.2515,41.4488,41.2086,41.4402,34803300
2007-07-05,41.466,41.8348,41.4231,41.7404,73588500
2007-07-06,41.7834,41.9549,41.6032,41.912,65804300
2007-07-09,41.9463,42.0149,41.7919,41.9377,66768800
2007-07-10,41.7062,41.9463,41.5432,41.5861,104383100
2007-07-11,41.4917,41.8691,41.4488,41.8691,99637600
2007-07-12,42.0064,42.6068,41.9635,42.5125,107667100
2007-07-13,42.5725,42.8642,42.5211,42.8041,74232200
2007-07-16,42.7956,42.9585,42.684,42.7612,77799500
2007-07-17,42.8556,43.1472,42.8213,43.0872,124833700
2007-07-18,42.847,43.0357,42.5811,43.0357,144915900
2007-07-19,43.2416,43.4561,43.1558,43.1644,116563800
2007-07-20,43.1386,43.1987,42.6669,42.9328,163721300
2007-07-23,43.0786,43.1558,42.8213,42.9499,107464100
2007-07-24,42.6326,42.9757,42.075,42.3152,175496200
2007-07-25,42.5296,42.6068,42.0836,42.3752,170258700
2007-07-26,42.0836,42.4353,41.2172,42.0149,318522000
2007-07-27,41.9377,42.135,41.1657,41.1657,246387600
2007-07-30,41.363,41.8005,41.1314,41.6461,166517200
2007-07-31,42.0064,42.0235,40.6854,40.7711,260224500
2007-08-01,40.651,41.1143,40.2993,41.0885,301153900
2007-08-02,41.1143,41.5432,40.9942,41.466,177369900
2007-08-03,41.3888,41.4402,40.4452,40.6768,166048400
2007-08-06,40.7197,41.1915,40.3422,41.1486,190869100
2007-08-07,41.0714,41.7061,40.7283,41.4402,167109700
2007-08-08,41.6118,42.0836,41.5174,41.8949,164831200
2007-08-09,41.3373,42.0064,40.9084,40.9255,242418200
2007-08-10,40.4881,41.0285,39.9991,40.5567,247006400
2007-08-13,40.8998,41.0714,40.7282,40.8312,116935100
2007-08-14,40.917,40.9513,40.0849,40.1364,153529800
2007-08-15,40.042,40.3937,39.2957,39.3729,214854100
2007-08-16,39.0555,39.3815,38.0776,38.9869,362468700
2007-08-17,39.7246,39.9648,39.107,39.7246,223246600
2007-08-20,39.879,40.0763,39.5273,39.9133,144715100
2007-08-21,39.8705,40.428,39.7933,40.3337,115027200
2007-08-22,40.6425,40.9169,40.5481,40.8826,115814100
2007-08-23,40.9942,41.0456,40.5138,40.7711,118663400
2007-08-24,40.6425,41.3716,40.591,41.3459,88189200
2007-08-27,41.2258,41.3459,41.037,41.0714,72490400
2007-08-28,40.8312,40.917,40.0678,40.0935,106024800
2007-08-29,40.3594,41.2772,40.3594,41.2429,113201000
2007-08-30,41.0285,41.8091,40.9599,41.4574,138930000
2007-08-31,41.912,42.0836,41.6976,41.9206,94687200
2007-09-04,41.9721,42.8899,41.9549,42.6154,98480900
2007-09-05,42.5125,42.5897,41.9206,42.1865,114049300
2007-09-06,42.2294,42.3409,41.8691,42.1522,99222600
2007-09-07,41.629,41.689,41.1314,41.3716,152438000
2007-09-10,41.7061,41.8176,41.0113,41.3459,125199400
2007-09-11,41.6118,42.0235,41.5432,41.9721,103064500
2007-09-12,41.8949,42.3495,41.8434,41.9806,93993400
2007-09-13,42.2809,42.3323,41.9806,42.1865,80807500
2007-09-14,41.8605,42.298,41.8005,42.2208,99801200
2007-09-17,42.0321,42.1179,41.6804,41.8691,84882300
2007-09-18,42.1093,42.9585,41.8863,42.9242,151452100
2007-09-19,43.1387,43.396,42.8727,43.0357,127025800
2007-09-20,42.9414,43.1129,42.8213,42.9156,109970600
2007-09-21,43.1525,43.3585,42.9208,43.2212,86829500
2007-09-24,43.3327,43.7361,43.1954,43.4186,107226800
2007-09-25,43.2727,43.8305,43.2212,43.8305,101102200
2007-09-26,44.0794,44.2082,43.8734,44.0451,96124600
2007-09-27,44.3026,44.3283,44.0794,44.2682,73423200
2007-09-28,44.2339,44.3541,43.9249,44.1223,75546000
2007-10-01,44.1567,44.766,44.0966,44.6287,100404100
2007-10-02,44.663,44.6802,44.3884,44.6373,71046000
2007-10-03,44.4914,44.6888,44.1996,44.3283,106785000
2007-10-04,44.4141,44.4828,44.0622,44.4313,84129300
2007-10-05,44.7746,45.4011,44.6802,45.3325,115674700
2007-10-08,45.3153,45.6243,45.238,45.6157,63022400
2007-10-09,45.7187,45.8731,45.5127,45.8131,93965600
2007-10-10,45.8217,45.9761,45.6672,45.9246,91777500
2007-10-11,46.1649,46.2937,44.869,45.1951,239786700
2007-10-12,45.4011,45.9504,45.3153,45.9418,131676000
2007-10-15,46.0105,46.0963,45.2295,45.5899,121578700
2007-10-16,45.3067,45.7272,45.2123,45.3754,193676600
2007-10-17,46.019,46.0534,45.2123,45.959,183985200
2007-10-18,45.7702,46.2508,45.5899,46.1564,144491200
2007-10-19,46.1478,46.1478,44.9634,45.0063,245111500
2007-10-22,44.766,45.5899,44.6458,45.547,207052100
2007-10-23,46.0105,46.5254,45.7788,46.4997,162360600
2007-10-24,46.122,46.2937,45.1436,46.1478,298293400
2007-10-25,46.2508,46.328,45.2724,45.5299,233833100
2007-10-26,46.4138,46.5168,45.8646,46.2851,146690300
2007-10-29,46.5082,46.6284,46.2078,46.4739,101896600
2007-10-30,46.2937,46.8258,46.2593,46.5683,114616600
2007-10-31,46.7485,47.2635,46.3795,47.2292,148431900
2007-11-01,46.9288,47.006,46.3194,46.3452,181974200
2007-11-02,46.7056,46.8172,46.0019,46.7056,217882900
2007-11-05,46.225,46.6885,45.9933,46.4053,150588900
2007-11-06,46.6284,46.9374,46.1564,46.9288,131884700
2007-11-07,46.534,46.843,45.753,45.7873,197908200
2007-11-08,45.6071,45.7702,43.5988,44.397,380626400
2007-11-09,43.5387,43.8734,42.9122,42.9122,309414900
2007-11-12,42.8435,43.1182,41.7536,41.8222,283216000
2007-11-13,42.3887,43.5902,42.3543,43.5473,255625900
2007-11-14,44.1052,44.1481,42.8264,42.9894,263284100
2007-11-15,42.9122,43.3757,42.3715,42.7577,251548800
2007-11-16,43.0495,43.3327,42.3458,43.1525,263623700
2007-11-19,43.0495,43.2984,42.4058,42.6547,198651100
2007-11-20,42.8779,43.5816,41.9939,42.8264,300763600
2007-11-21,42.4402,43.0581,41.9252,42.32,212225400
2007-11-23,42.5947,42.8865,42.3715,42.7749,46463300
2007-11-26,42.8865,43.2298,41.9681,42.0368,150352100
2007-11-27,42.3973,42.9551,42.1398,42.8779,211369300
2007-11-28,43.4529,44.3712,43.4271,44.1824,216868100
2007-11-29,44.0107,44.5343,43.9421,44.3712,172087300
2007-11-30,44.8089,44.8433,43.7275,44.0365,171417400
2007-12-03,43.8477,44.2253,43.616,43.6674,108625700
2007-12-04,43.3327,43.7189,43.2383,43.4872,113374100
2007-12-05,43.9421,44.6287,43.9078,44.2682,137614200
2007-12-06,44.3111,44.9462,44.294,44.9033,99724500
2007-12-07,44.8776,45.0922,44.6974,44.9119,88992300
2007-12-10,45.0235,45.2209,44.9033,45.0921,75657900
2007-12-11,45.1608,45.3496,43.9507,44.0451,167064300
2007-12-12,44.8433,44.9977,43.6761,44.4399,162975200
2007-12-13,44.0537,44.3112,43.7533,44.1996,153476200
2007-12-14,43.8477,44.2854,43.7018,43.7447,128396700
2007-12-17,43.5817,43.7619,42.6633,42.6805,134377000
2007-12-18,43.1182,43.1439,42.2085,42.8178,154251700
2007-12-19,42.8178,43.0838,42.5775,42.8092,137970900
2007-12-20,43.4443,43.7361,43.0839,43.6846,167341700
2007-12-21,44.4003,44.5893,44.2285,44.5464,107573500
2007-12-24,44.6838,45.0189,44.6323,44.8814,34499800
2007-12-26,44.7869,45.2165,44.6752,45.1048,58492100
2007-12-27,44.9587,45.1048,44.4261,44.5635,65778900
2007-12-28,44.7096,44.8127,44.1855,44.5206,67545400
2007-12-31,44.3058,44.4003,43.9965,44.0051,70135600
2008-01-02,44.048,44.2199,43.0686,43.3092,152344100
2008-01-03,43.3092,43.6099,43.0858,43.4896,114103700
2008-01-04,42.7937,42.8109,41.4191,41.5823,212617600
2008-01-07,41.5823,41.7541,40.749,41.3847,235083600
2008-01-08,41.4706,41.8916,40.3108,40.3108,261669800
2008-01-09,40.474,41.2043,39.9156,41.1699,254011800
2008-01-10,40.7489,41.5909,40.6287,41.2301,249958500
2008-01-11,41.0067,41.0411,40.1218,40.4225,211685200
2008-01-14,40.9723,41.2473,40.6459,41.127,168048500
2008-01-15,40.6974,40.8263,39.8211,39.9929,241094900
2008-01-16,39.6836,40.3022,39.0564,39.5633,265625900
2008-01-17,39.7266,40.0187,38.8331,39.0135,254098800
2008-01-18,39.2111,39.6407,38.6441,38.9619,273063300
2008-01-22,36.7969,38.4636,36.711,37.9567,325732000
2008-01-23,36.5478,37.931,35.7488,37.8107,390129000
2008-01-24,37.9653,38.6011,37.8537,38.5839,250249100
2008-01-25,39.4087,39.4087,37.7505,37.7935,199299100
2008-01-28,37.8193,38.1801,37.4327,38.0856,163711200
2008-01-29,38.2832,38.3863,37.8365,38.1544,138520000
2008-01-30,38.0169,38.9362,37.9567,38.12,220824400
2008-01-31,37.6904,39.1681,37.6475,38.7729,246824100
2008-02-01,39.0908,39.4173,38.5581,39.1681,161920300
2008-02-04,39.1595,39.1853,38.6097,38.6183,100209900
2008-02-05,37.9482,38.3176,37.4928,37.5186,188990400
2008-02-06,37.7334,37.9481,36.7454,36.7797,178285000
2008-02-07,36.3673,37.6217,36.2127,37.0375,286254800
2008-02-08,37.1148,37.6045,36.8914,37.4585,173781300
2008-02-11,37.6045,37.9911,37.4069,37.8623,119562300
2008-02-12,38.0942,38.3863,37.3811,37.6475,145412400
2008-02-13,38.1372,38.5582,37.9396,38.4722,148685900
2008-02-14,38.5324,38.5324,37.7076,37.7763,170868900
2008-02-15,37.5701,37.7849,37.3296,37.6475,100053300
2008-02-19,38.1458,38.2317,37.1749,37.5787,110507600
2008-02-20,37.1663,37.8794,37.1492,37.7506,137338800
2008-02-21,38.1114,38.2059,37.2351,37.3897,127857000
2008-02-22,37.5186,37.5358,36.5993,37.5272,157364700
2008-02-25,37.4842,37.8622,37.2351,37.7162,121444300
2008-02-26,37.5014,38.2145,37.2609,37.8623,148375900
2008-02-27,37.6045,38.1973,37.5186,38.0512,125682600
2008-02-28,37.9052,38.2575,37.7592,37.9052,129196700
2008-02-29,37.5014,37.6045,36.8141,36.9,188724500
2008-03-03,36.8742,36.9344,36.29,36.6594,132963800
2008-03-04,36.4275,36.9774,36.101,36.8657,183851000
2008-03-05,36.9344,37.4069,36.7282,37.046,183208300
2008-03-06,37.0203,37.1749,36.1697,36.2299,152752200
2008-03-07,36.0151,36.6337,35.5511,36.144,242552400
2008-03-10,36.0924,36.2041,35.3707,35.448,146801900
2008-03-11,35.9635,36.8141,35.6628,36.7969,196755300
2008-03-12,36.943,37.321,36.5993,36.6938,155566100
2008-03-13,36.2814,37.2265,35.9206,36.9773,208967900
2008-03-14,37.2265,37.2694,35.8605,36.2986,309589800
2008-03-17,35.4738,36.0924,35.2676,35.6371,193130600
2008-03-18,36.29,37.2351,36.1783,37.2265,216300400
2008-03-19,37.3811,37.4584,36.2814,36.3072,216157200
2008-03-20,36.413,37.0578,36.198,37.0492,128397000
2008-03-24,37.2126,38.4851,37.2126,38.3303,125018000
2008-03-25,38.4335,38.7516,38.0724,38.5453,118107500
2008-03-26,38.4077,38.5625,38.0724,38.4335,124824600
2008-03-27,38.2099,38.2701,37.5823,37.5823,143868600
2008-03-28,37.8488,38.124,37.2556,37.3931,111822300
2008-03-31,37.5307,37.8488,37.3587,37.5909,113644800
2008-04-01,38.1928,39.2159,38.1842,39.1987,137494400
2008-04-02,39.2933,39.5685,38.8376,39.1128,132486800
2008-04-03,38.9408,39.4739,38.8118,39.1987,140033800
2008-04-04,39.3535,39.8522,39.0354,39.4309,139261000
2008-04-07,39.6716,39.9038,39.2503,39.3449,102297100
2008-04-08,39.044,39.3105,38.8462,39.044,97435200
2008-04-09,39.0956,39.1128,38.3733,38.6055,127182300
2008-04-10,38.6313,39.4137,38.6313,39.1558,112773800
2008-04-11,38.7087,38.7774,37.9348,38.0724,120135400
2008-04-14,38.0122,38.2443,37.7886,37.9004,89274600
2008-04-15,38.038,38.1326,37.5565,37.952,124232300
2008-04-16,38.4249,39.1041,38.3905,39.0096,134027900
2008-04-17,39.0526,39.0956,38.6743,38.9236,124953100
2008-04-18,39.9554,40.3509,39.7404,40.1617,133022500
2008-04-21,40.0843,40.4799,39.9726,40.4455,83303200
2008-04-22,40.1961,40.2133,39.4911,39.8436,104689600
2008-04-23,40.1359,40.4627,39.7834,40.2821,131086200
2008-04-24,40.2993,41.0903,39.8866,40.6432,166509000
2008-04-25,40.6862,40.712,40.0414,40.5401,121945400
2008-04-28,40.6346,40.9442,40.5229,40.6174,71244000
2008-04-29,40.5401,41.0645,40.4627,40.927,91270600
2008-04-30,41.0129,41.3225,40.4369,40.5916,132152700
2008-05-01,40.6088,41.8899,40.6002,41.8727,143596900
2008-05-02,42.2683,42.2941,41.5632,41.9329,124990000
2008-05-05,41.9329,42.1565,41.6148,41.8126,75624700
2008-05-06,41.6922,42.2425,41.3912,42.0705,139582600
2008-05-07,42.0791,42.3285,41.1591,41.3053,140008300
2008-05-08,41.4772,41.8727,41.3225,41.6148,128058700
2008-05-09,41.3053,41.6664,41.1849,41.4514,97062000
2008-05-12,41.5116,42.2941,41.4429,42.2081,89606500
2008-05-13,42.2253,42.4144,41.9243,42.3199,85448100
2008-05-14,42.4832,42.9303,42.1651,42.2253,143598200
2008-05-15,42.2339,43.0077,42.1135,42.9647,157248900
2008-05-16,43.0507,43.0851,42.5176,42.9991,146563200
2008-05-19,43.0335,43.3946,42.423,42.6896,140048700
2008-05-20,42.5348,42.5348,42.0361,42.3629,137163700
2008-05-21,42.4144,42.6466,41.2881,41.4256,192806700
2008-05-22,41.5288,41.8642,41.3655,41.5718,153198200
2008-05-23,41.4256,41.5718,41.1161,41.4428,121698400
2008-05-27,41.5288,42.2253,41.5202,42.1737,106984300
2008-05-28,42.3714,42.4402,41.9157,42.3456,121363000
2008-05-29,42.3715,42.9647,42.3457,42.724,143993000
2008-05-30,42.8873,43.1969,42.7756,42.9991,94153600
2008-06-02,42.9217,42.9217,42.0963,42.4746,144359900
2008-06-03,42.638,42.9045,41.847,42.2425,167606900
2008-06-04,42.1135,43.0765,42.0791,42.7841,174870800
2008-06-05,42.8959,43.515,42.7326,43.4634,126653700
2008-06-06,43.0851,43.1711,42.1479,42.1565,189136000
2008-06-09,42.2425,42.2941,41.2279,41.9329,208897300
2008-06-10,41.503,42.0791,41.4085,41.7352,162798500
2008-06-11,41.6492,41.718,40.712,40.7292,170366900
2008-06-12,41.0215,41.3654,40.4111,40.7722,189913200
2008-06-13,41.0215,41.675,40.8066,41.589,167855000
2008-06-16,41.3741,42.1479,41.3311,41.9587,136343900
2008-06-17,42.0877,42.1823,41.675,41.7352,122932000
2008-06-18,41.4944,41.6578,41.1247,41.2881,169338100
2008-06-19,41.2107,42.1393,40.9356,41.9329,221304200
2008-06-20,41.5836,41.6008,40.62,40.8006,197434200
2008-06-23,40.9641,41.076,40.422,40.4823,131488800
2008-06-24,40.293,40.7576,39.9316,40.2758,178293800
2008-06-25,40.4479,41.2997,40.3876,40.9297,179023400
2008-06-26,40.1725,40.1811,39.2691,39.2777,190028300
2008-06-27,39.2347,39.4928,38.6926,39.2777,181351800
2008-06-30,39.1572,39.4326,38.8475,38.8647,132912400
2008-07-01,38.555,39.4584,38.4431,39.4154,245494300
2008-07-02,39.5358,39.6907,38.4087,38.4689,199576400
2008-07-03,38.7013,38.7873,38.099,38.4001,123118300
2008-07-07,38.7529,39.1142,38.0645,38.6324,181011300
2008-07-08,38.6754,39.5874,38.5205,39.553,206151200
2008-07-09,39.5444,39.6047,38.4861,38.5033,168500300
2008-07-10,38.5636,39.0798,38.185,38.9594,238811500
2008-07-11,38.555,38.9507,37.729,38.3399,265514700
2008-07-14,38.8389,38.8733,37.9183,38.0559,177389800
2008-07-15,37.8666,38.6582,37.2558,38.0645,283891100
2008-07-16,38.1678,39.0454,37.7892,39.011,186047800
2008-07-17,39.2433,39.424,38.7012,39.2691,197555100
2008-07-18,38.8389,38.8647,38.3657,38.3657,160661000
2008-07-21,38.7184,38.8819,38.2796,38.5292,128107800
2008-07-22,37.8838,38.555,37.7376,38.5292,152524500
2008-07-23,38.5894,39.4842,38.4775,39.0368,169259100
2008-07-24,39.2175,39.2433,38.4173,38.4517,145561000
2008-07-25,38.7012,39.1314,38.5119,38.9507,111616700
2008-07-28,38.9422,39.1659,38.0387,38.2194,124028500
2008-07-29,38.3829,39.1831,38.3485,39.011,142290900
2008-07-30,39.1228,39.424,38.6152,39.2089,165679900
2008-07-31,38.8217,39.7079,38.7357,39.1143,180473100
2008-08-01,39.1573,39.1917,38.2022,38.6152,180350400
2008-08-04,38.6066,38.6496,38.1162,38.228,116298000
2008-08-05,38.6238,39.553,38.5808,39.5186,151657400
2008-08-06,39.5358,40.2758,39.2175,40.1209,133463700
2008-08-07,39.88,40.3102,39.6477,39.8112,152805800
2008-08-08,39.7854,40.8179,39.7079,40.7146,143121500
2008-08-11,40.6974,41.5406,40.5597,41.0846,157290100
2008-08-12,41.076,41.4373,40.8781,41.1276,140549300
2008-08-13,41.0587,41.4029,40.6544,41.0415,169652100
2008-08-14,40.9039,41.6955,40.8609,41.5148,158069200
2008-08-15,41.5836,41.7901,41.2652,41.4373,123115900
2008-08-18,41.5578,41.5664,40.663,40.9555,151399100
2008-08-19,40.749,40.9469,40.2242,40.4479,155410600
2008-08-20,40.7318,40.9211,40.2156,40.5167,155466700
2008-08-21,40.2156,40.5081,39.9058,40.3274,118916200
2008-08-22,40.5425,41.0244,40.5081,40.8609,96515500
2008-08-25,40.5769,40.62,39.8972,40.0005,128076500
2008-08-26,40.0263,40.2414,39.6821,39.9488,107225500
2008-08-27,39.966,40.5167,39.8284,40.207,108489900
2008-08-28,40.3704,40.6802,40.293,40.5339,112808600
2008-08-29,40.1037,40.5425,39.51,39.6821,133184300
2008-09-02,40.3274,40.5081,39.011,39.1917,162277500
2008-09-03,39.1057,39.2691,38.5378,38.8217,161682900
2008-09-04,38.598,38.641,37.5655,37.5655,219004700
2008-09-05,37.2385,37.6687,36.8341,37.3848,247977500
2008-09-08,37.8753,38.0473,36.7223,37.316,311065100
2008-09-09,37.2988,37.6773,36.4384,36.5244,214180600
2008-09-10,36.8772,37.1525,36.5244,36.8256,160658100
2008-09-11,36.3093,37.5913,36.2835,37.5139,203398200
2008-09-12,37.1955,37.6085,36.9116,37.3676,172094300
2008-09-15,36.4814,37.2472,36.163,36.2061,616772300
2008-09-16,35.6898,36.8599,35.6468,36.49,349506500
2008-09-17,36.0254,36.4986,34.5799,34.5971,340088000
2008-09-18,35.3628,36.1114,33.9862,35.7672,423934000
2008-09-19,37.6855,37.7372,36.2477,36.9365,263394000
2008-09-22,36.7987,36.8848,35.1284,35.1973,164698200
2008-09-23,35.4728,35.9463,34.8184,34.9304,184011200
2008-09-24,35.137,35.5244,34.8873,35.1714,159270800
2008-09-25,35.4986,36.1788,35.3264,35.7311,148586800
2008-09-26,34.7065,35.7225,34.629,35.3695,182678600
2008-09-29,34.6635,34.7668,32.0116,32.5626,307954400
2008-09-30,32.4765,33.8369,32.3732,33.5011,195436700
2008-10-01,33.4408,33.5528,32.7434,33.1481,174033300
2008-10-02,32.9329,32.9329,31.5467,31.6414,192124000
2008-10-03,32.0805,32.8726,31.0817,31.1506,272116100
2008-10-06,30.3585,30.591,28.3352,30.0141,394046600
2008-10-07,30.2552,30.3068,27.7841,28.1113,329365700
2008-10-08,27.5086,29.377,27.4139,27.8875,452066500
2008-10-09,28.5418,28.9981,26.6649,27.1384,352433900
2008-10-10,26.2774,27.9649,25.2959,26.9662,472339100
2008-10-13,28.2921,30.3499,27.8961,30.2466,276998700
2008-10-14,31.1248,31.1248,28.5762,28.9379,341595900
2008-10-15,28.6107,28.714,26.2946,26.3463,312088500
2008-10-16,26.5271,27.7841,25.184,27.7755,494783500
2008-10-17,27.2675,28.9723,27.0437,27.81,326571300
2008-10-20,28.206,28.6365,27.2934,28.5849,232783400
2008-10-21,28.1199,28.6365,27.104,27.104,239932400
2008-10-22,27.0093,27.2073,25.58,26.3549,289993600
2008-10-23,26.2516,26.7682,24.8826,26.2516,377966900
2008-10-24,24.3057,26.0449,24.1852,25.4078,322129500
2008-10-27,25.1151,26.0019,24.676,24.7018,239302300
2008-10-28,25.5542,27.4484,24.8396,27.4311,327239500
2008-10-29,27.4742,28.4815,26.9059,27.3623,341316000
2008-10-30,28.1285,28.4643,27.5344,28.2749,255292100
2008-10-31,27.8702,28.7829,27.6292,28.318,224261000
2008-11-03,28.2491,28.6623,27.9908,28.2577,128455500
2008-11-04,28.8087,29.2823,28.3955,29.0584,182487600
2008-11-05,28.869,28.9293,27.4828,27.5431,183893900
2008-11-06,27.1126,27.4397,26.1741,26.3119,220677200
2008-11-07,26.6218,27.104,26.3377,26.8543,176946200
2008-11-10,27.5258,27.5258,26.1741,26.4926,142584500
2008-11-11,26.243,26.484,25.5886,25.9158,162869800
2008-11-12,25.5283,25.6575,24.6674,24.719,184946400
2008-11-13,24.6329,26.286,23.4878,26.2257,317943900
2008-11-14,25.6403,26.1913,24.8568,24.9515,259407000
2008-11-17,24.5296,25.1667,24.3316,24.4263,202835200
2008-11-18,24.5899,24.7535,23.5825,24.4004,252661800
2008-11-19,24.4521,24.7793,23.0659,23.1262,244180600
2008-11-20,22.8421,23.6342,21.9294,22.0069,342472400
2008-11-21,22.3943,22.9712,21.5678,22.9626,282746800
2008-11-24,23.4361,24.6588,23.2295,24.366,225058200
2008-11-25,24.6329,24.6587,23.6944,24.2541,202968700
2008-11-26,24.0044,25.2787,23.9441,25.2701,164912000
2008-11-28,24.9859,25.1323,24.8223,25.072,41238200
2008-12-01,24.5382,24.5468,23.152,23.1865,149161500
2008-12-02,23.505,24.013,23.109,23.9613,181743000
2008-12-03,23.3587,24.719,23.307,24.6415,230944900
2008-12-04,24.2541,24.7793,23.5222,23.9441,188868700
2008-12-05,23.6772,25.029,23.2037,24.917,212283700
2008-12-08,25.4767,26.2257,25.3475,25.8986,185782500
2008-12-09,25.5542,26.5443,25.4595,25.8383,178148300
2008-12-10,25.9158,26.2258,25.5025,25.7522,162335100
2008-12-11,25.6661,26.0622,24.917,25.0462,167161400
2008-12-12,24.7018,25.7091,24.5124,25.5542,158600100
2008-12-15,25.5972,25.6231,24.7449,25.1065,107887000
2008-12-16,25.3303,26.398,25.0548,26.3119,169300100
2008-12-17,26.045,26.3463,25.6747,25.9933,159813500
2008-12-18,25.9933,26.1741,25.2787,25.537,142656400
2008-12-19,25.8068,26.1862,25.574,25.7465,118308900
2008-12-22,25.7465,25.7982,24.7808,25.186,95379600
2008-12-23,25.2895,25.5395,24.9101,25.0567,68764800
2008-12-24,25.1774,25.186,24.9877,25.1257,27194700
2008-12-26,25.1774,25.2033,24.9791,25.1171,20937000
2008-12-29,25.186,25.2119,24.5393,24.9101,52688300
2008-12-30,24.9791,25.5137,24.9532,25.4275,77089500
2008-12-31,25.4016,25.9362,25.393,25.643,89189700
2009-01-02,25.6516,26.8415,25.5999,26.7553,107891500
2009-01-05,26.5829,27.014,26.3759,26.7467,91751900
2009-01-06,26.945,27.2726,26.8243,27.014,136791700
2009-01-07,26.4966,26.6432,26.031,26.2466,133879800
2009-01-08,26.1948,26.557,25.9362,26.5225,131926600
2009-01-09,26.5311,26.5484,25.7982,25.9276,117137900
2009-01-12,25.962,25.9965,25.1774,25.4533,102726200
2009-01-13,25.4447,25.8499,25.1602,25.4619,186266700
2009-01-14,25.1688,25.2464,24.548,24.6859,136294000
2009-01-15,24.6342,25.2981,24.2031,25.0912,192567200
2009-01-16,25.4361,25.5223,24.7463,25.3671,175478100
2009-01-20,25.2636,25.3757,24.1082,24.1082,135105800
2009-01-21,24.5135,25.1688,24.2289,25.1343,149179600
2009-01-22,24.5911,25.2033,24.3669,24.798,200602700
2009-01-23,24.3928,25.3067,24.2634,24.9187,170164100
2009-01-26,24.9532,25.5137,24.7894,25.0998,140398700
2009-01-27,25.1084,25.4964,25.1084,25.2809,110591300
2009-01-28,25.7034,26.4276,25.7034,26.169,139722800
2009-01-29,25.85,26.2121,25.4188,25.5051,130731800
2009-01-30,25.6947,25.8068,24.9532,25.0567,140334200
2009-02-02,24.8153,25.5309,24.7808,25.3585,126796100
2009-02-03,25.4102,26.238,25.0308,25.7551,120541100
2009-02-04,25.8155,26.6173,25.6861,25.7896,175780900
2009-02-05,25.4188,26.5311,25.4016,26.3587,217578900
2009-02-06,26.4535,27.1692,26.3673,27.0485,164513200
2009-02-09,27.0657,27.3071,26.8933,27.1606,98856900
2009-02-10,26.9881,27.3158,25.9534,26.1604,232795200
2009-02-11,26.1948,26.3242,25.6344,26.0396,169117200
2009-02-12,25.7379,26.3932,25.5568,26.3587,201151400
2009-02-13,26.2811,26.5397,26.1172,26.238,145066700
2009-02-17,25.4274,25.5826,25.0567,25.1946,157783300
2009-02-18,25.3585,25.5827,24.8929,25.2119,161271900
2009-02-19,25.3671,25.5309,24.7635,24.8239,155322400
2009-02-20,24.548,25.1343,24.479,24.8929,210752400
2009-02-23,25.0308,25.0481,23.9099,24.022,169473500
2009-02-24,24.1513,24.9877,24.1082,24.8153,181337300
2009-02-25,24.6687,25.1515,24.2634,24.6514,220224700
2009-02-26,24.8153,24.9618,23.884,23.9616,211218500
2009-02-27,23.7116,24.1255,23.6168,23.7375,204492600
2009-03-02,23.3839,23.7202,22.8235,22.9701,188180400
2009-03-03,23.1598,23.4184,22.7804,22.9528,158758800
2009-03-04,23.2891,23.8927,23.2115,23.565,164911000
2009-03-05,23.3063,23.4874,22.7804,22.858,199626900
2009-03-06,22.9787,23.1166,22.1682,22.6769,218421600
2009-03-09,22.4958,23.1167,22.0992,22.1941,181098800
2009-03-10,22.6338,23.6167,22.5562,23.565,175068200
2009-03-11,23.8064,24.1341,23.5047,23.9272,173094900
2009-03-12,23.9099,24.798,23.6599,24.7204,184395100
2009-03-13,24.7118,24.867,24.4186,24.7808,156783500
2009-03-16,24.9446,24.9877,24.3065,24.3669,190269800
2009-03-17,24.4876,25.2895,24.4014,25.2895,169773800
2009-03-18,25.186,26.0396,25.0739,25.6085,208033900
2009-03-19,25.962,25.9793,25.4016,25.5913,146753400
2009-03-20,25.6422,25.9359,25.029,25.2018,149410800
2009-03-23,25.8236,26.7218,25.219,26.6873,179499000
2009-03-24,26.4627,26.67,26.1777,26.195,118757600
2009-03-25,26.4195,26.8168,25.6163,26.3159,190555200
2009-03-26,26.6009,27.1709,26.2727,27.1277,182459500
2009-03-27,26.7736,26.9291,26.5232,26.6182,156108100
2009-03-30,26.1691,26.1863,25.5818,25.9618,162919700
2009-03-31,26.1604,26.7305,26.1432,26.1863,150243800
2009-04-01,25.8582,26.67,25.7286,26.575,137950000
2009-04-02,27.05,27.8705,26.9723,27.43,212272400
2009-04-03,27.715,27.9828,27.4905,27.9396,134577300
2009-04-06,27.6287,27.9223,27.335,27.8705,160413700
2009-04-07,27.5682,27.5682,26.955,27.1364,147531200
2009-04-08,27.4041,27.7668,27.1968,27.5941,126126000
2009-04-09,28.1123,28.5096,28.0087,28.4491,131871500
2009-04-13,28.3628,28.5614,28.095,28.406,119310500
2009-04-14,28.2332,28.3973,27.8705,28.0605,124069000
2009-04-15,27.8618,28.0087,27.5077,27.9828,124808200
2009-04-16,28.3714,28.8723,28.0778,28.7082,171168000
2009-04-17,28.6478,28.9328,28.4405,28.7687,129835400
2009-04-20,28.2505,28.3455,27.6891,27.8446,123080500
2009-04-21,27.7409,28.2764,27.7064,28.2332,145490200
2009-04-22,28.0691,28.9587,27.9741,28.3196,165040500
2009-04-23,28.501,28.6219,28.0605,28.596,181666600
2009-04-24,28.7946,29.3042,28.5614,29.0969,141170000
2009-04-27,28.8637,29.4165,28.8032,29.1314,120749100
2009-04-28,28.9501,29.2869,28.8119,28.9155,108968000
2009-04-29,29.1487,29.7101,29.1055,29.3128,141413600
2009-04-30,29.7015,30.1419,29.3992,29.6065,144120400
2009-05-01,29.5978,29.831,29.3733,29.6842,100112000
2009-05-04,29.9519,30.306,29.8137,30.2715,119317400
2009-05-05,30.2197,30.2801,29.9087,30.2456,113569500
2009-05-06,30.4788,30.5219,29.7619,30.2542,178840500
2009-05-07,30.4615,30.4615,29.261,29.546,216484700
2009-05-08,29.7705,30.0037,29.261,29.5633,183507300
2009-05-11,29.1833,29.9865,29.0883,29.6669,142775900
2009-05-12,29.7274,29.7792,28.9501,29.3042,147842200
2009-05-13,29.0451,29.0624,28.4664,28.5182,175548300
2009-05-14,28.5873,29.1055,28.5701,28.8378,140021700
2009-05-15,28.7946,29.2092,28.6996,28.8205,121326400
2009-05-18,29.0192,29.6064,28.8378,29.5719,114333400
2009-05-19,29.5028,30.0037,29.3214,29.7101,129086400
2009-05-20,29.8224,30.2629,29.5201,29.6065,131873700
2009-05-21,29.3819,29.5892,28.7687,29.0624,139253200
2009-05-22,29.1746,29.3387,28.7773,28.9673,83510600
2009-05-26,28.7169,30.0815,28.6564,30.0469,144857200
2009-05-27,29.9606,30.3924,29.736,29.8397,121348800
2009-05-28,30.021,30.2888,29.546,30.1851,118931300
2009-05-29,30.2024,30.6601,30.021,30.5565,111535700
2009-06-01,30.8847,31.5238,30.7551,31.4288,119126200
2009-06-02,31.2561,31.7743,31.187,31.472,126858600
2009-06-03,31.377,31.4115,31.0315,31.377,93329800
2009-06-04,31.4461,31.7743,31.3856,31.7311,89280600
2009-06-05,31.9211,32.0247,31.4547,31.7656,121958800
2009-06-08,31.567,31.9125,31.1956,31.6706,89194100
2009-06-09,31.8174,32.1024,31.6706,31.9124,109187800
2009-06-10,32.0938,32.1025,31.3424,31.8002,133404700
2009-06-11,31.757,32.1543,31.7397,31.8002,147909800
2009-06-12,31.6706,31.7138,31.2647,31.6534,109452500
2009-06-15,31.3511,31.377,30.7292,31.0056,112152900
2009-06-16,31.1265,31.2561,30.6774,30.7033,110550300
2009-06-17,30.8329,31.2733,30.617,30.997,153421800
2009-06-18,30.9452,31.1438,30.7206,30.9365,126266700
2009-06-19,31.1734,31.4415,31.0524,31.2686,122044700
2009-06-22,30.9832,31.0351,30.2828,30.3347,137714900
2009-06-23,30.4211,30.4903,30.0666,30.2655,114903100
2009-06-24,30.5249,31.0178,30.5076,30.7757,103314600
2009-06-25,30.5768,31.4415,30.5076,31.381,112538200
2009-06-26,31.234,31.5626,31.1734,31.4502,87677300
2009-06-29,31.5366,31.7787,31.234,31.5193,93817600
2009-06-30,31.6058,31.7615,31.2253,31.4588,97843000
2009-07-01,31.6144,31.8566,31.4674,31.4761,85976000
2009-07-02,31.208,31.2167,30.6978,30.7843,113309800
2009-07-06,30.5941,30.7324,30.3001,30.62,107632500
2009-07-07,30.6287,30.6892,29.8418,29.8591,149773000
2009-07-08,30.0407,30.1531,29.6602,30.0147,152776400
2009-07-09,30.1271,30.2741,29.9628,30.0666,97851500
2009-07-10,29.9801,30.3865,29.885,30.1963,108482000
2009-07-13,30.2222,30.7843,29.8158,30.7757,127140300
2009-07-14,30.7411,30.9486,30.6114,30.8881,115631700
2009-07-15,31.4069,31.9344,31.2513,31.9257,160869700
2009-07-16,31.7788,32.3754,31.7528,32.3062,120142500
2009-07-17,32.2976,32.4878,32.1419,32.4792,104906500
2009-07-20,32.6521,32.8597,32.5224,32.7905,97168800
2009-07-21,32.9202,33.0153,32.5483,33.0153,130587600
2009-07-22,33.0413,33.4563,32.9721,33.292,113808600
2009-07-23,33.2574,34.1481,33.1969,34.0271,160239300
2009-07-24,33.6639,34.0443,33.5342,33.7676,109312300
2009-07-27,34.0098,34.0789,33.612,34.0271,94718600
2009-07-28,33.88,34.2346,33.6639,33.7936,111564300
2009-07-29,34.0011,34.0962,33.7244,34.0184,126538200
2009-07-30,34.3729,34.7448,34.1654,34.2173,108969900
2009-07-31,34.2173,34.4594,34.0789,34.1135,78208300
2009-08-03,34.4767,34.641,34.2778,34.6237,111722800
2009-08-04,34.4594,34.7534,34.3902,34.6237,100690800
2009-08-05,34.7015,34.7102,34.1222,34.3556,118093000
2009-08-06,34.4335,34.5286,33.9319,34.053,116937500
2009-08-07,34.5199,34.6497,34.2346,34.4854,107442100
2009-08-10,34.3643,34.4594,34.0184,34.2432,87163200
2009-08-11,34.1308,34.1568,33.7676,33.9492,91922700
2009-08-12,33.9233,34.7794,33.8973,34.4767,147240000
2009-08-13,34.6842,34.7275,34.2778,34.667,110107000
2009-08-14,34.4767,34.5545,33.9665,34.2692,124480200
2009-08-17,33.6898,33.733,33.2574,33.2747,131797200
2009-08-18,33.4823,33.8195,33.3871,33.7503,84496200
2009-08-19,33.3526,34.0703,33.3266,33.9838,88036300
2009-08-20,33.9665,34.4508,33.8973,34.3816,81473500
2009-08-21,34.5805,34.9004,34.3643,34.8399,114660200
2009-08-24,34.9004,35.082,34.6756,34.8053,109904900
2009-08-25,34.8831,35.2463,34.8053,34.9091,92900400
2009-08-26,34.8313,35.108,34.6583,34.8485,96407500
2009-08-27,34.8399,34.9955,34.3038,34.935,121957800
2009-08-28,35.3674,35.523,34.7275,34.9696,114300900
2009-08-31,34.7102,34.7621,34.4075,34.6151,96415300
2009-09-01,34.494,35.0993,33.8627,33.9665,162958900
2009-09-02,33.7849,34.1308,33.759,33.9406,92757200
2009-09-03,34.1049,34.2173,33.7417,34.1654,76783100
2009-09-04,34.2259,34.9177,34.174,34.9004,74866600
2009-09-08,35.1771,35.2636,34.9869,35.229,71024400
2009-09-09,35.255,35.7046,35.0993,35.5317,99280800
2009-09-10,35.549,35.9122,35.4539,35.8689,99289100
2009-09-11,35.8949,35.99,35.6441,35.9035,93868400
2009-09-14,35.67,36.0678,35.6354,36.0419,90435600
2009-09-15,36.0159,36.2753,35.9467,36.1543,91594600
2009-09-16,36.3186,36.7336,36.1802,36.6818,96888500
2009-09-17,36.5866,36.8893,36.5002,36.6731,102169600
2009-09-18,36.8211,36.8904,36.5355,36.7346,87444200
2009-09-21,36.5268,36.9596,36.4922,36.8471,71351400
2009-09-22,37.0548,37.0721,36.7346,36.9163,75638400
2009-09-23,37.0721,37.3664,36.6826,36.7432,143924100
2009-09-24,36.8904,36.951,36.1546,36.4143,111016400
2009-09-25,36.146,36.4316,35.9902,36.0941,109216000
2009-09-28,36.2931,36.925,36.2585,36.7086,84478500
2009-09-29,36.7086,36.8904,36.3797,36.5442,106686400
2009-09-30,36.6913,36.8731,36.0075,36.5701,173102700
2009-10-01,36.4403,36.4662,35.4881,35.4881,140119100
2009-10-02,35.2458,35.7045,35.2458,35.3843,145286400
2009-10-05,35.5661,35.8344,35.341,35.6699,97054200
2009-10-06,35.869,36.4749,35.8517,36.3018,124628000
2009-10-07,36.2585,36.423,36.1547,36.4057,93787600
2009-10-08,36.622,36.8904,36.4749,36.5615,107850400
2009-10-09,36.4836,36.8298,36.4057,36.7692,62828000
2009-10-12,36.9163,37.1068,36.5961,36.8471,53221900
2009-10-13,36.8125,37.0029,36.674,36.8558,70939300
2009-10-14,37.3145,37.4011,37.0894,37.3578,91004900
2009-10-15,37.1587,37.3231,37.1067,37.2712,85772800
2009-10-16,37.1327,37.2106,36.7692,37.0289,111859300
2009-10-19,37.0548,37.453,36.8644,37.4011,83512000
2009-10-20,37.6174,37.6174,37.1674,37.4097,89847900
2009-10-21,37.401,37.929,37.2712,37.3405,110397400
2009-10-22,37.2712,37.6434,37.0375,37.4876,85871800
2009-10-23,37.8511,37.8511,37.2366,37.3318,117020400
2009-10-26,37.3924,37.8771,37.0375,37.2106,107068600
2009-10-27,37.1587,37.3145,36.5095,36.648,121438200
2009-10-28,36.5182,36.6307,35.7478,35.8257,143553600
2009-10-29,36.0335,36.5182,35.9556,36.4316,85207600
2009-10-30,36.4057,36.4836,35.4189,35.4535,162796500
2009-11-02,35.4882,35.9815,35.1766,35.6007,142456600
2009-11-03,35.4103,35.7651,35.3497,35.7132,95107000
2009-11-04,35.9469,36.2412,35.7305,35.7738,107970600
2009-11-05,36.1893,36.7,36.1633,36.6567,135204800
2009-11-06,36.4576,36.9163,36.423,36.873,96312300
2009-11-09,37.1587,37.6694,37.1154,37.6607,101620800
2009-11-10,37.6174,37.8858,37.5655,37.7559,72846500
2009-11-11,38.0416,38.206,37.7473,37.9983,84676200
2009-11-12,38.0243,38.2233,37.6954,37.7819,92426100
2009-11-13,37.8944,38.206,37.7646,38.0935,87959500
2009-11-16,38.258,38.6475,38.1887,38.483,87776100
2009-11-17,38.3791,38.6042,38.3012,38.6042,81884000
2009-11-18,38.483,38.509,38.1281,38.3878,100240800
2009-11-19,38.1281,38.1541,37.5222,37.7906,114558000
2009-11-20,37.5915,37.6953,37.4616,37.6001,70912100
2009-11-23,37.9896,38.4311,37.9637,38.206,91621500
2009-11-24,38.1887,38.2147,37.8511,38.0762,60670000
2009-11-25,38.206,38.2753,38.0935,38.2406,37630100
2009-11-27,37.1933,37.9377,37.1327,37.6607,61230000
2009-11-30,37.5742,37.7559,37.3145,37.704,84819400
2009-12-01,37.9896,38.3445,37.981,38.0935,81817800
2009-12-02,38.2233,38.509,38.0675,38.1454,81653600
2009-12-03,38.2839,38.5176,37.981,37.9896,72460400
2009-12-04,38.4744,38.7167,37.7906,38.1887,125062600
2009-12-07,38.1627,38.3359,37.929,38.0069,67471900
2009-12-08,37.7906,38.0848,37.5309,37.7732,86621400
2009-12-09,37.7386,38.1887,37.4963,38.1541,78820500
2009-12-10,38.3185,38.5522,38.2926,38.3445,76722400
2009-12-11,38.5522,38.5955,38.0416,38.1974,66643700
2009-12-14,38.457,38.6042,38.2493,38.5609,47965500
2009-12-15,38.4397,38.6648,38.232,38.3445,61171100
2009-12-16,38.4917,38.6907,38.3359,38.3964,61629700
2009-12-17,38.2233,38.2666,37.8771,37.929,90440900
2009-12-18,38.2871,38.5646,38.1484,38.5472,96442600
2009-12-21,38.7466,39.1281,38.7293,38.9807,82357400
2009-12-22,39.1108,39.2668,39.0414,39.2148,51569100
2009-12-23,39.2929,39.5096,39.1975,39.5009,73932200
2009-12-24,39.5443,39.8651,39.5356,39.8651,31770400
2009-12-28,39.9604,40.1425,39.8304,40.0732,49381400
2009-12-29,40.0818,40.0992,39.8738,39.9084,32410200
2009-12-30,39.8651,40.1079,39.8477,40.0298,57612700
2009-12-31,40.1079,40.1252,39.6657,39.6657,50079200
2010-01-04,40.1685,40.3073,40.1165,40.2466,62822800
2010-01-05,40.2205,40.3159,40.0211,40.2466,62935600
2010-01-06,40.2292,40.3593,39.9431,40.0038,96033000
2010-01-07,40.0645,40.1165,39.8131,40.0298,77094100
2010-01-08,39.9431,40.3593,39.8217,40.3593,88886600
2010-01-11,40.4113,40.4373,39.9865,40.1945,104673400
2010-01-12,39.9518,40.0038,39.4749,39.6917,90673900
2010-01-13,39.8131,40.3073,39.5443,40.1859,100661000
2010-01-14,40.1079,40.3333,40.0732,40.2206,75209000
2010-01-15,40.2899,40.3593,39.579,39.7524,126849300
2010-01-19,39.8477,40.4373,39.8391,40.394,84388200
2010-01-20,40.1078,40.4026,39.3882,39.813,145680000
2010-01-21,39.9258,40.1859,39.2755,39.4403,204939600
2010-01-22,39.3102,39.4316,38.1831,38.2871,171098700
2010-01-25,38.5212,38.6686,38.2524,38.4172,154218700
2010-01-26,38.3738,38.92,38.1918,38.4519,140816500
2010-01-27,38.3825,38.8853,38.1571,38.7553,161632700
2010-01-28,38.4952,38.5212,37.5588,37.7582,221439800
2010-01-29,38.0704,38.1657,36.9606,37.0993,212099600
2010-02-01,37.1947,37.5241,37.1773,37.5068,136827100
2010-02-02,37.5675,37.9577,37.3074,37.8449,110727700
2010-02-03,37.6629,38.1224,37.6455,38.053,93581600
2010-02-04,37.7756,37.8536,36.9519,36.9519,151652500
2010-02-05,37.0473,37.2987,36.5184,37.2641,213618600
2010-02-08,37.2033,37.4374,36.9693,36.9953,94354400
2010-02-09,37.4374,37.7236,37.0733,37.3768,118956000
2010-02-10,37.3767,37.5502,37.0646,37.2987,94102900
2010-02-11,37.3074,37.9663,37.0733,37.8623,93050800
2010-02-12,37.5242,38.0444,37.4201,37.9403,93938500
2010-02-16,38.2178,38.4519,38.0183,38.4258,83861400
2010-02-17,38.5992,38.6426,38.3738,38.6426,82691700
2010-02-18,38.6166,38.9547,38.5386,38.8854,65752600
2010-02-19,38.7813,39.0588,38.6859,38.868,80416500
2010-02-22,39.0241,39.0414,38.6339,38.79,72055000
2010-02-23,38.764,38.79,38.105,38.2871,95814400
2010-02-24,38.4865,38.8333,38.4258,38.6773,86591000
2010-02-25,38.2698,38.7553,38.001,38.6686,97961300
2010-02-26,38.6599,38.894,38.4952,38.8073,66222400
2010-03-01,38.9807,39.4403,38.9721,39.3709,77290100
2010-03-02,39.5096,39.7524,39.4056,39.4923,76368500
2010-03-03,39.5876,39.7263,39.3882,39.5356,65735500
2010-03-04,39.5616,39.7177,39.3622,39.6657,54470900
2010-03-05,39.9604,40.3506,39.8737,40.2639,68136300
2010-03-08,40.2812,40.4373,40.2639,40.3419,58712400
2010-03-09,40.2552,40.7928,40.2292,40.5674,98002800
2010-03-10,40.5934,40.9922,40.576,40.8968,102578900
2010-03-11,40.8014,41.0529,40.7321,41.0529,67510300
2010-03-12,41.1829,41.2089,40.8361,41.0615,64068300
2010-03-15,40.9748,41.0789,40.6714,40.9575,60150500
2010-03-16,41.0876,41.2783,40.9489,41.2176,74950600
2010-03-17,41.2783,41.5297,41.2089,41.3303,75643500
2010-03-18,41.365,41.5124,41.2696,41.469,77829400
2010-03-19,41.5914,41.6175,41.0707,41.2182,86337100
2010-03-22,41.0533,41.7563,41.0099,41.5914,71902800
2010-03-23,41.6522,41.9212,41.4612,41.8778,59182600
2010-03-24,41.8084,41.8084,41.5827,41.6782,62995700
2010-03-25,42.0254,42.1816,41.5741,41.6175,76294800
2010-03-26,41.791,41.9473,41.4352,41.6608,78067900
2010-03-29,41.8692,42.008,41.7476,41.8605,57993300
2010-03-30,41.9907,42.1382,41.7129,41.9994,49437300
2010-03-31,41.8692,42.0514,41.7216,41.7997,59947400
2010-04-01,41.9733,42.2684,41.4786,41.7997,83728600
2010-04-05,41.8952,42.2858,41.7824,42.1903,56220300
2010-04-06,42.0948,42.442,41.9993,42.3118,54097100
2010-04-07,42.2511,42.416,41.982,42.2077,77211500
2010-04-08,42.0861,42.3726,41.8692,42.3031,68314300
2010-04-09,42.3118,42.5722,42.2076,42.5548,54227300
2010-04-12,42.5722,42.7024,42.4767,42.5896,44280600
2010-04-13,42.5462,42.8326,42.4073,42.8065,59376000
2010-04-14,43.0322,43.3273,42.9628,43.3186,69004800
2010-04-15,43.2839,43.5616,43.2839,43.5096,72254200
2010-04-16,43.3533,43.5009,42.7024,42.9888,127388000
2010-04-19,42.8326,43.1016,42.442,42.9627,98251700
2010-04-20,43.1971,43.2926,42.902,43.1797,69543700
2010-04-21,43.4748,43.5616,43.1537,43.4228,74748700
2010-04-22,43.0062,43.7092,42.7545,43.6658,110477200
2010-04-23,43.6571,43.8914,43.4748,43.848,77205200
2010-04-26,43.8914,43.9609,43.6571,43.7526,67361000
2010-04-27,43.579,43.7699,42.7111,42.8239,112608000
2010-04-28,43.0496,43.0756,42.5114,42.8499,130082100
2010-04-29,43.093,43.6831,43.0582,43.5964,84180200
2010-04-30,43.579,43.6484,42.7024,42.7371,110897000
2010-05-03,42.9194,43.5443,42.902,43.336,74169700
2010-05-04,42.8065,42.8065,41.7303,42.0341,141136500
2010-05-05,41.5914,42.0948,41.3484,41.8171,128560200
2010-05-06,41.5307,41.9386,37.0087,40.4197,274356800
2010-05-07,40.1159,40.6193,38.4321,39.4129,288200400
2010-05-10,41.1661,41.4873,41.062,41.4612,136041600
2010-05-11,41.0446,41.9993,40.9665,41.4178,113016100
2010-05-12,41.6435,42.2337,41.5741,42.199,85462400
2010-05-13,42.0167,42.3465,41.4265,41.5307,102844300
2010-05-14,41.2182,41.2443,40.2548,40.7322,147386100
2010-05-17,40.8103,41.0273,39.9857,40.8624,120969600
2010-05-18,41.2095,41.2963,40.1159,40.2982,153072100
2010-05-19,40.1506,40.4718,39.5344,39.9771,159000300
2010-05-20,39.1959,39.3001,38.4061,38.4929,189289800
2010-05-21,37.894,39.6125,37.7465,38.9182,190631100
2010-05-24,38.9008,39.3435,38.7446,38.762,113038000
2010-05-25,37.9114,38.8487,37.5208,38.7967,155643000
2010-05-26,39.0657,39.5518,38.2933,38.3627,140203200
2010-05-27,39.2306,39.8295,39.1352,39.8121,110671600
2010-05-28,39.8816,39.9163,39.2306,39.5778,128535300
2010-06-01,39.4303,40.142,39.1699,39.2133,104242700
2010-06-02,39.4389,40.168,39.1699,40.142,97249300
2010-06-03,40.2548,40.5933,39.9944,40.5239,98928400
2010-06-04,39.6646,40.1767,39.005,39.1352,112849900
2010-06-07,39.3348,39.4563,38.3801,38.4235,88436600
2010-06-08,38.4929,38.6057,37.8333,38.354,133030100
2010-06-09,38.6231,38.9789,37.9201,38.0329,101949200
2010-06-10,38.5016,39.1612,38.3974,39.1178,76892300
2010-06-11,38.7186,39.5258,38.7186,39.491,74346800
2010-06-14,39.8556,40.1333,39.4129,39.4823,68085000
2010-06-15,39.6907,40.5933,39.4476,40.5412,76332600
2010-06-16,40.4284,40.9144,40.359,40.7061,78399700
2010-06-17,40.9318,40.9492,40.4805,40.8363,77111900
2010-06-18,40.9137,41.1659,40.7485,40.8702,75921400
2010-06-21,41.392,41.4615,40.2876,40.5224,95488100
2010-06-22,40.6963,40.992,40.1311,40.2094,94493400
2010-06-23,40.2528,40.4094,39.7311,40.0441,92397600
2010-06-24,39.8702,39.992,39.305,39.4354,114145900
2010-06-25,39.6524,39.7831,39.1645,39.4433,88740300
2010-06-28,39.4433,39.6872,39.0425,39.3039,71350000
2010-06-29,38.7027,38.7375,37.5264,37.7878,136384200
2010-06-30,37.6658,38.0492,37.1518,37.2128,101313200
2010-07-01,37.326,37.4306,36.3938,37.1082,158695000
2010-07-02,37.1692,37.3086,36.6726,37.0037,78565300
2010-07-06,37.5526,37.7878,36.812,37.1169,88591900
2010-07-07,37.2389,38.3455,37.2041,38.3019,72448400
2010-07-08,38.6068,38.6678,38.0579,38.511,78264600
2010-07-09,38.4936,38.8856,38.4064,38.8769,47851200
2010-07-12,38.8421,39.2342,38.7375,38.9902,60927500
2010-07-13,39.33,39.6437,39.0338,39.4956,93310500
2010-07-14,39.574,39.9138,39.4171,39.6959,87687100
2010-07-15,39.6175,39.8528,39.1993,39.7308,95992500
2010-07-16,39.5914,39.7569,38.5981,38.633,98831900
2010-07-19,38.7462,39.0425,38.4239,38.9641,81800800
2010-07-20,38.3367,39.4346,38.2148,39.4346,89061200
2010-07-21,39.8528,39.8702,38.8247,38.8944,83577000
2010-07-22,39.4433,40.0619,39.4171,39.8789,82890300
2010-07-23,39.6088,40.1664,39.5391,40.1316,81056100
2010-07-26,40.1839,40.4801,40.0009,40.4627,64850900
2010-07-27,40.6369,40.7066,40.2623,40.4453,67655600
2010-07-28,40.4017,40.5847,39.9748,40.1229,51988200
2010-07-29,40.3581,40.4365,39.4258,39.8266,85669500
2010-07-30,39.4956,40.1577,39.269,39.9138,98958100
2010-08-02,40.4191,40.7676,40.2623,40.6631,68706800
2010-08-03,40.6369,40.6892,40.2971,40.4888,60856600
2010-08-04,40.6718,40.9419,40.5149,40.8983,43820600
2010-08-05,40.6979,40.8809,40.5324,40.8025,39150200
2010-08-06,40.3581,40.8199,40.1229,40.7415,71339200
2010-08-09,40.9506,41.1162,40.7676,41.0203,26927600
2010-08-10,40.6892,40.907,40.3233,40.6631,86694500
2010-08-11,39.9922,40.0096,39.391,39.5565,92219700
2010-08-12,38.7985,39.4171,38.7288,39.2429,66000200
2010-08-13,39.0948,39.2603,38.9554,38.9641,46387300
2010-08-16,38.7724,39.3039,38.5981,39.0338,55472900
2010-08-17,39.3126,39.8876,39.2342,39.5304,56927100
2010-08-18,39.452,39.9225,39.3039,39.6872,61835400
2010-08-19,39.452,39.6088,38.8247,39.086,82969500
2010-08-20,39.0251,39.2342,38.8072,39.1383,65806700
2010-08-23,39.3823,39.5043,38.7375,38.7549,69612200
2010-08-24,38.3106,38.4413,37.875,38.0318,79095800
2010-08-25,37.7617,38.5633,37.7007,38.3977,87247900
2010-08-26,38.5284,38.6155,37.9011,37.9359,91199000
2010-08-27,38.2148,38.4761,37.4393,38.3977,109568800
2010-08-30,38.2148,38.5546,37.9882,37.9969,49373200
2010-08-31,37.7965,38.206,37.6223,37.8662,72066900
2010-09-01,38.4239,39.1296,38.3977,38.9989,83523100
2010-09-02,39.0686,39.452,38.9728,39.4346,41816800
2010-09-03,39.8702,40.0967,39.6872,40.088,64041100
2010-09-07,39.9225,40.1054,39.7569,39.8179,51195200
2010-09-08,39.9312,40.4714,39.9225,40.2971,66879800
2010-09-09,40.6544,40.6892,40.3581,40.454,61476400
2010-09-10,40.4975,40.6631,40.2971,40.6021,66995700
2010-09-13,40.9157,41.273,40.8983,41.1684,64523400
2010-09-14,41.1161,41.5605,41.0203,41.3427,91405800
2010-09-15,41.2382,41.6477,41.1162,41.6041,67108200
2010-09-16,41.5257,41.8045,41.4211,41.7696,66885800
2010-09-17,42.0421,42.0421,41.7015,41.9111,76372600
2010-09-20,42.0683,42.732,42.0159,42.6447,84475000
2010-09-21,42.6709,42.9416,42.4526,42.636,82272000
2010-09-22,42.4613,42.8106,42.2866,42.5224,88315900
2010-09-23,42.2429,42.9329,42.1993,42.5049,85040000
2010-09-24,42.9853,43.3958,42.9242,43.3696,79495900
2010-09-27,43.3433,43.4481,43.0988,43.1337,43859800
2010-09-28,43.2385,43.2648,42.4351,43.1163,104922900
2010-09-29,43.0552,43.256,42.8892,43.0464,81679200
2010-09-30,43.2648,43.5268,42.5748,42.8543,122458600
2010-10-01,43.2123,43.256,42.601,42.8019,77675400
2010-10-04,42.6796,42.8368,42.0945,42.339,71359900
2010-10-05,42.8194,43.4569,42.7932,43.3696,99301300
2010-10-06,43.3171,43.4132,42.7145,42.994,81831200
2010-10-07,43.2385,43.2647,42.7931,43.1512,75693300
2010-10-08,43.1687,43.5529,42.863,43.4482,83223900
2010-10-11,43.4744,43.684,43.3346,43.4656,46880000
2010-10-12,43.3958,43.8499,43.0202,43.7626,88571700
2010-10-13,44.042,44.3215,43.911,44.1206,71122900
2010-10-14,44.1468,44.2254,43.815,44.0333,68464000
2010-10-15,44.5747,44.9765,44.2167,44.9677,104654000
2010-10-18,44.9765,45.1686,44.8018,44.8018,72399400
2010-10-19,44.3826,44.8018,44.0333,44.3826,105739800
2010-10-20,44.5049,45.0376,44.4263,44.7057,80861400
2010-10-21,44.9852,45.1599,44.3564,44.7931,85885400
2010-10-22,44.8018,45.1424,44.7232,45.0987,47406900
2010-10-25,45.2821,45.614,45.2821,45.3171,51413900
2010-10-26,45.09,45.5441,44.9066,45.4393,60498300
2010-10-27,45.2035,45.614,45.1162,45.5791,57483400
2010-10-28,45.7712,45.8061,45.2734,45.6751,61220000
2010-10-29,45.6751,45.8411,45.5616,45.5703,46668700
2010-11-01,45.7363,46.0681,45.3957,45.6053,60555600
2010-11-02,45.9808,46.2253,45.9197,46.0943,48137500
2010-11-03,46.138,46.3214,45.7275,46.3039,126225800
2010-11-04,46.8105,47.0375,46.7231,46.8716,84201000
2010-11-05,46.8978,46.9939,46.7319,46.8716,77937100
2010-11-08,46.793,47.0113,46.6795,46.9327,39623500
2010-11-09,47.1161,47.1947,46.4699,46.6795,66828700
2010-11-10,46.7406,46.9589,46.3738,46.9153,83553700
2010-11-11,46.2079,46.7057,45.9895,46.6183,85163600
2010-11-12,46.3738,46.6096,45.5092,45.8585,99164300
2010-11-15,46.0944,46.1817,45.6664,45.6839,56723400
2010-11-16,45.3607,45.6315,44.4088,44.9328,101097000
2010-11-17,44.959,45.2996,44.8455,45.0638,77836200
2010-11-18,45.5529,46.1031,45.5267,45.7887,71488300
2010-11-19,45.7275,45.9284,45.5354,45.8236,54506100
2010-11-22,45.6402,46.2079,45.5616,46.2079,69918900
2010-11-23,45.7363,45.8061,45.2123,45.4743,76818300
2010-11-24,45.9197,46.5048,45.9022,46.3913,53444200
2010-11-26,46.0944,46.4,45.9983,46.0856,23640300
2010-11-29,46.0245,46.1991,45.5005,46.0507,89269100
2010-11-30,45.5703,46.0594,45.3083,45.4917,118862100
2010-12-01,46.1642,46.6882,46.1467,46.4524,81758800
2010-12-02,46.5223,46.9939,46.4699,46.924,56844600
2010-12-03,46.7231,47.1074,46.7231,47.0463,38014200
2010-12-06,47.055,47.1162,46.8804,47.0288,39312000
2010-12-07,47.5965,47.6139,47.0026,47.055,59067300
2010-12-08,47.1773,47.2908,46.8891,47.2297,48066900
2010-12-09,47.5179,47.5441,47.1161,47.2733,51679800
2010-12-10,47.4131,47.6401,47.2384,47.5877,44696200
2010-12-13,47.7711,47.8061,47.3956,47.4218,53110200
2010-12-14,47.544,47.7012,47.3606,47.5091,69884800
2010-12-15,47.4829,47.7711,47.186,47.2995,76951900
2010-12-16,47.3432,47.7362,47.2122,47.6663,65519400
2010-12-17,47.7258,47.8483,47.6121,47.7083,36844200
2010-12-20,47.7959,47.9184,47.3933,47.7434,48159600
2010-12-21,47.9271,48.0321,47.7958,48.0321,35775400
2010-12-22,48.0146,48.0934,47.9446,48.0234,35766500
2010-12-23,47.9359,48.0146,47.7871,47.9009,21664800
2010-12-27,47.7608,48.0059,47.4371,47.9271,29263700
2010-12-28,48.0234,48.0584,47.7346,47.8396,24160500
2010-12-29,47.9709,48.0409,47.8921,47.9446,24132700
2010-12-30,47.9446,47.9533,47.7346,47.8308,27553300
2010-12-31,47.7696,47.7958,47.4371,47.6558,38540100
2011-01-03,48.1021,48.7322,48.0846,48.3996,90994300
2011-01-04,48.5746,48.6097,48.0584,48.3646,43851500
2011-01-05,48.2159,48.7934,48.1896,48.7759,43787400
2011-01-06,48.8284,48.9684,48.7234,48.9334,46139600
2011-01-07,49.0209,49.0472,48.4084,48.8897,72261700
2011-01-10,48.7847,49.1609,48.6359,49.0734,55551800
2011-01-11,49.2747,49.3184,48.9597,49.1434,56663800
2011-01-12,49.3797,49.4935,49.1784,49.4935,51979300
2011-01-13,49.5285,49.6422,49.3622,49.511,47364500
2011-01-14,49.5285,49.896,49.4059,49.8785,43867400
2011-01-18,49.5022,50.0797,49.4322,50.0185,65805600
2011-01-19,50.106,50.106,49.2835,49.4497,67767200
2011-01-20,49.2397,49.3097,48.7234,49.0997,92357800
2011-01-21,49.3447,49.4322,48.6972,48.7234,59673300
2011-01-24,48.8197,49.4059,48.7234,49.3972,64103300
2011-01-25,49.1522,49.4847,49.0472,49.4672,55305100
2011-01-26,49.5372,49.861,49.3972,49.7297,60547700
2011-01-27,49.8872,50.1848,49.8085,50.036,53656100
2011-01-28,50.0273,50.071,48.5397,48.7672,123359900
2011-01-31,48.8372,49.1435,48.4697,49.0034,70571300
2011-02-01,49.371,50.036,49.3185,49.9222,76952900
2011-02-02,49.8172,50.0272,49.7385,49.8435,48661000
2011-02-03,49.7472,50.001,49.3535,49.931,45341900
2011-02-04,49.9222,50.246,49.791,50.211,47647800
2011-02-07,50.3073,50.7273,50.2285,50.4473,45627100
2011-02-08,50.4648,50.8148,50.3686,50.7798,38099900
2011-02-09,50.701,50.8585,50.5348,50.6923,62540800
2011-02-10,50.3598,50.8411,50.3073,50.771,70194700
2011-02-11,50.6223,51.1736,50.5523,51.1386,47853500
2011-02-14,51.1386,51.3311,51.0861,51.2611,48506100
2011-02-15,51.1386,51.2523,50.9548,51.1911,39723800
2011-02-16,51.3223,51.6636,51.3048,51.5236,53061700
2011-02-17,51.2698,51.6024,51.2348,51.5061,38361900
2011-02-18,51.5061,51.6024,51.1998,51.3924,44334300
2011-02-22,50.6923,50.8673,49.826,49.9047,92598100
2011-02-23,49.9047,50.0798,49.1172,49.4935,97842900
2011-02-24,49.5985,49.9047,49.1259,49.756,98716100
2011-02-25,50.036,50.5085,49.9835,50.4473,54094600
2011-02-28,50.6485,50.7973,50.2548,50.5523,51402800
2011-03-01,50.771,50.771,49.616,49.7385,91993900
2011-03-02,49.7122,50.3248,49.6947,50.001,61552900
2011-03-03,50.4648,51.0773,50.4648,50.9898,64146600
2011-03-04,50.9723,50.9811,50.3948,50.7273,62328400
2011-03-07,50.9373,50.9811,49.5897,50.0447,98470000
2011-03-08,49.9835,50.4735,49.6772,50.246,62399100
2011-03-09,50.0622,50.1147,49.6335,49.9047,84764200
2011-03-10,49.3447,49.4585,48.9247,49.1259,102894400
2011-03-11,48.8459,49.581,48.8459,49.4322,81679400
2011-03-14,49.161,49.5197,48.8809,49.2572,73565800
2011-03-15,47.8133,48.8459,47.6646,48.5571,101276500
2011-03-16,48.1546,48.4259,47.052,47.3846,176507700
2011-03-17,48.1371,48.3384,47.3671,47.8221,94434500
2011-03-18,48.3891,48.3891,47.6793,47.7143,94887200
2011-03-21,48.4416,48.8798,47.7581,48.6344,57423000
2011-03-22,48.7045,48.7308,48.4416,48.5468,36162100
2011-03-23,48.3715,48.9587,48.0385,48.8184,60365100
2011-03-24,49.1865,49.7911,48.9148,49.686,69502400
2011-03-25,49.8437,50.1417,49.7123,49.8087,74131100
2011-03-28,50.0277,50.0365,49.5107,49.537,37824000
2011-03-29,49.4231,50.019,49.2741,50.019,47994800
2011-03-30,50.2643,50.3257,50.019,50.2556,44935900
2011-03-31,50.1679,50.3695,50.0803,50.3257,50004300
2011-04-01,50.5798,50.7375,50.203,50.352,68031800
2011-04-04,50.4922,50.5448,49.9664,50.1855,48659100
2011-04-05,50.0891,50.3783,49.9489,50.054,55349400
2011-04-06,50.4396,50.5886,49.8875,50.1767,49532100
2011-04-07,50.1592,50.4747,49.7824,50.1417,60697000
2011-04-08,50.3695,50.4484,49.6422,49.9051,42782200
2011-04-11,50.0978,50.203,49.5633,49.7385,42451700
2011-04-12,49.5107,49.6334,49.204,49.3968,50422800
2011-04-13,49.7648,49.9489,49.4231,49.8174,49979800
2011-04-14,49.4757,49.7999,49.2741,49.7298,53544100
2011-04-15,49.537,49.8349,49.3179,49.6422,68530000
2011-04-18,49.1427,49.3092,48.4767,49.2917,69065000
2011-04-19,49.4231,49.5983,49.1602,49.5983,38608400
2011-04-20,50.4746,50.7726,50.4133,50.72,67397500
2011-04-21,51.2107,51.237,50.9654,51.1231,43666800
2011-04-25,51.1669,51.2808,51.0705,51.2546,25376800
2011-04-26,51.386,51.7277,51.2721,51.5437,49400000
2011-04-27,51.6401,51.9556,51.4035,51.8942,56465500
2011-04-28,51.7365,51.903,51.5963,51.8154,48100000
2011-04-29,51.719,51.9556,51.6839,51.7716,44831200
2011-05-02,51.8504,51.9994,51.5437,51.6752,48149400
2011-05-03,51.6489,51.7015,51.1143,51.4298,38100000
2011-05-04,51.4561,51.5875,50.9216,51.3509,53097200
2011-05-05,51.0968,51.6752,50.8953,51.0705,72200000
2011-05-06,51.5788,51.8767,51.0968,51.237,72507000
2011-05-09,51.3247,51.6314,51.1231,51.4298,40022000
2011-05-10,51.5788,51.9468,51.5087,51.868,38053600
2011-05-11,51.7891,51.9731,51.1406,51.4911,61900000
2011-05-12,51.3334,51.8679,51.0355,51.7978,66100000
2011-05-13,51.6752,51.7628,51.1669,51.1844,63506600
2011-05-16,50.9478,51.1056,50.1855,50.2994,73115300
2011-05-17,50.0365,50.4484,49.9313,50.4396,63136000
2011-05-18,50.3695,50.9478,50.3082,50.8602,42351100
2011-05-19,51.0179,51.1231,50.6937,51.0092,35015800
2011-05-20,50.9566,51.0092,50.5535,50.6236,44703300
2011-05-23,49.9313,50.0803,49.6422,49.8788,43700000
2011-05-24,50.0014,50.0102,49.5633,49.5721,39314800
2011-05-25,49.5107,50.0014,49.4844,49.7648,41369000
2011-05-26,49.6159,50.2118,49.6071,50.0716,40564100
2011-05-27,50.1592,50.3783,50.1154,50.3257,30127200
2011-05-31,50.7989,51.1406,50.536,51.1406,47590100
2011-06-01,51.0179,51.1406,49.9839,50.0277,51795000
2011-06-02,50.1241,50.3081,49.8525,50.1329,50198100
2011-06-03,49.5545,49.9401,49.3092,49.3793,57773700
2011-06-06,49.2654,49.537,48.9499,48.9762,50175600
2011-06-07,49.1076,49.3004,48.8535,48.8885,46311100
2011-06-08,48.7834,48.871,48.3978,48.538,46426400
2011-06-09,48.5555,48.8622,48.3978,48.6256,45307500
2011-06-10,48.3978,48.4942,47.837,47.8808,53740600
2011-06-13,47.9071,48.1349,47.7143,47.8808,37736800
2011-06-14,48.2489,48.6082,48.2226,48.4942,40565300
2011-06-15,48.0298,48.3277,47.4777,47.5741,59022400
2011-06-16,47.6004,47.7581,46.987,47.3901,66316200
2011-06-17,47.7774,47.9531,47.1012,47.2417,70337000
2011-06-20,47.1099,47.6281,47.1099,47.4876,37402900
2011-06-21,47.6545,48.5591,47.4525,48.5064,55892800
2011-06-22,48.3044,48.5854,48.1463,48.1551,36833300
2011-06-23,47.6369,48.6293,47.4788,48.603,80743300
2011-06-24,48.3746,48.4185,47.6632,47.7598,56298300
2011-06-27,47.8125,48.7698,47.7071,48.5239,49968900
2011-06-28,48.6293,49.2529,48.559,49.2441,47028800
2011-06-29,49.3583,49.5427,49.0948,49.4461,65407300
2011-06-30,49.6218,50.1399,49.5954,50.1048,50347200
2011-07-01,50.1311,50.9303,49.9906,50.8601,53203900
2011-07-05,50.9128,51.1675,50.7898,51.1148,43128800
2011-07-06,51.0533,51.3695,50.8865,51.2817,49282700
2011-07-07,51.6681,52.1336,51.589,51.9843,54799800
2011-07-08,51.5364,51.8525,51.2641,51.8437,69519500
2011-07-11,51.2992,51.5627,50.7283,50.904,52080800
2011-07-12,50.8952,51.0006,50.4649,50.5176,84000700
2011-07-13,50.8864,51.2378,50.5439,50.7284,82378100
2011-07-14,50.8601,51.0972,49.9467,50.1399,98774200
2011-07-15,50.702,50.8074,50.3331,50.8074,68281500
2011-07-18,50.5263,50.7547,50.0433,50.5351,59512200
2011-07-19,51.0182,51.7296,51.0182,51.6857,73904600
2011-07-20,51.9755,51.9843,51.3783,51.4661,57085500
2011-07-21,51.5188,52.0984,51.2377,51.8086,70148800
2011-07-22,51.7823,52.4322,51.7471,52.3444,43620400
2011-07-25,51.9316,52.5288,51.835,52.239,48916100
2011-07-26,52.2038,52.5464,52.0984,52.3707,40918900
2011-07-27,52.0282,52.0721,50.8864,51.0182,83969500
2011-07-28,51.0445,51.7559,50.8425,51.106,61031900
2011-07-29,50.6932,51.4749,50.4473,50.9391,82860500
2011-08-01,51.5539,51.6593,50.0872,50.702,85421100
2011-08-02,50.4649,50.6932,49.367,49.4197,90853300
2011-08-03,49.4812,49.9555,48.6117,49.894,103612300
2011-08-04,49.1826,49.2617,47.5754,47.5754,132830000
2011-08-05,48.0585,48.3307,45.9506,47.2768,214111800
2011-08-08,45.8277,46.6532,44.4312,44.4312,204804500
2011-08-09,45.0987,46.6181,43.8516,46.5742,193707100
2011-08-10,45.5203,46.583,44.6157,44.6684,205917900
2011-08-11,45.3095,47.1538,45.0899,46.6356,143825300
2011-08-12,46.9255,47.3383,46.4424,47.0484,90483300
2011-08-15,47.2417,47.7423,47.0133,47.7423,73554300
2011-08-16,47.2768,47.7335,46.7059,47.3383,89219200
2011-08-17,47.3997,47.795,46.5654,47.0572,84416600
2011-08-18,45.7838,45.7925,44.3346,44.7474,130019400
2011-08-19,44.2819,45.3797,43.9043,43.9394,96674600
2011-08-22,44.9933,45.0021,43.9657,44.0975,77107700
2011-08-23,44.3961,45.9155,44.2117,45.9155,75688400
2011-08-24,45.7837,46.3634,45.4149,46.2756,80197700
2011-08-25,46.2492,46.46,45.3622,45.5202,93623700
2011-08-26,45.371,46.8201,44.923,46.662,91573300
2011-08-29,47.1275,48.0145,47.1099,47.9618,45985800
2011-08-30,47.7862,48.5678,47.5227,48.278,61617900
2011-08-31,48.5678,48.9543,47.9531,48.3571,60900400
2011-09-01,48.48,48.8664,47.8301,47.9179,57158400
2011-09-02,47.0572,47.9618,46.5391,46.7938,58185700
2011-09-06,45.7047,46.8728,45.5905,46.8025,52992200
2011-09-07,47.47,47.997,47.3383,47.9882,48952200
2011-09-08,47.7423,48.4537,47.6105,47.7686,61422800
2011-09-09,47.4349,47.6369,46.4161,46.7059,63663500
2011-09-12,46.1877,47.3383,46.1702,47.3031,65973000
2011-09-13,47.4788,48.0321,47.2504,47.9355,59020000
2011-09-14,48.1814,49.1651,47.7071,48.6205,90757300
2011-09-15,49.1475,49.4285,48.6469,49.3407,83536100
2011-09-16,49.4498,49.8458,49.353,49.793,91902100
2011-09-19,49.177,50.0745,48.7723,49.8106,73042900
2011-09-20,50.0657,50.4617,49.4762,49.5906,66570100
2011-09-21,49.8458,50.0921,48.7195,48.7283,79938000
2011-09-22,47.4876,47.9188,46.4142,47.1445,151885500
2011-09-23,46.7486,47.8484,46.7134,47.646,85940600
2011-09-26,47.8836,48.2884,46.8189,48.2004,96261400
2011-09-27,49.0187,49.4498,48.3763,48.7019,81148600
2011-09-28,48.9131,49.2474,47.866,47.9804,76757100
2011-09-29,48.7107,48.7723,46.6078,47.4085,116900200
2011-09-30,46.775,47.1709,46.159,46.1854,104870100
2011-10-03,45.7719,46.5022,44.9712,44.9976,99149500
2011-10-04,44.54,46.0094,44.0825,45.9215,137013700
2011-10-05,45.8071,47.2325,45.4551,47.1005,108825700
2011-10-06,47.0389,47.9012,46.8189,47.8924,71939200
2011-10-07,47.866,48.0948,47.2677,47.5756,72525200
2011-10-10,48.3851,49.221,48.2971,49.221,48230200
2011-10-11,49.0891,49.6786,49.0099,49.5554,66449100
2011-10-12,50.0305,50.3561,49.7666,49.8017,85627600
2011-10-13,49.705,50.3209,49.6522,50.2593,63443700
2011-10-14,50.8752,51.2008,50.6025,51.192,65643600
2011-10-17,50.9544,51.1128,50.1273,50.4001,65161300
2011-10-18,50.3209,51.2888,49.8546,51.0248,91434600
2011-10-19,50.7432,50.9016,49.8722,50.0393,67639400
2011-10-20,50.0305,50.0833,49.0891,49.793,80378300
2011-10-21,50.3209,50.7345,49.9602,50.4177,60455800
2011-10-24,50.6025,51.6055,50.4265,51.4648,61449500
2011-10-25,51.2976,51.3152,50.3473,50.4529,65299200
2011-10-26,50.7344,50.84,49.4586,50.3913,98193800
2011-10-27,51.5967,52.0895,51.06,51.7815,104455500
2011-10-28,51.4912,51.9223,51.4736,51.8607,42950000
2011-10-31,51.412,51.5967,50.9544,50.9896,60520200
2011-11-01,49.7314,50.9544,49.3794,49.661,99933000
2011-11-02,50.1801,50.2945,49.6082,50.0833,65003800
2011-11-03,50.4793,51.192,49.8986,51.1216,78994200
2011-11-04,50.8752,51.0776,50.3473,50.8576,61527800
2011-11-07,50.8224,51.2536,50.3033,51.2184,65559000
2011-11-08,51.5879,51.8959,51.0072,51.8079,62906900
2011-11-09,50.8048,50.884,49.8282,49.9865,69539000
2011-11-10,50.4793,50.5233,49.4762,49.9602,66052400
2011-11-11,50.3913,51.0512,50.3297,50.9016,54471000
2011-11-14,50.7608,51.0424,50.4001,50.5849,44617600
2011-11-15,50.4353,51.3504,50.3825,51.148,52203900
2011-11-16,50.7784,51.1744,50.2065,50.3033,68342800
2011-11-17,50.1713,50.1889,48.8163,49.1242,101706900
2011-11-18,49.133,49.1858,48.6579,48.7459,60417000
2011-11-21,48.086,48.1564,47.3205,47.8132,52283700
2011-11-22,47.69,48.1124,47.3997,47.9716,51940100
2011-11-23,47.6108,47.6636,46.8629,46.8893,48437300
2011-11-25,46.687,47.2237,46.5198,46.5286,25448100
2011-11-28,47.6636,48.2092,47.6372,48.1476,46710700
2011-11-29,48.1212,48.4819,47.7076,47.8484,52056700
2011-11-30,49.1506,49.661,48.9835,49.617,66918600
2011-12-01,49.6082,50.0921,49.5818,49.9602,45362200
2011-12-02,50.4529,50.4529,49.7754,49.8194,36938900
2011-12-05,50.5673,50.6992,50.0833,50.3649,40492200
2011-12-06,50.4089,50.5497,50.0569,50.2241,38670000
2011-12-07,50.0833,50.4529,49.5818,50.2241,44576200
2011-12-08,49.8985,50.2857,49.2826,49.3794,51692600
2011-12-09,49.5026,50.3209,49.485,50.1713,55757900
2011-12-12,49.6434,50.1625,49.1858,49.6082,55411700
2011-12-13,49.9337,50.1361,48.8603,49.0626,68557700
2011-12-14,48.8779,48.9131,48.0244,48.2971,63682800
2011-12-15,48.7107,48.7635,48.0948,48.1652,58732900
2011-12-16,48.422,49.075,48.3337,48.4131,60978900
2011-12-19,48.5985,48.7132,47.8042,47.9366,46733900
2011-12-20,48.7132,49.4192,48.6867,49.3574,81758800
2011-12-21,49.0662,49.1015,48.0866,48.6514,78552300
2011-12-22,48.7573,49.0927,48.6867,49.0662,40334100
2011-12-23,49.1633,49.4898,49.0485,49.4898,26594600
2011-12-27,49.4536,49.8334,49.4006,49.6744,21443500
2011-12-28,49.6126,49.692,48.9678,49.1003,38180100
2011-12-29,49.1797,49.4889,49.0208,49.4536,28077900
2011-12-30,49.3476,49.5684,49.3034,49.3122,21832400
2012-01-03,50.2662,50.5135,50.1248,50.2573,39514100
2012-01-04,50.1778,50.54,49.957,50.4693,29403400
2012-01-05,50.3633,50.9286,50.169,50.8844,41260600
2012-01-06,50.8933,51.1759,50.699,51.0611,46325200
2012-01-09,51.1936,51.2113,50.7255,50.8933,39195500
2012-01-10,51.4321,51.5822,50.9109,51.2643,35949900
2012-01-11,51.2554,51.4851,51.0611,51.3702,37144100
2012-01-12,51.4851,51.6441,51.1053,51.5734,26188300
2012-01-13,51.2996,51.4056,50.9463,51.3879,35980400
2012-01-17,51.8384,52.0768,51.6617,51.856,41790800
2012-01-18,51.9532,52.545,51.8295,52.545,48692700
2012-01-19,52.7834,52.9689,52.6863,52.8718,47774500
2012-01-20,52.6421,52.8188,52.6068,52.7923,41041700
2012-01-23,52.8011,53.1809,52.5008,52.8099,40958300
2012-01-24,52.5715,52.8541,52.4743,52.7128,38440200
2012-01-25,53.2251,53.5077,52.8453,53.3752,61591800
2012-01-26,53.6049,53.702,52.9336,53.1898,37852700
2012-01-27,53.0749,53.4459,53.0484,53.3487,45532300
2012-01-30,52.8983,53.4724,52.6951,53.3929,42797800
2012-01-31,53.6579,53.755,53.1191,53.4636,51449600
2012-02-01,53.7727,54.0907,53.5784,53.8963,46146700
2012-02-02,54.073,54.2408,53.8522,54.0642,46373600
2012-02-03,54.5676,54.8679,54.4793,54.8061,36453800
2012-02-06,54.6029,54.7796,54.4616,54.7619,28541300
2012-02-07,54.7178,54.9827,54.4705,54.8768,37935700
2012-02-08,54.8856,55.1682,54.6825,55.1682,41171100
2012-02-09,55.3802,55.6275,55.0446,55.5657,46856400
2012-02-10,55.1682,55.3272,54.9828,55.1771,58090500
2012-02-13,55.5922,55.76,55.3361,55.6894,36810200
2012-02-14,55.5657,55.8395,55.3714,55.8307,51648200
2012-02-15,56.0957,56.4048,55.3537,55.442,105709100
2012-02-16,55.4597,56.2635,55.3184,56.2016,83642300
2012-02-17,56.2105,56.2546,55.7777,56.025,76112300
2012-02-21,56.0868,56.4313,55.8307,56.184,38141300
2012-02-22,56.078,56.2458,55.8484,55.9279,43174700
2012-02-23,55.9985,56.3606,55.7247,56.2988,54250000
2012-02-24,56.4578,56.5903,56.3518,56.4931,41364900
2012-02-27,56.184,56.7581,55.9367,56.5726,42678500
2012-02-28,56.6256,57.1467,56.555,57.1467,43717500
2012-02-29,57.1909,57.3764,56.7051,56.8906,59784400
2012-03-01,57.1026,57.3941,56.9348,57.3411,67558900
2012-03-02,57.2616,57.4824,57.1114,57.2969,33358200
2012-03-05,57.2616,57.3322,56.5196,56.7051,45788800
2012-03-06,56.1487,56.2811,55.8483,56.1487,54638600
2012-03-07,56.4136,56.7139,56.3253,56.5814,42741800
2012-03-08,56.9171,57.3587,56.7934,57.1909,43711100
2012-03-09,57.288,57.5354,57.2527,57.4294,43117200
2012-03-12,57.4117,57.5089,57.1644,57.4559,32687300
2012-03-13,57.765,58.5246,57.6502,58.5246,61559100
2012-03-14,58.5864,58.9486,58.3656,58.7278,59926900
2012-03-15,58.9044,59.0192,58.6041,58.8956,65531200
2012-03-16,58.9867,58.9867,58.7125,58.854,53023100
2012-03-19,58.9513,59.4114,58.7921,59.2698,60966200
2012-03-20,58.9602,59.4379,58.8009,59.376,47290600
2012-03-21,59.3849,59.7122,59.3052,59.3849,39648100
2012-03-22,59.0309,59.4025,58.9956,59.261,56953900
2012-03-23,59.3318,59.3495,58.8894,59.2256,45541700
2012-03-26,59.6237,60.2608,59.5707,60.2608,40855300
2012-03-27,60.305,60.597,60.2784,60.3492,37278200
2012-03-28,60.3846,60.6147,59.7565,60.1104,44421900
2012-03-29,59.8095,60.1015,59.4556,59.8803,53975300
2012-03-30,60.1457,60.1811,59.5264,59.7653,39480900
2012-04-02,59.7034,60.4643,59.5972,60.3846,40031600
2012-04-03,60.4377,60.6501,60.0307,60.3669,45539900
2012-04-04,59.9157,59.9511,59.1991,59.5441,54088100
2012-04-05,59.4379,59.9688,59.3937,59.9157,42979900
2012-04-09,59.1725,59.7034,59.0663,59.4645,36908200
2012-04-10,59.4379,59.668,58.3231,58.5089,69254200
2012-04-11,59.0221,59.1814,58.6417,58.7921,62950000
2012-04-12,58.9071,59.5264,58.8186,59.4645,57407400
2012-04-13,59.261,59.4556,58.5355,58.562,55227500
2012-04-16,58.854,58.8894,57.7215,57.9073,57588000
2012-04-17,58.1551,59.2698,58.0666,59.084,47362400
2012-04-18,58.9159,59.2787,58.7567,58.9336,42536100
2012-04-19,58.7213,59.4291,58.0577,58.2701,81110900
2012-04-20,58.5886,58.8451,58.0223,58.1108,59906900
2012-04-23,57.5623,57.6684,57.058,57.58,70514400
2012-04-24,57.4738,57.7127,57.0225,57.2703,49661500
2012-04-25,58.4559,58.8275,58.3674,58.7921,57526900
2012-04-26,58.7832,59.2698,58.7036,59.1371,41799500
2012-04-27,59.3849,59.6768,59.0752,59.491,46003800
2012-04-30,59.3141,59.4291,59.0221,59.0663,37787700
2012-05-01,59.0044,59.8361,58.9159,59.1637,37643800
2012-05-02,58.8717,59.376,58.7301,59.3318,38299300
2012-05-03,59.3671,59.4114,58.5532,58.7036,51297600
2012-05-04,58.1639,58.7036,57.2349,57.2438,107554000
2012-05-07,56.8987,57.5711,56.881,57.2968,50267800
2012-05-08,56.9341,57.2791,56.1643,57.0845,72659700
2012-05-09,56.4209,57.2261,56.1909,56.9075,85715300
2012-05-10,57.1641,57.1818,56.5802,56.7925,49448900
2012-05-11,56.5979,57.3853,56.5448,56.7837,47099900
2012-05-14,56.297,56.6952,56.1643,56.2528,46360000
2012-05-15,56.4032,56.8633,55.9697,56.067,66908600
2012-05-16,56.2617,56.4298,55.5716,55.6866,52825900
2012-05-17,55.7043,55.7928,54.501,54.5099,62253900
2012-05-18,54.678,54.8195,53.7578,53.8021,79496500
2012-05-21,53.9082,55.3592,53.8374,55.3061,61473000
2012-05-22,55.4654,55.6954,54.8461,55.2442,62954800
2012-05-23,54.7753,55.4831,54.2975,55.3504,56951100
2012-05-24,55.43,55.4831,54.5806,54.9876,83131200
2012-05-25,55.0407,55.138,54.7576,54.9168,32078900
2012-05-29,55.43,55.8724,55.1026,55.6158,44216700
2012-05-30,55.1115,55.3415,54.5718,55.1469,56431800
2012-05-31,55.0761,55.2176,54.4921,54.908,55260100
2012-06-01,53.9171,54.2533,53.4304,53.4481,71430800
2012-06-04,53.5985,53.9348,53.1208,53.8551,74119500
2012-06-05,53.6693,54.1825,53.6428,54.0763,47916900
2012-06-06,54.4833,55.3592,54.4302,55.315,58781800
2012-06-07,55.8989,55.8989,55.0496,55.0938,38414800
2012-06-08,55.0053,55.6954,54.8195,55.6246,39730800
2012-06-11,56.0493,56.0759,54.6514,54.6868,51008900
2012-06-12,54.9434,55.3769,54.5718,55.3504,48802600
2012-06-13,55.1911,55.6069,54.7841,54.9699,50840100
2012-06-14,54.9611,55.3946,54.678,55.1734,65170600
2012-06-15,55.3268,55.9387,55.3002,55.8589,41536100
2012-06-18,55.6283,56.524,55.5397,56.3821,32191200
2012-06-19,56.6659,57.2068,56.6215,56.9674,36476500
2012-06-20,57.0915,57.26,56.5861,57.0117,51389700
2012-06-21,56.9674,57.0295,55.5308,55.5929,42492700
2012-06-22,55.7791,56.2491,55.6283,56.1781,29504200
2012-06-25,55.717,55.7347,54.9366,55.0963,33136400
2012-06-26,55.2825,55.6017,55.0342,55.4421,30611100
2012-06-27,55.6549,56.0274,55.5929,55.7791,35705800
2012-06-28,55.3623,55.3978,54.5731,55.1583,49793400
2012-06-29,56.2225,56.8964,56.054,56.8964,44761300
2012-07-02,56.9763,57.0915,56.6393,57.0649,33425600
2012-07-03,57.1004,57.5438,57.0117,57.5438,15895100
2012-07-05,57.4906,57.8631,57.1802,57.5793,37016200
2012-07-06,57.3132,57.3665,56.4442,56.861,40684100
2012-07-09,56.7989,56.9851,56.4708,56.7546,35628300
2012-07-10,57.0649,57.2068,55.9742,56.1959,47365700
2012-07-11,56.1249,56.2757,55.4244,55.8855,43432000
2012-07-12,55.4421,55.5929,54.8568,55.3623,57680400
2012-07-13,55.5131,56.3289,55.4776,56.2048,32357200
2012-07-16,56.0806,56.3289,55.8234,56.0451,27621400
2012-07-17,56.3998,56.524,55.5396,56.3378,42467800
2012-07-18,56.2314,57.2689,56.2136,57.1004,44489700
2012-07-19,57.4995,57.9163,57.393,57.73,53017800
2012-07-20,57.7123,57.73,56.9408,56.9674,40573100
2012-07-23,55.8589,56.4708,55.4332,56.2757,48657800
2012-07-24,56.3732,56.4531,55.4687,55.8323,57269700
2012-07-25,55.3978,55.8234,55.114,55.4598,46264400
2012-07-26,56.258,56.5151,55.8412,56.1959,41928200
2012-07-27,56.6038,57.6325,56.4353,57.5261,42621000
2012-07-30,57.668,57.9163,57.2866,57.4817,37821300
2012-07-31,57.5704,57.801,57.4108,57.464,34588300
2012-08-01,57.8719,57.8897,57.0649,57.2955,30920200
2012-08-02,56.861,57.6591,56.6748,57.0915,40534900
2012-08-03,58.0138,58.4217,57.8098,58.1734,42117400
2012-08-06,58.4749,58.874,58.3508,58.6168,23523600
2012-08-07,58.8651,59.344,58.7764,59.1045,28223300
2012-08-08,58.9538,59.2021,58.8562,59.0779,20723500
2012-08-09,59.0691,59.3351,58.9626,59.2553,20726200
2012-08-10,59.0425,59.3085,58.8917,59.2908,20312000
2012-08-13,59.273,59.4415,58.9715,59.4327,19890300
2012-08-14,59.6543,59.7785,59.2908,59.4593,24218700
2012-08-15,59.4149,59.6987,59.4061,59.61,29100400
2012-08-16,59.8317,60.4525,59.7608,60.3194,35699900
2012-08-17,60.4525,60.5944,60.3106,60.5855,22584800
2012-08-20,60.5411,60.683,60.3017,60.6742,26924000
2012-08-21,60.8338,61.0821,60.1953,60.4348,41391000
2012-08-22,60.3017,60.7983,60.1332,60.683,44555700
2012-08-23,60.4081,60.6032,60.0268,60.1864,28800400
2012-08-24,60.0446,60.7008,59.947,60.5589,38384800
2012-08-27,60.8161,60.8959,60.5234,60.6564,20671400
2012-08-28,60.6032,60.8249,60.3993,60.6564,27337900
2012-08-29,60.6564,60.8072,60.3993,60.6564,26672400
2012-08-30,60.3904,60.417,59.947,60.0446,24425400
2012-08-31,60.4791,60.7008,59.8317,60.4436,42128000
2012-09-04,60.3283,60.6121,59.7874,60.3815,32017200
2012-09-05,60.3549,60.6121,60.1598,60.3194,26129300
2012-09-06,60.6919,61.6762,60.6742,61.6585,43100000
2012-09-07,61.5166,61.6762,61.3925,61.5698,32958600
2012-09-10,61.4102,61.5432,60.7362,60.7806,25490000
2012-09-11,60.7895,61.0289,60.5855,60.683,29810100
2012-09-12,60.9047,61.02,60.4879,60.8604,42203400
2012-09-13,60.9136,61.9511,60.8515,61.6851,45417800
2012-09-14,61.9068,62.4566,61.8891,62.2349,38880300
2012-09-17,62.2704,62.2881,62.0398,62.2615,31798400
2012-09-18,62.1019,62.3413,62.093,62.3147,27169800
2012-09-19,62.3059,62.5896,62.1285,62.43,36484600
2012-09-20,62.1285,62.43,61.96,62.3679,42520200
2012-09-21,62.6792,62.7326,62.3235,62.3857,23678500
2012-09-24,61.8699,62.1278,61.7365,62.0211,32341600
2012-09-25,62.1812,62.3235,61.1229,61.1496,41299600
2012-09-26,61.0695,61.1051,60.3403,60.6516,32770400
2012-09-27,60.8028,61.6298,60.696,61.4875,25339500
2012-09-28,61.283,61.4697,60.9272,60.9806,30112600
2012-10-01,61.2741,61.6565,60.696,60.8917,37715300
2012-10-02,61.1585,61.3452,60.5893,61.0695,33254300
2012-10-03,61.2385,61.5764,60.9984,61.4608,38236000
2012-10-04,61.5586,61.8432,61.363,61.6742,26128600
2012-10-05,61.9855,62.0745,61.1852,61.3452,25207900
2012-10-08,60.9895,61.114,60.6427,60.785,30911500
2012-10-09,60.6249,60.7761,59.6733,59.8156,67974000
2012-10-10,59.7978,59.9668,59.4065,59.5132,45134300
2012-10-11,59.9579,60.0023,59.2909,59.3264,30469400
2012-10-12,59.3176,59.6377,59.1842,59.2998,24891200
2012-10-15,59.5221,59.8156,59.1664,59.7355,22220100
2012-10-16,59.8245,60.6515,59.8067,60.5804,33960600
2012-10-17,60.2691,60.7405,60.1891,60.5448,33439400
2012-10-18,60.3492,60.5448,59.6199,59.8423,61707600
2012-10-19,59.7711,59.8245,58.3393,58.4105,75362600
2012-10-22,58.3838,58.864,58.2504,58.7128,38621500
2012-10-23,58.2326,58.6506,57.9747,58.1526,52591200
2012-10-24,58.4816,58.5795,57.8591,57.9481,39872400
2012-10-25,58.3482,58.4461,57.7791,57.9481,52688700
2012-10-26,57.948,58.3571,57.4945,58.117,54213100
2012-10-31,58.0459,58.1526,57.5656,57.7613,38524500
2012-11-01,58.1259,58.6951,57.9569,58.5794,26945000
2012-11-02,58.8462,58.8818,57.9036,57.9569,44083000
2012-11-05,57.9658,58.4549,57.8413,58.3393,28094700
2012-11-06,58.4371,58.8462,58.2148,58.446,29608400
2012-11-07,57.8235,57.8947,56.8275,57.0676,70737800
2012-11-08,57.2277,57.3611,56.1694,56.1694,58585800
2012-11-09,56.205,57.0142,56.1694,56.4095,51542100
2012-11-12,56.7386,56.8008,56.2494,56.4006,32663700
2012-11-13,55.9649,56.5429,55.8315,56.0093,43288300
2012-11-14,56.285,56.3473,55.2623,55.3512,82655300
2012-11-15,55.3868,55.5736,54.9599,55.1645,55124200
2012-11-16,55.2089,55.5647,54.5242,55.4046,70873100
2012-11-19,56.0093,56.7652,55.9915,56.7208,55306400
2012-11-20,56.703,56.8186,56.1961,56.7386,52012700
2012-11-21,56.8008,56.9342,56.5607,56.8542,19611700
2012-11-23,57.1743,57.7346,57.1387,57.7168,16462900
2012-11-26,57.5745,58.0014,57.3967,57.9658,26430900
2012-11-27,57.9569,58.1614,57.6723,57.7701,25828600
2012-11-28,57.4945,58.3126,57.1387,58.2682,37295800
2012-11-29,58.5794,58.8196,58.3215,58.615,41136100
2012-11-30,58.6239,58.6684,58.3482,58.5172,33497400
2012-12-03,58.9707,59.0241,58.3749,58.4016,28240000
2012-12-04,58.4283,58.4905,57.9836,58.366,49584500
2012-12-05,58.2771,58.286,57.4055,57.7168,54076200
2012-12-06,57.5389,58.2326,57.3878,58.0903,47512300
2012-12-07,58.3749,58.4372,57.5479,57.7435,30089400
2012-12-10,57.5834,58.2148,57.5834,57.9125,33219600
2012-12-11,58.3126,58.9974,58.2682,58.6684,40750800
2012-12-12,58.9796,58.9796,58.3838,58.5439,45917700
2012-12-13,58.4283,58.8374,57.8324,58.0814,45467700
2012-12-14,57.6901,57.8769,57.3344,57.5301,39630300
2012-12-17,57.5834,58.3126,57.5034,58.2948,42302900
2012-12-18,58.5883,59.2731,58.4282,59.1842,55596000
2012-12-19,59.3531,59.3709,58.8907,58.9263,34832500
2012-12-20,59.033,59.0597,58.6328,58.9263,40754300
2012-12-21,58.0204,58.3781,57.77,58.3065,51152900
2012-12-24,58.1545,58.2529,58.0561,58.1903,11418300
2012-12-26,58.235,58.2887,57.4928,57.6806,21751300
2012-12-27,57.7342,57.8058,56.8757,57.5911,52933200
2012-12-28,57.1529,57.618,57.0098,57.0367,33082100
2012-12-31,56.9741,58.3513,56.8578,58.2439,57544000
2013-01-02,59.6748,60.1219,59.4512,60.0951,70695900
2013-01-03,60.0951,60.2203,59.6032,59.7821,47366500
2013-01-04,59.8089,59.8089,59.4423,59.5854,33972500
2013-01-07,59.4333,59.7016,59.2455,59.6032,26766200
2013-01-08,59.5943,59.7553,59.174,59.487,28734900
2013-01-09,59.5764,59.8715,59.5138,59.7105,25600300
2013-01-10,60.1219,60.1577,59.5138,60.0683,37528000
2013-01-11,60.0414,60.1756,59.9162,60.1487,21158600
2013-01-14,59.8447,60.0504,59.6211,59.8805,36768500
2013-01-15,59.5854,59.6748,59.3171,59.5854,31675300
2013-01-16,59.6658,60.0325,59.5585,59.8268,33822300
2013-01-17,60.0682,60.3455,59.9699,60.113,32024200
2013-01-18,59.9341,60.0414,59.7105,59.9788,31992000
2013-01-22,60.0414,60.1219,59.6748,60.0772,32123100
2013-01-23,60.417,60.6227,60.3276,60.4438,31975700
2013-01-24,59.6122,60.1666,59.5227,59.6122,42596300
2013-01-25,59.8,60.0861,59.6837,59.9162,39240100
2013-01-28,59.9252,60.2561,59.8536,60.0504,32926100
2013-01-29,59.9788,60.1935,59.5853,60.0593,35554700
2013-01-30,60.1666,60.3455,59.8,59.9341,34445000
2013-01-31,59.9073,60.2292,59.7463,59.8,34870500
2013-02-01,60.2203,60.6138,59.9788,60.5065,53120800
2013-02-04,60.1577,60.3276,59.4333,59.4512,48483700
2013-02-05,59.7105,60.5154,59.5674,60.3276,35120300
2013-02-06,60.1308,60.4081,59.952,60.1308,43593200
2013-02-07,60.2024,60.2471,59.5227,60.1845,46017900
2013-02-08,60.4886,60.9268,60.4796,60.8016,39837200
2013-02-11,60.8373,60.8642,60.6138,60.8194,17650400
2013-02-12,60.739,60.8552,60.5065,60.5691,22057900
2013-02-13,60.7479,61.0162,60.6048,60.7837,23494700
2013-02-14,60.5065,60.8552,60.4707,60.7658,24478800
2013-02-15,60.7569,60.9089,60.417,60.5869,25333600
2013-02-19,60.7032,61.043,60.6853,61.0251,23436500
2013-02-20,61.0072,61.0341,60.0772,60.0861,38200300
2013-02-21,59.8626,59.9252,59.2276,59.4423,45855600
2013-02-22,59.7821,60.0504,59.5496,60.0414,21968000
2013-02-25,60.426,60.6406,59.2455,59.2992,40927600
2013-02-26,59.3797,59.6301,58.9862,59.5228,42088800
2013-02-27,59.5227,60.4975,59.4423,60.1308,36339500
2013-02-28,60.1398,60.578,59.9967,60.0057,28557300
2013-03-01,59.8,60.3634,59.5049,60.256,31617200
2013-03-04,60.0593,60.5333,59.9788,60.5243,19380500
2013-03-05,60.882,61.4991,60.882,61.4186,35581900
2013-03-06,61.6064,61.6243,61.1861,61.2666,29071100
2013-03-07,61.3381,61.5259,61.2129,61.4276,21775900
2013-03-08,61.6333,61.7227,61.2577,61.4991,26159900
2013-03-11,61.4186,61.6958,61.2308,61.6779,23187900
2013-03-12,61.4991,61.6422,61.1593,61.4544,27575400
2013-03-13,61.5349,61.6064,61.1593,61.3739,34297300
2013-03-14,61.5885,61.7137,61.4455,61.5796,31530800
2013-03-15,61.6235,61.6593,61.256,61.4084,30752600
2013-03-18,60.8437,61.5249,60.7092,61.2739,36163000
2013-03-19,61.4622,61.5787,60.6106,61.1574,33125100
2013-03-20,61.5876,61.7221,61.3008,61.5876,28035400
2013-03-21,61.023,61.1754,60.7451,60.8885,30050800
2013-03-22,61.1395,61.5249,61.0678,61.4801,28837200
2013-03-25,61.6773,61.8117,60.9602,61.256,24909800
2013-03-26,61.489,61.6056,61.3546,61.5876,19725200
2013-03-27,61.1664,61.7131,61.0767,61.6683,22539500
2013-03-28,61.6683,61.9014,61.5249,61.8207,23662800
2013-04-01,61.8655,61.9283,61.2291,61.3994,28112800
2013-04-02,61.6952,62.0896,61.6414,61.8834,29431900
2013-04-03,61.9193,62.0089,61.1664,61.3187,35131200
2013-04-04,61.2918,61.489,61.005,61.3367,32287400
2013-04-05,60.3686,60.9154,60.2252,60.8258,55610800
2013-04-08,60.8527,61.1664,60.6734,61.1484,17891600
2013-04-09,61.3098,61.8117,61.0319,61.5607,30931400
2013-04-10,61.7759,62.8963,61.74,62.7619,55271300
2013-04-11,62.6095,62.8784,62.5378,62.735,37233600
2013-04-12,62.5826,62.7349,62.2151,62.6901,32783700
2013-04-15,62.4571,62.5557,61.3815,61.4532,48795800
2013-04-16,61.8028,62.3406,61.6773,62.2689,27682600
2013-04-17,61.7311,61.749,60.6913,61.0498,60204800
2013-04-18,61.2112,61.247,59.9473,60.2073,56798200
2013-04-19,60.3238,61.1574,60.2342,61.0319,43062800
2013-04-22,61.247,61.8834,61.023,61.6594,34412100
2013-04-23,62.0089,62.475,61.6863,62.251,53078300
2013-04-24,62.0986,62.4481,61.9552,62.2241,44500700
2013-04-25,62.3854,62.7888,62.3764,62.5557,26437100
2013-04-26,62.4033,62.5378,62.0896,62.3585,24079800
2013-04-29,62.5557,63.1742,62.5288,62.9322,31664000
2013-04-30,63.0128,63.3983,62.7798,63.3893,30135800
2013-05-01,63.4072,63.5058,62.968,63.0935,28537200
2013-05-02,63.2011,64.0257,63.1473,63.8912,31744200
2013-05-03,64.5097,64.8414,64.4559,64.6442,34061700
2013-05-06,64.7607,64.9937,64.7069,64.8951,19244300
2013-05-07,65.0027,65.0475,64.6173,64.8593,25838100
2013-05-08,64.8235,65.2268,64.7159,65.173,24252100
2013-05-09,65.0475,65.5226,64.9579,65.0834,29337200
2013-05-10,65.2178,65.5047,65.1013,65.4778,20663700
2013-05-13,65.3702,65.7198,65.3075,65.5584,29730100
2013-05-14,65.5764,66.0963,65.5495,65.8991,36009800
2013-05-15,65.7735,66.0962,65.6122,66.0335,27214400
2013-05-16,66.0873,66.419,65.926,65.9618,27253400
2013-05-17,66.3024,66.6251,66.0873,66.5982,31114500
2013-05-20,66.4727,66.7147,66.2307,66.4996,25132400
2013-05-21,66.4637,66.8133,66.2307,66.5713,25900000
2013-05-22,66.652,67.1808,65.6481,65.9887,59843200
2013-05-23,65.406,66.0604,65.2806,65.8363,48222100
2013-05-24,65.3971,65.8184,65.2178,65.8005,26430300
2013-05-28,66.5713,66.8133,66.0246,66.2307,27057100
2013-05-29,65.9708,66.1501,65.5405,65.917,32090300
2013-05-30,65.9439,66.5803,65.9259,66.2665,32390500
2013-05-31,66.0156,66.5175,65.5853,65.6571,38347600
2013-06-03,65.666,65.7915,64.922,65.7736,47613100
2013-06-04,65.908,66.168,65.1641,65.433,35251900
2013-06-05,65.2178,65.4688,64.5276,64.5814,48654200
2013-06-06,64.671,64.9041,64.0615,64.8951,62524100
2013-06-07,65.1641,65.8542,65.0027,65.7825,31969800
2013-06-10,65.908,66.1142,65.666,65.8094,25390000
2013-06-11,65.1551,65.7377,64.931,65.1551,40278900
2013-06-12,65.5316,65.5584,64.3036,64.4022,42081900
2013-06-13,64.3125,65.3612,64.1333,65.2178,28221500
2013-06-14,65.2178,65.2895,64.689,64.7876,27690700
2013-06-17,65.2985,65.7915,65.0744,65.415,32441900
2013-06-18,65.5046,66.0783,65.4867,65.9528,24853100
2013-06-19,65.9708,66.0425,65.1461,65.2178,43145100
2013-06-20,64.4649,64.68,63.4521,63.6672,60908400
2013-06-21,63.6438,63.8146,62.7986,63.3291,51558900
2013-06-24,62.8075,63.1852,62.1781,62.6996,41492300
2013-06-25,63.3021,63.41,62.7716,63.1582,28897400
2013-06-26,63.6977,63.8416,63.4729,63.7247,23742300
2013-06-27,64.0574,64.3991,63.9585,63.9945,23545000
2013-06-28,63.7967,64.4621,63.6528,64.0844,28301100
2013-07-01,64.516,65.0105,64.4171,64.48,24942800
2013-07-02,64.453,64.9026,64.1563,64.507,23067900
2013-07-03,64.2732,65.0735,64.2193,64.7678,18847500
2013-07-05,65.1364,65.2893,64.6149,65.2623,28795900
2013-07-08,65.604,65.631,65.0825,65.3253,20558500
2013-07-09,65.631,65.8648,65.3253,65.7209,26108600
2013-07-10,65.658,66.1975,65.622,66.0986,25598900
2013-07-11,66.8089,67.4653,66.7639,67.4113,47768900
2013-07-12,67.4563,67.753,67.2765,67.7081,31412600
2013-07-15,67.78,67.9059,67.5912,67.8609,19783600
2013-07-16,67.9149,67.9688,67.6002,67.771,31747100
2013-07-17,67.9778,68.1037,67.753,67.9418,24631500
2013-07-18,67.9328,68.1037,67.6631,67.771,36278800
2013-07-19,67.1865,67.2045,66.8718,67.0696,37732400
2013-07-22,67.3214,67.4203,67.0606,67.2674,21135900
2013-07-23,67.3933,67.4023,66.719,66.7729,24739500
2013-07-24,67.4293,67.4563,66.8359,66.9887,24426900
2013-07-25,67.3034,67.4922,66.9527,67.4113,23162200
2013-07-26,67.1416,67.78,67.0337,67.771,20885600
2013-07-29,67.6361,67.9239,67.4653,67.6451,20958400
2013-07-30,67.8879,68.2925,67.753,68.0048,24104600
2013-07-31,68.1397,68.5263,68.0048,68.1307,25007600
2013-08-01,68.5983,68.922,68.5263,68.8231,16880000
2013-08-02,68.832,69.2277,68.6792,69.2097,18105300
2013-08-05,69.1737,69.3086,69.0388,69.2546,15462800
2013-08-06,69.1647,69.2277,68.5623,68.841,23675400
2013-08-07,68.6432,68.85,68.2206,68.7151,20281200
2013-08-08,69.0928,69.2187,68.6073,69.0568,19994000
2013-08-09,68.9399,69.1827,68.5803,68.7781,18558500
2013-08-12,68.5173,69.0658,68.5083,68.9399,20515900
2013-08-13,69.0298,69.4794,68.5353,69.3266,23917000
2013-08-14,69.2996,69.3985,68.9669,69.0658,29921000
2013-08-15,68.2925,68.3285,67.6991,67.8969,39406600
2013-08-16,67.9059,68.2206,67.753,67.8699,23825000
2013-08-19,67.8789,68.4544,67.735,67.753,29586900
2013-08-20,67.8789,68.3645,67.825,68.0498,18842800
2013-08-21,67.834,68.4184,67.5642,67.816,30705100
2013-08-22,68.1127,68.5263,68.0767,68.4814,17269500
2013-08-23,68.9669,69.0299,68.6972,68.9399,20697300
2013-08-26,68.9939,69.4884,68.832,68.9759,27525500
2013-08-27,68.1576,68.4993,67.4023,67.5642,40068900
2013-08-28,67.4833,68.1127,67.4833,67.825,20490400
2013-08-29,67.807,68.6432,67.7081,68.3016,27287900
2013-08-30,68.3735,68.3735,67.6182,67.8609,26228500
2013-09-03,68.4184,68.7331,67.9239,68.2476,27241500
2013-09-04,68.4813,69.0928,68.2745,68.9759,27142900
2013-09-05,69.0209,69.2906,68.9939,69.0928,17809700
2013-09-06,69.3266,69.5424,68.3825,69.1737,27715100
2013-09-09,69.4705,70.0999,69.4435,69.983,25161900
2013-09-10,70.3876,70.4236,70.0639,70.3247,27619400
2013-09-11,69.8571,70.2348,69.7672,70.1898,28132900
2013-09-12,70.2078,70.3606,70.001,70.1448,18332700
2013-09-13,70.2168,70.2617,69.8122,70.1898,16932500
2013-09-16,70.7832,70.7832,69.8391,70.0009,25704300
2013-09-17,70.1538,70.5585,70.1179,70.4685,27174300
2013-09-18,70.5765,71.4577,70.4326,71.3138,31714700
2013-09-19,71.5386,71.6554,71.3587,71.4846,26435700
2013-09-20,71.6542,71.7353,71.2032,71.2393,26328900
2013-09-23,71.5369,71.6181,70.7613,71.095,30319400
2013-09-24,71.2483,71.4738,70.8605,71.095,21871300
2013-09-25,71.1491,71.2483,70.7072,70.8515,22746400
2013-09-26,71.1401,71.573,71.113,71.4016,22421700
2013-09-27,70.9867,71.4377,70.8785,71.3114,25151600
2013-09-30,70.5719,71.3295,70.3464,71.1401,28031900
2013-10-01,71.1491,71.8977,71.113,71.8616,33129700
2013-10-02,71.3746,71.9337,71.3024,71.8345,25503800
2013-10-03,71.7444,71.8977,70.617,70.9958,42998200
2013-10-04,70.9958,71.7083,70.9327,71.6091,22852700
2013-10-07,70.9777,71.564,70.9507,71.0138,20227100
2013-10-08,71.0138,71.077,69.6159,69.643,43660700
2013-10-09,69.8053,69.8414,68.8583,69.4265,64526700
2013-10-10,70.1751,71.0589,70.157,70.8966,48062700
2013-10-11,70.7162,71.5099,70.7072,71.4557,25214100
2013-10-14,71.0138,71.9608,70.9597,71.9608,31471900
2013-10-15,71.9067,72.2494,71.591,71.6812,38684000
2013-10-16,72.0149,72.529,71.9608,72.4929,46735900
2013-10-17,72.1682,72.9348,72.1051,72.9078,32193500
2013-10-18,73.5752,74.1163,73.3677,74.0892,39628200
2013-10-21,74.2606,74.441,74.0171,74.2516,31176900
2013-10-22,74.5402,74.7657,73.8908,74.3598,43944800
2013-10-23,73.9991,74.1343,73.5481,73.9089,38021300
2013-10-24,73.954,74.3869,73.8457,74.2335,23155100
2013-10-25,74.928,75.1083,74.4049,74.7656,35824500
2013-10-28,74.7746,74.9009,74.45,74.7836,28618400
2013-10-29,75.0362,75.0903,74.5853,74.9099,36878100
2013-10-30,75.1715,75.2977,74.477,74.8378,33535500
2013-10-31,74.6484,75.1264,74.3869,74.6664,31309900
2013-11-01,74.919,75.0091,74.3147,74.6845,30867800
2013-11-04,74.91,74.919,74.5312,74.7927,16834000
2013-11-05,74.5041,75.0542,74.2876,74.8738,27975600
2013-11-06,75.1895,75.2166,74.6123,74.8558,25576800
2013-11-07,74.8648,74.9731,73.3858,73.4489,52173200
2013-11-08,73.7195,74.459,73.512,74.441,31470500
2013-11-11,74.3327,74.5312,74.0802,74.3237,24822900
2013-11-12,74.0983,74.5492,74.0622,74.441,20108500
2013-11-13,73.954,75.3519,73.954,75.3428,31345900
2013-11-14,75.1444,75.6314,74.9821,75.5773,31101200
2013-11-15,75.5954,75.7216,75.406,75.7216,20511300
2013-11-18,75.7036,75.8569,74.8378,74.9821,31679600
2013-11-19,74.937,75.2977,74.6394,74.7656,25545300
2013-11-20,74.9641,75.2436,74.3688,74.5853,32177400
2013-11-21,74.9009,75.406,74.8378,75.3428,28125000
2013-11-22,75.4691,75.7757,75.415,75.7487,25361300
2013-11-25,76.0192,76.1004,75.7397,75.9291,21695100
2013-11-26,75.9471,76.5153,75.7847,76.3259,26621000
2013-11-27,76.4792,76.876,76.4161,76.858,21638100
2013-11-29,77.1646,77.4172,77.0835,77.318,16708900
2013-12-02,77.4082,77.5254,76.9753,77.0925,26354600
2013-12-03,77.0384,77.2368,76.7317,77.0294,37147000
2013-12-04,76.7047,77.354,76.4612,77.1015,37193200
2013-12-05,77.1646,77.2548,76.8129,77.0023,39829300
2013-12-06,77.6516,77.7238,77.1917,77.5615,36842900
2013-12-09,77.8771,78.0395,77.7418,77.8771,22590000
2013-12-10,77.7509,77.9673,77.6697,77.823,26965900
2013-12-11,77.814,77.9223,76.7137,76.822,36830600
2013-12-12,76.849,77.0384,76.5694,76.6235,33662600
2013-12-13,76.9843,77.0203,76.398,76.5243,34072000
2013-12-16,76.9031,77.3901,76.849,76.9482,24902500
2013-12-17,76.9482,77.1376,76.6506,76.7949,24454900
2013-12-18,76.885,77.7599,75.8028,77.6877,68387200
2013-12-19,77.5615,77.5705,77.1286,77.4713,44964100
2013-12-20,77.6178,78.4231,77.5636,78.2602,40475400
2013-12-23,78.9026,79.0835,78.6674,79.0835,28181800
2013-12-24,79.1016,79.174,78.9569,79.1197,13852500
2013-12-26,79.2645,79.4454,79.1107,79.3821,15241100
2013-12-27,79.4816,79.5269,79.0835,79.183,15827400
2013-12-30,79.0654,79.174,78.8393,79.0654,18983700
2013-12-31,79.2102,79.5811,79.183,79.5811,24890500
2014-01-02,79.2102,79.2373,78.7307,78.9568,29177500
2014-01-03,78.9568,79.0292,78.3688,78.3869,35723700
2014-01-06,78.405,78.4954,77.8078,78.0974,32073100
2014-01-07,78.4593,78.9388,78.3145,78.8212,25860600
2014-01-08,78.8393,79.2102,78.6674,78.9931,27197400
2014-01-09,79.2826,79.2917,78.4593,78.7307,23674700
2014-01-10,78.9207,79.0745,78.3326,78.984,38008900
2014-01-13,78.8754,79.1469,77.5183,77.8169,48842300
2014-01-14,78.0793,79.364,78.0793,79.3007,37178900
2014-01-15,79.6445,80.1059,79.563,79.9521,39835600
2014-01-16,79.8888,80.0788,79.7621,79.9611,31630100
2014-01-17,79.7168,79.9521,79.3187,79.5087,36895800
2014-01-21,80.0154,80.1511,79.4454,80.1149,26412700
2014-01-22,80.323,80.522,80.0878,80.323,29376900
2014-01-23,80.0787,80.0878,79.4906,80.0516,35011900
2014-01-24,79.6626,79.7802,78.4502,78.4774,63974600
2014-01-27,78.4774,78.6131,77.1293,77.7174,63519300
2014-01-28,77.3555,77.7536,77.1836,77.6722,44378800
2014-01-29,77.0026,77.5726,76.686,76.8398,51939300
2014-01-30,77.7807,78.5316,77.6993,78.2602,65833600
2014-01-31,77.3917,78.4231,77.3103,78.0521,45187000
2014-02-03,77.9073,78.2602,76.0617,76.2607,65596900
2014-02-04,76.6498,77.1293,76.4146,76.8217,37675500
2014-02-05,76.5683,76.894,75.7631,76.6226,41721800
2014-02-06,76.8488,77.6993,76.8307,77.5997,32308600
2014-02-07,78.034,79.0383,77.8078,78.984,38359400
2014-02-10,78.9569,79.4726,78.9026,79.4364,30205400
2014-02-11,79.6082,80.4949,79.5178,80.3411,38635500
2014-02-12,80.504,80.6759,80.2507,80.495,32507200
2014-02-13,79.9068,81.1554,79.8887,81.092,40454500
2014-02-14,81.0649,81.4359,80.8206,81.2549,33212400
2014-02-18,81.3906,81.8068,81.1916,81.653,29546600
2014-02-19,81.4992,81.6892,80.9292,81.092,41749900
2014-02-20,81.1463,81.6258,80.8025,81.472,41814800
2014-02-21,81.7344,81.852,81.264,81.3635,31192200
2014-02-24,81.5535,82.1687,81.463,81.7978,31500400
2014-02-25,81.9154,82.0782,81.4449,81.7073,26771700
2014-02-26,81.9244,82.1868,81.3092,81.6349,42953700
2014-02-27,81.6467,82.2463,81.5195,82.1645,28742400
2014-02-28,82.1464,82.637,81.3469,82.0737,48609800
2014-03-03,81.3015,81.6831,80.7382,81.465,38885700
2014-03-04,82.3553,82.6551,82.2736,82.5007,33189000
2014-03-05,82.637,82.8732,82.4643,82.7278,27203300
2014-03-06,82.9186,82.9822,82.3553,82.6551,24063900
2014-03-07,82.9186,83.0003,81.8284,82.2463,31167800
2014-03-10,82.2009,82.3644,81.7921,82.319,18131700
2014-03-11,82.5189,82.7278,81.7194,81.9647,27484300
2014-03-12,81.5922,82.319,81.2924,82.2736,27977200
2014-03-13,82.5825,82.6097,80.7382,81.1107,48542000
2014-03-14,80.8472,81.2016,80.5202,80.5565,38732300
2014-03-17,81.0743,81.683,81.0289,81.2651,28467200
2014-03-18,81.365,82.3462,81.3378,82.2463,31250200
2014-03-19,82.2736,82.3644,81.2651,81.8011,40869400
2014-03-20,81.5468,82.2736,81.3833,82.0283,31634500
2014-03-21,82.4981,82.5437,80.8864,81.0412,62754000
2014-03-24,81.3326,81.3963,79.5934,80.331,77735300
2014-03-25,80.7498,81.2689,79.9212,80.595,41723300
2014-03-26,80.9957,81.1778,79.5479,79.557,40930400
2014-03-27,79.4477,79.8028,78.6737,79.1108,64784500
2014-03-28,79.3658,80.1397,79.047,79.2656,39895100
2014-03-31,79.8848,80.3674,79.7846,79.8301,33924300
2014-04-01,80.2217,81.2871,79.8666,81.2324,38683800
2014-04-02,81.5784,81.6604,81.0776,81.4419,34631600
2014-04-03,81.5238,81.6604,80.331,80.7954,30319100
2014-04-04,81.3326,81.4146,78.437,78.6464,131213200
2014-04-07,78.1547,78.8831,77.3534,77.8997,83995800
2014-04-08,77.9908,78.7283,77.7176,78.6191,51495700
2014-04-09,78.9105,80.0123,78.7011,79.9668,45685200
2014-04-10,80.0214,80.0214,77.2714,77.49,73659600
2014-04-11,76.7979,77.7995,76.4064,76.5885,93657400
2014-04-14,77.2623,77.5993,76.4793,77.1895,46500700
2014-04-15,77.4718,77.8906,75.8327,77.4445,84631500
2014-04-16,78.1183,78.4734,77.4809,78.4734,46970900
2014-04-17,78.1729,78.8832,77.9726,78.4916,53719500
2014-04-21,78.6737,79.0744,78.3095,79.0744,25947900
2014-04-22,79.3475,79.903,79.2109,79.7027,38593400
2014-04-23,79.7027,79.73,78.956,79.0015,34376700
2014-04-24,80.3037,80.3219,78.9014,79.7573,48926300
2014-04-25,79.2838,79.3749,78.2913,78.4825,44334000
2014-04-28,78.8558,79.3202,77.4991,78.7374,58623800
2014-04-29,78.9742,79.5114,78.5918,79.3658,36742700
2014-04-30,79.0015,79.6572,78.8012,79.5752,38689400
2014-05-01,79.7027,80.2672,79.5024,79.812,37127200
2014-05-02,80.0851,80.2308,79.475,79.6663,40074200
2014-05-05,79.1927,80.1033,79.0015,80.0851,27924400
2014-05-06,79.9576,80.0031,79.0106,79.047,33698500
2014-05-07,79.211,79.2929,77.8815,78.8194,67489100
2014-05-08,78.5371,79.7027,78.355,78.7466,46556900
2014-05-09,78.701,79.0926,78.1729,79.0379,35081500
2014-05-12,79.5115,80.3674,79.4386,80.3401,38951100
2014-05-13,80.4129,80.6861,80.2399,80.3947,30311900
2014-05-14,80.1488,80.4493,79.7846,79.9758,26483600
2014-05-15,79.9576,80.0942,78.8376,79.3475,59680300
2014-05-16,79.4386,79.9121,78.8923,79.8666,66804100
2014-05-19,79.6298,80.5495,79.4933,80.422,32017000
2014-05-20,80.3856,80.677,79.8028,80.1306,33716000
2014-05-21,80.2763,80.9411,80.2308,80.8955,36837700
2014-05-22,80.9866,81.4783,80.8591,81.2506,30617100
2014-05-23,81.3326,81.8607,81.1505,81.8425,22687300
2014-05-27,82.2068,82.8806,82.1339,82.8624,29725200
2014-05-28,82.835,82.9534,82.5436,82.6074,30468100
2014-05-29,82.8988,83.1446,82.7349,83.1355,33036100
2014-05-30,83.1538,83.2721,82.7076,83.1447,29906400
2014-06-02,83.2448,83.263,82.5346,83.0627,30409900
2014-06-03,82.7895,83.1628,82.6802,83.0263,21774500
2014-06-04,82.8168,83.4724,82.6893,83.3358,20118300
2014-06-05,83.4087,84.1918,83.1264,84.037,35583100
2014-06-06,84.3466,84.5196,84.1827,84.5196,22680600
2014-06-09,84.5378,84.6653,84.2282,84.4559,23399500
2014-06-10,84.383,84.6471,84.2829,84.6016,20626000
2014-06-11,84.3102,84.7017,84.2282,84.5834,22878200
2014-06-12,84.4012,84.4923,83.5271,83.8185,35275900
2014-06-13,84.1827,84.2738,83.7001,84.0643,39447100
2014-06-16,83.9187,84.383,83.7365,84.1372,25212300
2014-06-17,84.0735,84.4104,83.9369,84.1827,19977900
2014-06-18,84.2647,84.7746,83.7548,84.6562,34514000
2014-06-19,84.7837,84.8383,84.2191,84.6016,38422200
2014-06-20,84.6371,84.7924,84.4819,84.7011,25897500
2014-06-23,84.692,84.7467,84.4637,84.7194,20837900
2014-06-24,84.7102,85.4315,84.3907,84.6372,31945800
2014-06-25,84.4454,85.3219,84.4363,85.1758,32818600
2014-06-26,85.2307,85.2398,84.5642,85.2215,22563900
2014-06-27,85.1119,85.6141,85.0845,85.5958,22877800
2014-06-30,85.5776,85.9519,85.5228,85.7419,19751900
2014-07-01,86.0432,86.9106,86.0067,86.6823,31862500
2014-07-02,86.7371,86.9563,86.655,86.8284,18777300
2014-07-03,87.1115,87.3762,86.8741,87.3762,15291700
2014-07-07,87.2758,87.3854,86.9471,87.1115,23266400
2014-07-08,86.9471,87.0111,85.7054,86.0615,40612400
2014-07-09,86.2898,86.801,86.0432,86.7006,29919000
2014-07-10,85.5867,86.7828,85.4863,86.4267,44245300
2014-07-11,86.6458,86.9837,86.3811,86.9837,19566300
2014-07-14,87.3763,87.7049,87.2302,87.5041,19579000
2014-07-15,87.641,87.7688,86.5819,87.2028,39467500
2014-07-16,87.8327,87.924,87.4584,87.5497,22052600
2014-07-17,87.3123,87.6228,86.1163,86.3902,43111500
2014-07-18,86.8376,87.8054,86.7371,87.7597,36682200
2014-07-21,87.5771,87.7962,87.2393,87.6502,29750700
2014-07-22,88.061,88.3441,87.9697,88.2071,25770400
2014-07-23,88.5175,88.8736,88.3532,88.7732,28947500
2014-07-24,88.9284,89.0288,88.5449,88.6728,24707200
2014-07-25,88.2162,88.4445,87.8601,88.3258,29898900
2014-07-28,88.4171,88.5814,87.6684,88.3532,25603400
2014-07-29,88.5449,88.7458,88.1249,88.198,27022200
2014-07-30,88.691,88.8554,88.198,88.5449,35348500
2014-07-31,87.8145,87.9606,86.6276,86.7554,50047900
2014-08-01,86.5728,87.0476,85.8606,86.4358,60708000
2014-08-04,86.6184,87.3671,86.2988,87.0293,33230500
2014-08-05,86.6823,86.9289,85.9611,86.3628,50331100
2014-08-06,85.8241,86.8375,85.751,86.2988,34431900
2014-08-07,86.7006,86.865,85.7237,86.025,33274700
2014-08-08,86.1619,86.7463,85.7967,86.6458,40236900
2014-08-11,86.9836,87.431,86.9197,87.1571,28277500
2014-08-12,87.0658,87.3489,86.6732,87.1206,28152300
2014-08-13,87.4767,88.0793,87.431,88.0428,27996500
2014-08-14,88.1615,88.5175,88.0428,88.4993,25006600
2014-08-15,89.0106,89.1384,88.0884,88.9284,55205500
2014-08-18,89.394,89.6953,89.2662,89.6132,38938300
2014-08-19,89.8231,90.1701,89.7683,90.1153,21363400
2014-08-20,90.0422,90.2979,89.9601,90.1153,23435600
2014-08-21,90.161,90.3436,90.024,90.2979,19339500
2014-08-22,90.3344,90.6175,90.1336,90.4349,24692000
2014-08-25,90.864,91.0101,90.5353,90.7544,24124700
2014-08-26,90.8914,90.9462,90.6357,90.8457,20100400
2014-08-27,90.8731,90.9735,90.6722,90.864,15589100
2014-08-28,90.5536,90.8731,90.4623,90.7636,23563900
2014-08-29,90.9644,91.2201,90.6357,91.1014,17906300
2014-09-02,91.3205,91.3935,90.9918,91.3661,18326800
2014-09-03,91.6127,91.6127,90.6631,90.8275,25950700
2014-09-04,91.0375,91.5031,90.517,90.7453,24663500
2014-09-05,90.8822,91.2565,90.4166,91.2018,30798200
2014-09-08,91.2292,91.6035,90.9553,91.3753,25571300
2014-09-09,91.3844,91.7222,90.444,90.6175,36449200
2014-09-10,90.7362,91.4027,90.4805,91.3661,31080100
2014-09-11,90.9735,91.3387,90.6083,91.2931,28691900
2014-09-12,91.2109,91.2383,90.5444,90.8275,30444400
2014-09-15,90.9279,90.937,89.677,89.951,32972200
2014-09-16,89.6131,90.9096,89.5218,90.7361,38166900
2014-09-17,90.7179,91.3022,90.3253,90.8731,37196500
2014-09-18,91.1561,91.567,91.0557,91.5579,30196700
2014-09-19,91.9404,92.0319,91.1351,91.5011,46918000
2014-09-22,91.2815,91.2907,90.2565,90.65,48658000
2014-09-23,90.2839,90.8056,90.2199,90.4029,33989600
2014-09-24,90.4944,91.4188,90.1833,91.373,35959000
2014-09-25,91.0801,91.1991,89.4145,89.4511,68642500
2014-09-26,89.744,90.5676,89.5884,90.4029,56106200
2014-09-29,89.506,90.531,89.4603,90.2839,33342700
2014-09-30,90.531,90.8788,89.9819,90.4121,41834300
2014-10-01,90.1558,90.2473,88.6823,88.966,58164900
2014-10-02,88.9294,89.2406,87.8312,88.966,54501300
2014-10-03,89.4877,90.2107,89.1765,89.8446,41627800
2014-10-06,90.1284,90.348,89.3779,89.6525,36038700
2014-10-07,89.2315,89.4877,88.3712,88.3803,45154000
2014-10-08,88.4261,90.3846,87.9136,90.1009,64931600
2014-10-09,89.9819,90.2107,88.5084,88.6457,62497100
2014-10-10,88.1241,88.6183,86.4126,86.431,77579400
2014-10-13,86.2754,86.9343,85.0032,85.0765,80835900
2014-10-14,85.6073,86.1839,84.8477,85.0856,71814500
2014-10-15,83.8043,84.8934,82.5871,84.5365,108847800
2014-10-16,82.7519,84.7287,82.7244,84.0057,93165800
2014-10-17,85.1131,85.9276,84.6189,85.1131,69546700
2014-10-20,85.1039,86.4584,84.93,86.3852,41479300
2014-10-21,87.456,88.6549,87.2363,88.6549,53609800
2014-10-22,88.9295,89.0484,88.1424,88.1973,39178000
2014-10-23,89.085,90.0185,88.9295,89.5243,48123800
2014-10-24,89.7165,90.3205,89.3596,90.2565,43157600
2014-10-27,90.0826,90.4853,89.7074,90.3205,29545700
2014-10-28,90.7415,91.7025,90.6775,91.6842,34495100
2014-10-29,91.3822,91.6293,90.6958,91.3456,40552800
2014-10-30,90.9337,91.7574,90.7324,91.5377,35935800
2014-10-31,93.057,93.121,92.4987,92.8007,54254100
2014-11-03,92.9654,93.3223,92.8281,93.0752,33481000
2014-11-04,92.7824,93.0021,92.1326,92.7641,22773300
2014-11-05,93.3773,93.3773,92.4529,92.7732,25818600
2014-11-06,92.7641,93.0936,92.3615,93.0662,24671900
2014-11-07,93.2309,93.2675,92.4987,92.9838,20931700
2014-11-10,93.0295,93.4322,92.7824,93.3132,20360000
2014-11-11,93.3315,93.6061,93.0753,93.6061,15454000
2014-11-12,93.2308,93.8715,93.2308,93.7708,22050300
2014-11-13,93.9447,94.5213,93.7342,94.1735,28027800
2014-11-14,94.146,94.4664,93.8349,94.4664,19251300
2014-11-17,94.2467,94.4572,93.7342,94.1827,23361600
2014-11-18,94.265,95.0155,94.2559,94.8874,26336800
2014-11-19,94.7867,94.7867,94.0179,94.4572,23760200
2014-11-20,94.0546,94.9606,93.9813,94.8782,22874000
2014-11-21,95.7202,95.8117,94.7592,95.0612,34049100
2014-11-24,95.3175,95.8483,95.2351,95.8025,17928300
2014-11-25,95.949,96.2327,95.7019,95.949,17526000
2014-11-26,96.0405,96.6262,95.9398,96.5713,18973800
2014-11-28,96.8276,97.2394,96.7635,97.0198,17360400
2014-12-01,96.7544,96.9374,95.5646,95.9215,35969500
2014-12-02,96.0222,96.4798,95.8208,96.3059,26031300
2014-12-03,96.4523,96.617,95.8757,96.4798,32974300
2014-12-04,96.3883,96.8093,96.0313,96.434,31008800
2014-12-05,96.5896,96.7361,96.2327,96.4432,25622200
2014-12-08,96.1961,96.6171,95.2534,95.7568,32685800
2014-12-09,94.6403,96.132,94.3017,96.0588,46035100
2014-12-10,95.8849,96.1228,94.3748,94.5487,39330100
2014-12-11,94.8233,96.132,94.805,94.9972,47576000
2014-12-12,94.0911,95.1711,93.9539,93.963,46889400
2014-12-15,94.4481,94.7958,92.7275,92.9929,52968400
2014-12-16,92.4072,93.78,91.4828,91.5011,65348600
2014-12-17,91.5652,93.4322,91.4462,93.1668,79715300
2014-12-18,94.503,95.4182,94.2467,95.409,49840900
2014-12-19,95.5073,96.2146,95.2684,95.8288,51419900
2014-12-22,95.6726,96.0952,95.6267,96.0676,33869200
2014-12-23,96.4167,96.4259,95.6175,95.7278,30156900
2014-12-24,95.8472,96.1779,95.7829,95.8105,14291300
2014-12-26,96.086,96.6923,96.0585,96.4902,13924300
2014-12-29,96.3984,96.6831,96.3432,96.4718,17073800
2014-12-30,96.1962,96.4167,95.7002,95.8288,18604000
2014-12-31,95.9942,96.3708,94.7081,94.8459,24367100
2015-01-02,95.3144,95.7186,94.1018,94.5611,31314600
2015-01-05,94.1478,94.258,92.9076,93.174,36521300
2015-01-06,93.3119,93.468,91.5114,91.9248,66205500
2015-01-07,92.531,93.3302,92.3106,93.1098,37577400
2015-01-08,93.8998,95.0756,93.7987,94.8919,40212600
2015-01-09,95.1858,95.2133,93.716,94.2672,41410100
2015-01-12,94.4509,94.552,93.0454,93.2843,34129800
2015-01-13,94.1937,95.1858,92.5035,93.2567,56162300
2015-01-14,92.3197,93.22,91.9247,92.7423,51354200
2015-01-15,93.1741,93.321,91.4287,91.5389,51005400
2015-01-16,91.4195,92.7331,91.2725,92.6137,35362200
2015-01-20,93.1741,93.5875,92.1269,93.3486,30964100
2015-01-21,93.073,94.2672,92.7423,93.8263,40128800
2015-01-22,94.1937,95.6635,93.367,95.5624,40887200
2015-01-23,95.5532,96.0676,95.2776,95.7737,34783000
2015-01-26,95.6635,95.838,95.1766,95.6635,19960900
2015-01-27,94.157,94.2121,92.8709,93.1832,45253200
2015-01-28,94.6806,94.7816,92.6872,92.7056,43591700
2015-01-29,92.6321,93.7711,91.8237,93.5966,46539700
2015-01-30,93.5139,94.2304,92.7423,92.8709,42927600
2015-02-02,93.0822,93.762,91.6308,93.6793,43624700
2015-02-03,94.0192,94.6438,93.4037,94.5795,30750400
2015-02-04,94.1937,95.1215,93.9824,94.4969,34073200
2015-02-05,94.7357,95.3787,94.4968,95.3144,23605500
2015-02-06,95.4614,95.691,94.3958,94.7357,34169300
2015-02-09,94.3682,94.8827,94.2029,94.4325,22604700
2015-02-10,94.9561,96.0309,94.8092,95.9023,23686500
2015-02-11,96.0125,96.4718,95.8288,96.2514,20303600
2015-02-12,96.876,97.4088,96.7291,97.3721,22520300
2015-02-13,97.6477,98.2264,97.4639,98.208,29030200
2015-02-17,98.208,98.3642,97.96,98.2999,17675300
2015-02-18,98.1804,98.4928,98.0518,98.4377,15149600
2015-02-19,98.3733,98.9888,98.3458,98.9245,19828100
2015-02-20,98.8602,99.641,98.5479,99.5859,28336700
2015-02-23,99.5308,99.7145,99.3103,99.687,17868000
2015-02-24,99.5583,99.8799,99.2552,99.7604,19745000
2015-02-25,99.6135,99.9993,99.292,99.5124,19472300
2015-02-26,99.6135,100.0728,99.3379,100.0176,22255500
2015-02-27,99.9809,100.0452,99.4206,99.5767,27757600
2015-03-02,99.7696,100.5137,99.7512,100.4769,22988600
2015-03-03,100.1738,100.2749,99.3746,100.0085,20788900
2015-03-04,99.6778,99.8247,99.0807,99.6226,21007400
2015-03-05,99.8799,100.1004,99.3838,99.7972,15381000
2015-03-06,99.6686,99.8615,98.4193,98.6673,30990400
2015-03-09,98.8694,99.2001,98.4652,98.9521,26237100
2015-03-10,98.2447,98.2723,97.1149,97.1149,34234500
2015-03-11,97.2619,97.3813,96.5178,96.5545,25459700
2015-03-12,96.481,97.2986,96.4167,97.1883,21473200
2015-03-13,97.0965,97.4823,96.1595,96.7658,42021100
2015-03-16,97.1241,98.0519,97.023,98.0151,25674100
2015-03-17,97.7487,98.3274,97.519,98.1713,19603800
2015-03-18,97.9049,99.5859,97.3996,99.1358,40622200
2015-03-19,99.2368,99.5583,99.0899,99.2828,31314000
2015-03-20,100.1004,100.4226,99.907,99.9254,31761400
2015-03-23,99.8702,100.1464,99.6952,99.7321,17268500
2015-03-24,99.7229,100.1832,99.3546,99.373,22445300
2015-03-25,99.5295,99.6216,97.062,97.0988,41581400
2015-03-26,96.2978,97.3198,95.9756,96.7674,47846300
2015-03-27,96.749,97.3843,96.6017,97.1541,33878400
2015-03-30,97.7433,98.351,97.7433,98.2681,30570200
2015-03-31,97.9919,98.1945,97.2001,97.2277,30488100
2015-04-01,97.2277,97.2462,96.0953,96.7213,32970500
2015-04-02,96.8134,97.0988,96.4727,96.7858,19164200
2015-04-06,96.2149,97.8446,96.0676,97.5776,24451100
2015-04-07,97.5224,98.2405,97.4119,97.4119,19379400
2015-04-08,97.4487,98.3234,97.4395,98.1853,25866900
2015-04-09,98.1392,98.839,97.8078,98.8022,23114700
2015-04-10,98.7653,99.2165,98.5444,99.2073,17164300
2015-04-13,99.2809,99.7873,98.8482,98.9587,17783500
2015-04-14,98.8574,99.1428,98.1116,98.6733,23755700
2015-04-15,98.931,99.5019,98.8113,99.2901,21128600
2015-04-16,99.0231,99.327,98.885,99.152,16195300
2015-04-17,98.2037,98.4707,97.1817,97.6052,46514000
2015-04-20,98.0932,99.2441,98.0564,99.0692,28945900
2015-04-21,99.64,99.815,99.373,99.4927,22759800
2015-04-22,99.7505,100.2017,99.106,100.0359,21429200
2015-04-23,99.6952,100.8646,99.6768,100.4134,29473200
2015-04-24,101.4722,101.9142,101.3065,101.7761,32508100
2015-04-27,102.1536,102.3469,101.2973,101.5183,31121300
2015-04-28,101.5919,101.7853,100.4594,101.3157,36849200
2015-04-29,100.7541,101.3433,100.128,100.6804,34043900
2015-04-30,100.1096,100.5147,98.572,99.0968,44080500
2015-05-01,99.4835,100.4687,99.4651,100.4042,32874300
2015-05-04,100.7265,101.196,100.5147,100.57,23507300
2015-05-05,100.174,100.3582,98.885,98.9311,47843300
2015-05-06,99.106,99.3914,97.596,98.2497,42687200
2015-05-07,98.2221,99.1152,98.1484,98.839,29335800
2015-05-08,99.861,100.2845,99.7137,100.0727,33023300
2015-05-11,100.1372,100.3398,99.6124,99.686,19679300
2015-05-12,99.0968,99.7413,98.3326,99.2349,33665000
2015-05-13,99.6676,100.1832,99.2901,99.4374,20738400
2015-05-14,100.2477,100.975,99.8794,100.8922,23904200
2015-05-15,101.15,101.2881,100.6436,100.8922,23937400
2015-05-18,100.7265,101.5367,100.6528,101.3341,17631100
2015-05-19,101.4446,101.6011,101.0579,101.2236,14212900
2015-05-20,101.2973,101.8958,100.7541,101.2881,21131900
2015-05-21,101.1131,101.951,100.9658,101.8129,16771800
2015-05-22,101.6932,102.0799,101.6288,101.7116,13543800
2015-05-26,101.4907,101.6288,100.1372,100.5423,25488400
2015-05-27,100.8462,102.2733,100.6252,102.1628,30572700
2015-05-28,101.9694,102.2088,101.6196,101.9326,17302400
2015-05-29,101.8681,102.0063,101.0855,101.3249,30383000
2015-06-01,101.8681,101.9418,100.8369,101.6656,24570200
2015-06-02,101.2881,101.8405,100.7909,101.3434,19449600
2015-06-03,101.8037,102.0247,101.3986,101.6472,20507200
2015-06-04,101.0764,101.7209,100.5516,100.8738,31374600
2015-06-05,100.7541,100.9935,100.0175,100.6344,22641700
2015-06-08,100.5884,100.662,99.4098,99.6124,24549200
2015-06-09,99.373,99.8058,98.7009,99.4467,27554600
2015-06-10,99.7873,101.104,99.6768,100.8093,30297900
2015-06-11,101.15,101.417,100.7817,100.9566,17593500
2015-06-12,100.4226,100.6344,99.9899,100.128,27201800
2015-06-15,99.3822,99.7873,98.8022,99.6308,31238800
2015-06-16,99.5295,100.3398,99.4835,100.174,16456900
2015-06-17,100.3398,100.7725,99.8334,100.4502,23296700
2015-06-18,100.8185,102.0891,100.7633,101.9142,43032400
2015-06-19,101.964,102.0471,101.3365,101.4103,27877600
2015-06-22,102.1578,102.4623,101.9271,102.1578,19120900
2015-06-23,102.2685,102.3331,101.8163,102.2409,18127900
2015-06-24,102.1209,102.5546,101.6872,101.7149,15815900
2015-06-25,102.1117,102.2132,101.3457,101.5118,18326700
2015-06-26,101.4934,101.7241,100.4598,100.8382,32311700
2015-06-29,99.7215,100.2752,98.4111,98.4573,50874900
2015-06-30,99.1955,99.4078,98.5034,98.8079,34809900
2015-07-01,99.7861,99.9892,99.1309,99.5923,21293000
2015-07-02,99.8784,99.9615,99.3155,99.62,20499400
2015-07-06,98.9925,99.9614,98.7802,99.3893,24311000
2015-07-07,99.5001,99.7308,97.6636,99.6385,44230800
2015-07-08,98.9279,99.0478,97.719,97.9035,39691500
2015-07-09,99.2047,99.297,97.8389,97.8482,28381000
2015-07-10,99.1494,99.7123,98.7894,99.3431,26415800
2015-07-13,100.2014,101.1704,100.1922,101.0873,25780700
2015-07-14,101.2257,102.0286,101.1704,101.7518,21977200
2015-07-15,101.9456,102.2593,101.5764,101.8625,28631500
2015-07-16,102.7023,103.3206,102.4993,103.3021,29838900
2015-07-17,104.1327,104.8248,103.9573,104.8248,35926800
2015-07-20,105.0463,105.5631,104.7233,105.1847,26539000
2015-07-21,105.2216,105.3877,104.8156,105.1201,35468900
2015-07-22,103.5144,104.4372,103.5144,103.9297,35575000
2015-07-23,104.0312,104.3726,103.2745,103.5421,25698300
2015-07-24,104.0958,104.2803,102.3701,102.527,30844700
2015-07-27,101.9455,102.3885,101.4564,101.6779,35994800
2015-07-28,102.1301,102.7576,101.318,102.5546,33553500
2015-07-29,102.7761,103.1637,102.3793,102.9422,26714100
2015-07-30,102.7023,103.6067,102.084,103.4313,25438100
2015-07-31,103.7543,103.8097,103.0991,103.3114,22081700
2015-08-03,103.3298,103.6159,102.3055,102.9884,25001800
2015-08-04,102.9422,103.1268,102.37,102.7945,22132300
2015-08-05,103.3667,104.2803,103.2467,103.5882,28989900
2015-08-06,103.6805,103.8189,101.4657,101.9271,42125400
2015-08-07,101.678,102.0379,100.9582,101.7979,30006800
2015-08-10,102.4439,103.1822,102.4347,102.9607,21500800
2015-08-11,102.4162,102.8131,101.0781,101.6411,36123300
2015-08-12,100.9397,102.1947,99.8692,101.9917,41889000
2015-08-13,102.0932,102.5823,101.6041,101.8256,22510500
2015-08-14,101.5857,102.1301,101.3826,101.9825,17924900
2015-08-17,101.7333,102.8592,101.4749,102.8315,21224900
2015-08-18,102.6931,102.7761,102.167,102.3055,13984400
2015-08-19,101.9917,102.5362,101.0412,101.6318,42511400
2015-08-20,100.6905,101.0135,98.8079,98.8172,57747300
2015-08-21,97.4237,98.2542,94.4983,94.4983,97763400
2015-08-24,86.9587,94.6183,78.201,90.8623,150829900
2015-08-25,94.1938,94.812,90.447,90.5209,75088300
2015-08-26,93.1694,95.2642,91.296,95.0797,104103800
2015-08-27,96.4547,97.5529,95.3104,97.4883,69377700
2015-08-28,96.9715,97.8205,96.7592,97.4698,49919600
2015-08-31,96.9253,97.4606,96.021,96.2609,39549400
2015-09-01,93.8615,95.3196,92.8649,93.2524,73155500
2015-09-02,94.9413,95.901,93.8523,95.8826,43963600
2015-09-03,96.2609,96.9161,95.1443,95.4119,45131800
2015-09-04,94.1015,94.9136,93.7508,94.2768,49379600
2015-09-08,96.0855,97.0545,95.6887,96.9346,37343500
2015-09-09,98.0789,98.1066,95.5965,95.8456,47146700
2015-09-10,95.7349,97.5252,95.6241,96.8884,47686700
2015-09-11,96.4455,97.4237,96.1686,97.4237,29106100
2015-09-14,97.7836,97.802,96.7592,97.1283,19718800
2015-09-15,97.3591,98.5772,96.9992,98.2727,30020200
2015-09-16,98.2911,98.9187,97.9497,98.8264,31329100
2015-09-17,98.7249,100.3398,98.4111,98.8633,56139800
2015-09-18,97.3462,98.6135,97.2907,97.4572,48384000
2015-09-21,97.9937,98.5673,96.8836,97.7624,35772600
2015-09-22,96.2638,96.5968,95.4035,96.3008,47359700
2015-09-23,96.5598,96.8189,95.8753,96.3748,21775100
2015-09-24,95.4405,96.3841,94.6079,96.0233,38284300
2015-09-25,97.0502,97.1427,94.6172,95.2092,44700000
2015-09-28,94.8022,94.867,92.2212,92.4987,44077500
2015-09-29,92.73,93.6736,91.3517,92.0177,49315500
2015-09-30,93.3313,94.2379,92.9705,94.1361,41411400
2015-10-01,94.3027,94.5709,93.0538,94.5617,39339100
2015-10-02,93.2481,96.2176,92.952,96.2176,59370900
2015-10-05,96.9299,97.8549,96.7171,97.5959,32853500
2015-10-06,97.3647,97.6885,96.3748,97.1334,33051500
2015-10-07,97.744,97.929,96.4766,97.7162,37389300
2015-10-08,97.3461,98.2712,96.4026,98.1047,50188900
2015-10-09,98.151,98.7338,97.8827,98.5488,23916200
2015-10-12,98.7338,98.9743,98.3822,98.7893,16162000
2015-10-13,98.225,99.2241,98.0585,98.151,26999600
2015-10-14,98.151,98.6413,97.5867,97.9937,30902600
2015-10-15,98.3545,99.6126,98.225,99.6034,38393800
2015-10-16,99.8162,100.0752,99.3351,100.0197,27091100
2015-10-19,99.8901,100.658,99.6681,100.5932,23776300
2015-10-20,100.4174,100.6302,99.7329,100.0751,23404700
2015-10-21,100.584,100.6857,99.4276,99.4646,30195200
2015-10-22,100.3527,101.5738,100.0659,101.4905,42778700
2015-10-23,104.2195,104.756,103.6737,104.3305,53170900
2015-10-26,104.2565,104.5988,103.8587,104.3953,25918000
2015-10-27,104.1177,104.756,104.09,104.608,31390500
2015-10-28,104.7653,105.4776,103.9235,105.4776,42221900
2015-10-29,104.9966,105.4869,104.8856,105.3111,24913300
2015-10-30,105.3574,105.5331,104.8116,104.8393,27199200
2015-11-02,105.1168,106.1529,104.8948,106.0234,22176900
2015-11-03,105.8106,106.7727,105.6534,106.3934,20418400
2015-11-04,106.745,106.819,105.9587,106.4027,28633000
2015-11-05,106.4952,106.7542,105.5609,106.1159,25004100
2015-11-06,105.9124,106.3102,105.2371,106.1899,29924900
2015-11-09,105.7922,105.9309,104.4138,105.0613,33479800
2015-11-10,104.5063,104.8948,104.1918,104.7931,35452100
2015-11-11,105.0798,105.5886,104.4878,104.6635,22748800
2015-11-12,104.238,104.7468,103.572,103.646,31196900
2015-11-13,103.2112,103.3222,101.5553,101.6108,52836000
2015-11-16,101.509,103.0909,101.2777,103.0724,33980600
2015-11-17,103.2482,103.8773,102.8782,103.1372,30579500
2015-11-18,103.5535,105.2186,103.4517,105.1169,32966500
2015-11-19,105.1723,105.6719,104.9873,105.1908,26188100
2015-11-20,105.6904,105.9864,105.5887,105.9032,22727600
2015-11-23,105.9402,106.3287,105.1446,105.5979,20696200
2015-11-24,104.9133,105.7551,104.386,105.5054,26374400
2015-11-25,105.6626,105.7922,105.3759,105.5979,14159900
2015-11-27,105.8292,105.9587,105.3851,105.7459,8828000
2015-11-30,106.0604,106.0604,105.1353,105.4776,25041600
2015-12-01,105.9032,106.5322,105.7736,106.5322,28639400
2015-12-02,106.6155,107.078,105.7181,105.8754,22395500
2015-12-03,106.1622,106.3472,103.4609,104.0808,42754300
2015-12-04,104.3953,106.6895,104.1825,106.5137,40037300
2015-12-07,106.5877,106.6525,105.5239,106.0327,25892100
2015-12-08,104.9226,106.3842,104.8856,106.0419,30792600
2015-12-09,105.5794,106.1622,103.794,104.4323,48509200
2015-12-10,104.6728,105.6071,104.3583,104.9041,30154600
2015-12-11,103.6922,103.9697,102.4248,102.4896,56022200
2015-12-14,102.6284,103.3129,101.1852,103.2667,53098500
2015-12-15,104.2195,104.7931,103.7662,103.8957,48428000
2015-12-16,104.5988,105.6164,103.5072,105.4406,44944100
2015-12-17,105.9031,105.9031,103.8865,103.905,45668800
2015-12-18,103.5821,103.8141,101.9119,101.9119,53746100
2015-12-21,102.8769,103.0624,102.116,103.0439,26432800
2015-12-22,103.5914,103.8697,103.0439,103.7213,26540300
2015-12-23,104.2594,104.5657,104.0739,104.4914,25656900
2015-12-24,104.4915,104.7605,104.4265,104.4729,11468600
2015-12-28,104.2223,104.4357,103.4707,104.4172,19183600
2015-12-29,105.0389,106.2915,104.9739,106.0596,27725700
2015-12-30,105.9668,106.0039,105.0853,105.1038,19520100
2015-12-31,104.7327,104.9275,103.7769,103.7955,29886800
2016-01-04,101.5592,101.6984,100.3251,101.6056,50807600
2016-01-05,102.1067,102.2366,100.9561,101.4293,38795200
2016-01-06,99.6663,101.0396,99.6663,100.4551,41891100
2016-01-07,98.3115,99.5549,97.2537,97.3094,61386300
2016-01-08,98.0146,98.6271,96.4094,96.5114,69344000
2016-01-11,97.1981,97.4857,95.3237,96.8084,50024100
2016-01-12,97.7363,98.4322,96.5764,97.9311,46734200
2016-01-13,98.3301,98.5714,94.4051,94.5536,69870700
2016-01-14,94.9247,97.4115,93.4122,96.5671,78445700
2016-01-15,93.3658,94.5907,92.3359,93.57,91443900
2016-01-19,94.8412,94.9897,92.6792,93.7741,56563800
2016-01-20,92.2987,94.4886,90.2388,93.4865,86675000
2016-01-21,93.8855,94.9711,92.6235,93.5793,61660100
2016-01-22,95.4629,96.3258,95.1381,96.2887,42229800
2016-01-25,95.9454,96.4929,94.7763,94.8598,38881500
2016-01-26,95.2588,96.1217,94.4237,95.7134,36143900
2016-01-27,95.1567,95.565,92.9297,93.3287,54524700
2016-01-28,94.8783,94.9154,93.0318,94.6463,47641500
2016-01-29,94.6185,96.6599,94.5907,96.6228,54245100
2016-02-01,96.1588,97.2445,95.7877,96.8826,32750300
2016-02-02,96.4372,96.4743,94.4979,94.7855,44928100
2016-02-03,95.4165,95.4165,92.6792,94.3309,61572900
2016-02-04,94.0803,95.0732,93.1988,94.3216,49321600
2016-02-05,93.9875,94.0246,90.6749,91.0461,70749900
2016-02-08,89.348,90.0532,88.0025,89.6542,91673100
2016-02-09,88.4572,90.7305,88.318,89.3758,73778400
2016-02-10,90.4058,91.575,89.6542,89.7191,59421700
2016-02-11,88.5778,90.3037,88.3273,89.5893,76839200
2016-02-12,90.6007,91.0461,89.7563,90.9533,49186500
2016-02-16,92.2987,93.0039,91.7234,93.0039,40565900
2016-02-17,93.6813,95.2402,93.44,95.1103,41766500
2016-02-18,95.4073,95.4258,93.904,94.0247,38991500
2016-02-19,93.57,94.5907,93.3658,94.303,28257900
2016-02-22,95.1845,95.9269,95.0917,95.8341,23979100
2016-02-23,95.2773,95.5371,94.1917,94.2566,29869700
2016-02-24,93.1524,95.2773,92.5771,95.1567,40739100
2016-02-25,95.3516,96.0939,94.4979,96.0939,29389300
2016-02-26,96.8269,96.8455,95.7413,95.9733,30925000
2016-02-29,95.8804,96.5949,95.1103,95.1103,27553900
2016-03-01,96.0196,98.1631,95.7227,98.1631,37699800
2016-03-02,98.0425,98.2188,97.4394,98.2002,29209800
2016-03-03,98.0981,98.126,97.3094,98.0146,25474600
2016-03-04,98.126,98.6827,97.4022,98.0518,31655400
2016-03-07,97.5507,98.1167,96.7527,97.4486,25861200
2016-03-08,96.7805,97.6249,96.4743,96.6413,28898500
2016-03-09,97.0032,97.2816,96.465,97.263,31047400
2016-03-10,97.6713,98.2281,95.8619,97.1146,44236100
2016-03-11,98.1631,98.8127,97.8569,98.8127,31454000
2016-03-14,98.4414,99.2116,98.4136,98.9796,25374900
2016-03-15,98.6271,99.0539,98.3116,98.9425,26524600
2016-03-16,98.7013,100.0838,98.6734,99.824,31693100
2016-03-17,99.5364,100.0004,99.1652,99.7684,29623700
2016-03-18,100.0085,100.176,99.3943,99.9248,37682300
2016-03-21,99.7479,100.4087,99.6921,100.3156,17288600
2016-03-22,99.7479,100.8554,99.7293,100.6227,18840300
2016-03-23,100.4273,100.5017,99.5711,99.7944,20912900
2016-03-24,99.3105,99.8503,99.143,99.8224,19017300
2016-03-28,100.1015,100.1202,99.5059,99.6828,13892300
2016-03-29,99.4966,101.3486,99.3291,101.2835,29963900
2016-03-30,101.8884,102.4096,101.5627,101.7767,23807200
2016-03-31,101.7023,102.0839,101.4696,101.6278,21447200
2016-04-01,101.0136,102.7446,100.874,102.7074,26389000
2016-04-04,102.7074,102.7818,102.0745,102.3165,17163000
2016-04-05,101.5255,101.907,101.1997,101.33,20107900
2016-04-06,101.4324,103.0331,101.4324,102.9959,25056000
2016-04-07,102.4003,102.5864,101.0787,101.5161,28567200
2016-04-08,102.149,102.391,101.0881,101.4417,22898000
2016-04-11,101.8791,102.391,101.0602,101.0695,25772100
2016-04-12,101.1439,102.1118,100.5296,101.9163,28564100
2016-04-13,102.6981,103.3774,102.5678,103.2192,25356700
2016-04-14,103.2379,103.6101,102.3724,103.2286,17199700
2016-04-15,103.1448,103.3589,102.7074,102.968,21353300
2016-04-18,102.6702,103.5543,102.605,103.5171,17126100
2016-04-19,103.7125,103.7125,102.2607,102.8842,42481400
2016-04-20,102.8842,103.4426,102.5306,102.968,18078300
2016-04-21,102.9121,103.3495,102.512,102.9773,20216000
2016-04-22,101.6371,102.1118,100.6227,101.4231,39074000
2016-04-25,101.116,101.4324,100.9298,101.4231,14351900
2016-04-26,101.6371,101.8047,100.6227,100.9298,19118300
2016-04-27,99.8968,100.3528,99.2919,100.1202,33059800
2016-04-28,100.2318,100.8181,98.7149,98.9103,29818200
2016-04-29,98.9103,99.1151,97.6074,98.3892,67502800
2016-05-02,98.6404,99.4594,98.2309,99.3198,24813800
2016-05-03,98.6125,99.0592,98.1378,98.3984,38569400
2016-05-04,97.8028,98.1658,97.5236,97.7656,27474500
2016-05-05,98.1193,98.3333,97.5422,97.7377,20788100
2016-05-06,97.2538,98.2775,97.1607,98.2589,30758500
2016-05-09,98.2681,98.9941,98.2216,98.538,19289600
2016-05-10,98.8917,99.934,98.7149,99.8875,21178900
2016-05-11,99.7386,100.0364,98.9568,98.9847,20966300
2016-05-12,99.2174,99.3384,97.8494,98.5473,29196300
2016-05-13,98.4636,99.0685,97.989,98.1844,21059300
2016-05-16,98.3333,99.7758,98.2402,99.4128,18311900
2016-05-17,99.3291,99.6176,97.9052,98.1658,29932700
2016-05-18,97.9424,99.0499,97.7563,98.5194,27524400
2016-05-19,98.1379,98.3798,97.291,98.0076,27334600
2016-05-20,98.3984,99.4873,98.3426,99.0871,29549600
2016-05-23,99.1988,99.5525,98.8638,98.9568,15729800
2016-05-24,99.5059,101.0601,99.478,100.9391,29931300
2016-05-25,101.3207,101.9722,101.1439,101.6651,37951700
2016-05-26,101.7674,102.0932,101.5255,101.9629,21885900
2016-05-27,102.028,102.5026,102.0094,102.4933,19870000
2016-05-31,102.633,102.847,102.1676,102.6888,24366100
2016-06-01,102.3724,102.9307,102.2886,102.6981,19571500
2016-06-02,102.4933,102.9214,101.935,102.9121,15696600
2016-06-03,102.7167,102.7632,101.7581,102.4282,20269900
2016-06-06,102.6143,103.0703,102.4375,102.8005,12502400
2016-06-07,102.8563,102.9586,102.4933,102.5398,12184300
2016-06-08,102.7167,102.9308,102.3351,102.7167,14568700
2016-06-09,102.2979,102.6609,102.1025,102.5492,17571600
2016-06-10,101.6185,101.814,101.0322,101.3859,32965000
2016-06-13,100.8089,101.3766,100.4087,100.539,25154700
2016-06-14,100.2691,100.9019,99.8038,100.539,24588500
2016-06-15,100.7809,100.9205,100.0829,100.2505,24605700
2016-06-16,99.7572,100.6414,99.1151,100.5483,32079900
2016-06-17,100.3402,100.4802,99.1364,99.3697,29208800
2016-06-20,100.5268,101.0027,99.9203,99.9949,20562800
2016-06-21,100.1255,100.5174,99.9389,100.3122,22804100
2016-06-22,100.3682,100.9561,99.9856,100.0696,22724200
2016-06-23,100.8441,101.5159,100.4242,101.4973,18714200
2016-06-24,97.886,99.3791,97.1022,97.3168,68012700
2016-06-27,96.673,96.673,94.9467,95.3852,48222600
2016-06-28,96.4397,97.5221,96.393,97.4754,28260600
2016-06-29,98.2406,99.4071,98.194,99.2018,31356700
2016-06-30,99.3697,100.4148,99.0338,100.3495,36300800
2016-07-01,100.3028,101.2266,100.2655,100.8534,19902800
2016-07-05,100.3215,100.4615,99.6963,100.2375,21167900
2016-07-06,99.7616,101.1053,99.4443,101.0587,24579300
2016-07-07,101.152,101.5813,100.8814,101.3573,19161700
2016-07-08,101.8985,102.981,101.7306,102.925,29457900
2016-07-11,103.2702,103.8954,103.2609,103.5129,20218500
2016-07-12,104.1473,104.3153,103.8954,104.0354,21906100
2016-07-13,104.278,104.3433,103.7741,103.7835,21107800
2016-07-14,104.474,104.6886,104.2313,104.4926,20871000
2016-07-15,104.7352,104.7912,104.0914,104.3247,17999300
2016-07-18,104.39,105.2018,104.3713,105.0152,20713900
2016-07-19,104.6513,104.9592,104.446,104.6326,18936700
2016-07-20,105.2018,106.051,105.0712,105.855,24997900
2016-07-21,105.9297,106.135,105.3231,105.6124,18885400
2016-07-22,105.6871,106.1723,105.3605,106.051,20003400
2016-07-25,105.967,106.0883,105.7057,106.0603,12968100
2016-07-26,106.023,106.5642,105.6497,106.1816,21223800
2016-07-27,107.0774,107.1987,106.4709,106.9188,27646100
2016-07-28,107.0868,107.4134,106.7508,107.292,16939700
2016-07-29,107.5347,107.8146,107.1894,107.5253,22385300
2016-08-01,107.6,108.3651,107.4693,108.0945,13990100
2016-08-02,107.9359,108.0292,106.5829,107.2734,21278400
2016-08-03,107.1894,107.6373,107.1241,107.628,15011300
2016-08-04,107.5907,108.0386,107.3387,107.9359,12835300
2016-08-05,108.4865,109.2143,108.3651,108.9717,23196600
2016-08-08,109.0277,109.0557,108.5052,108.8504,12358200
2016-08-09,108.9344,109.4476,108.8691,109.1023,13276500
2016-08-10,109.1676,109.1956,108.5331,108.8224,14688400
2016-08-11,109.1956,109.5222,108.9717,109.2889,12969800
2016-08-12,109.1023,109.373,108.981,109.3636,19379000
2016-08-15,109.5036,110.0821,109.4662,109.8302,11777800
2016-08-16,109.6249,109.6342,109.205,109.2236,14161400
2016-08-17,109.2517,109.4569,108.6451,109.4196,15980300
2016-08-18,109.3169,109.6062,109.1303,109.4476,10036300
2016-08-19,109.2517,109.6622,108.953,109.4196,18743000
2016-08-22,109.261,109.6902,109.0557,109.5036,14500600
2016-08-23,109.9328,110.1194,109.6529,109.6995,11997900
2016-08-24,109.6249,109.7742,108.6264,108.9903,17728700
2016-08-25,108.7104,109.149,108.5798,108.8131,24266300
2016-08-26,108.8504,109.6809,108.3185,108.9717,23896000
2016-08-29,108.9997,109.4103,108.981,109.121,11184900
2016-08-30,108.9437,109.261,108.3932,108.7664,19843300
2016-08-31,108.5984,108.7664,108.1972,108.6544,16169800
2016-09-01,108.6918,109.065,108.1599,108.9344,20944700
2016-09-02,109.4756,109.6995,108.8784,109.2889,18088200
2016-09-06,109.4756,109.9702,109.233,109.9702,18525200
2016-09-07,110.0728,110.2221,109.6156,110.0355,17546900
2016-09-08,109.7089,109.7369,109.1023,109.3916,20125300
2016-09-09,108.4771,108.7197,106.6201,106.6388,50813300
2016-09-12,106.0417,108.7011,106.0323,108.5518,39646000
2016-09-13,108.0106,108.3278,107.0588,107.5813,45863900
2016-09-14,107.6933,108.6824,107.6653,108.0945,28221800
2016-09-15,108.1225,109.9422,108.1132,109.7742,38521400
2016-09-16,109.6563,109.834,109.1792,109.7218,27596500
2016-09-19,110.0024,110.3392,109.0296,109.2447,16222900
2016-09-20,109.6376,109.8996,109.2634,109.4505,18078600
2016-09-21,109.9182,110.6853,109.2728,110.5263,31546800
2016-09-22,111.1718,111.5273,111.0595,111.4057,22614400
2016-09-23,111.3215,111.3215,110.5357,110.6947,22213400
2016-09-26,110.0679,110.1989,109.6095,109.7686,16403900
2016-09-27,109.6937,110.9099,109.5908,110.8537,20238400
2016-09-28,110.994,111.1063,110.4702,111.0408,14794300
2016-09-29,110.8537,111.0595,109.7592,110.2363,27207500
2016-09-30,110.5263,111.3869,110.4141,111.0595,25543200
2016-10-03,110.9192,111.0408,110.4702,110.9005,19216400
2016-10-04,111.2279,111.4711,110.3111,110.7321,21239700
2016-10-05,111.0595,111.4805,111.0127,111.125,14481300
2016-10-06,110.9847,111.3028,110.5263,111.0689,11987100
2016-10-07,111.1718,111.3308,110.2831,110.8257,19984200
2016-10-10,111.3963,111.7705,111.3495,111.5273,19687300
2016-10-11,111.4337,111.4524,109.4505,109.9369,27774400
2016-10-12,110.0398,110.2176,109.5066,109.8434,14267800
2016-10-13,109.095,109.7499,108.4589,109.4505,22821000
2016-10-14,109.9931,110.4328,109.516,109.5815,21313300
2016-10-17,109.4879,109.7312,109.1418,109.2821,14182700
2016-10-18,110.5824,110.7695,110.1989,110.255,19276700
2016-10-19,110.1708,110.4047,110.0492,110.2457,13702900
2016-10-20,110.1334,110.3579,109.4786,110.1147,18132200
2016-10-21,110.1989,110.5918,109.834,110.5263,15707800
2016-10-24,111.2373,111.9295,111.2186,111.8547,19143000
2016-10-25,111.9202,111.9389,111.3308,111.4992,20341800
2016-10-26,110.7789,111.3495,110.4141,110.7415,20463700
2016-10-27,111.2186,111.3121,110.0773,110.2363,19099800
2016-10-28,109.9183,110.4889,109.2073,109.5441,35369300
2016-10-31,109.9463,109.9463,109.385,109.4412,18749400
2016-11-01,109.6282,109.6469,107.6731,108.6179,23498700
2016-11-02,108.5431,108.7957,107.4767,107.748,26960100
2016-11-03,107.5702,107.9257,106.5692,106.6909,36205200
2016-11-04,106.4289,107.1493,106.1296,106.3167,26997500
2016-11-07,108.038,108.9547,107.8602,108.8425,26591200
2016-11-08,108.7302,110.0492,108.4776,109.5534,20777900
2016-11-09,108.2718,110.2363,108.1408,110.0585,70234400
2016-11-10,110.5918,110.7415,106.8312,108.2812,72825400
2016-11-11,107.8134,108.5618,107.4299,108.3279,41115200
2016-11-14,108.356,108.4589,106.6722,107.2334,35906000
2016-11-15,108.0473,109.095,107.8883,108.7208,31796600
2016-11-16,108.2063,109.4412,108.2063,109.3663,16538100
2016-11-17,109.3102,110.1802,109.0857,110.1615,20598600
2016-11-18,110.2924,110.4795,109.6469,109.7498,16428700
2016-11-21,110.0212,110.9941,109.9838,110.8912,20268500
2016-11-22,111.3308,111.4992,110.9566,111.2279,18850600
2016-11-23,110.8631,110.9847,110.2924,110.7789,22926000
2016-11-25,110.9098,111.1811,110.7789,111.1344,7162800
2016-11-28,110.994,111.3963,110.7695,110.8818,13479000
2016-11-29,110.9847,111.7986,110.6666,111.2654,18553000
2016-11-30,111.4056,111.4431,109.8808,109.9182,30405300
2016-12-01,109.8808,109.8902,107.8509,108.0192,39796600
2016-12-02,108.0847,108.6647,107.7854,108.2344,32876800
2016-12-05,108.7957,109.5066,108.2999,109.0763,21419700
2016-12-06,109.385,109.5254,108.8799,109.3383,27293300
2016-12-07,109.1137,110.8631,108.7863,110.7228,26622400
2016-12-08,110.7695,111.1998,110.5544,110.9192,18578400
2016-12-09,111.3308,111.8266,111.3215,111.7892,21863100
2016-12-12,111.2934,111.5179,110.8257,111.2841,23259300
2016-12-13,111.6208,113.2953,111.6208,112.6873,54477900
2016-12-14,112.8276,113.1924,112.126,112.4534,28746000
2016-12-15,112.603,113.2953,112.3318,112.6311,22762300
2016-12-16,112.9079,113.1331,111.9884,112.2136,26283900
2016-12-19,112.3262,113.3677,112.1667,112.6733,21138700
2016-12-20,113.0299,113.3114,112.8985,113.1049,11461800
2016-12-21,113.1519,113.2269,112.7672,113.0205,7079300
2016-12-22,113.0299,113.058,112.2605,112.7015,16645000
2016-12-23,112.5139,112.8235,112.4107,112.7766,9007500
2016-12-27,113.0205,114.0151,112.9736,113.3583,16110600
2016-12-28,113.6022,113.7054,112.4013,112.4763,17975200
2016-12-29,112.4482,112.7109,111.9603,112.3168,13267500
2016-12-30,112.5326,112.542,110.8438,111.1628,41749000
2017-01-03,111.904,112.5795,111.5475,112.1573,22307600
2017-01-04,112.2793,112.9736,112.2699,112.7672,19749100
2017-01-05,112.6827,113.4802,112.6827,113.4052,20644300
2017-01-06,113.5272,114.7,113.2363,114.3997,24074300
2017-01-09,114.4935,114.9814,114.4185,114.775,18909200
2017-01-10,114.8219,115.3755,114.5592,115.0283,16176600
2017-01-11,115.0752,115.3379,114.4841,115.3379,20686000
2017-01-12,114.9251,115.2348,114.0901,115.1597,19622500
2017-01-13,115.216,115.7508,115.216,115.5538,16930800
2017-01-17,115.2535,115.4318,114.8688,115.2066,14538500
2017-01-18,115.3755,115.5538,115.0846,115.4412,12499700
2017-01-19,115.6101,116.0135,115.141,115.3849,12710700
2017-01-20,115.8915,116.1824,115.3286,115.6382,22091000
2017-01-23,115.5631,115.9009,115.0002,115.732,17434200
2017-01-24,115.9572,116.689,115.7602,116.5108,17640900
2017-01-25,117.2426,117.7117,117.1394,117.6835,15036200
2017-01-26,117.8431,118.0495,117.5991,117.8055,16052200
2017-01-27,118.0589,118.1433,117.646,118.0307,15053000
2017-01-30,117.6366,117.6366,116.4638,117.1112,25006700
2017-01-31,116.6984,116.9048,116.2011,116.8767,19091100
2017-02-01,117.7023,117.9181,117.1488,117.6835,22861900
2017-02-02,117.4771,117.9369,117.1488,117.5804,15101400
2017-02-03,117.7023,118.0401,117.5897,117.9181,16957200
2017-02-06,117.7211,118.0776,117.6085,118.0589,11630100
2017-02-07,118.3028,118.7344,118.1902,118.4905,17541100
2017-02-08,118.331,118.8564,118.1058,118.6875,12569100
2017-02-09,118.8094,119.3818,118.7438,119.119,17542700
2017-02-10,119.3818,119.682,119.1754,119.5131,13915700
2017-02-13,119.8791,120.3388,119.8321,120.1887,19120200
2017-02-14,120.2356,120.6015,119.8509,120.5921,16333500
2017-02-15,120.5077,121.3615,120.442,121.3052,17891400
2017-02-16,121.3802,121.6242,120.958,121.2676,15098300
2017-02-17,121.0894,121.8024,121.0706,121.7931,15563700
2017-02-21,122.0276,122.4686,121.9619,122.3935,18479600
2017-02-22,122.2809,122.5248,122.0745,122.4404,12110900
2017-02-23,122.6281,122.6281,121.4928,121.9807,17489000
2017-02-24,121.4271,122.2152,121.3896,122.2152,18624500
2017-02-27,121.9901,122.3747,121.7837,122.3654,12008700
2017-02-28,122.3372,122.3935,121.6523,121.9901,16598600
2017-03-01,122.7688,123.5476,122.5343,123.3224,25813800
2017-03-02,123.2943,123.313,122.553,122.7032,19951400
2017-03-03,122.6187,122.9658,122.2903,122.9283,13722700
2017-03-06,122.5249,122.8626,122.1684,122.6562,12026200
2017-03-07,122.4123,122.9846,122.234,122.4498,15500900
2017-03-08,122.5249,123.0503,122.4029,122.6656,15776000
2017-03-09,122.6375,122.9283,122.1027,122.7594,20855300
2017-03-10,123.3224,123.4725,122.7407,123.2754,21922600
2017-03-13,123.2285,123.51,123.1629,123.4819,10731600
2017-03-14,123.2004,123.2473,122.6844,123.1816,14019700
2017-03-15,123.435,124.2325,123.0409,123.9417,22709100
2017-03-16,124.1762,124.1762,123.5757,123.8572,18457300
2017-03-17,124.0114,124.143,123.7481,123.8139,21234500
2017-03-20,123.7763,124.2088,123.5977,123.9268,10105200
2017-03-21,124.3968,124.5096,121.9711,122.0463,35841900
2017-03-22,122.084,122.996,121.9242,122.8738,29177900
2017-03-23,122.7139,123.0524,122.3566,122.5635,20311700
2017-03-24,122.9584,123.4379,122.3472,122.8173,22967600
2017-03-27,121.943,123.231,121.6609,123.0148,18472400
2017-03-28,123.0148,124.1336,122.7421,123.7669,23721900
2017-03-29,123.8516,124.3875,123.7199,124.3405,13710000
2017-03-30,124.2935,124.6789,124.1806,124.5473,16092400
2017-03-31,124.3686,124.8011,124.2276,124.4626,19841400
2017-04-03,124.5661,124.867,123.6917,124.3875,23700300
2017-04-04,124.0302,124.6037,123.9832,124.5849,13400000
2017-04-05,124.7635,125.4969,123.8422,124.0772,32011200
2017-04-06,124.1994,124.4721,123.8233,124.143,18832200
2017-04-07,124.1054,124.4533,123.6353,124.0772,16743100
2017-04-10,124.1994,124.6413,123.7857,124.1242,15619300
2017-04-11,124.0114,124.1994,122.6951,123.5883,33778400
2017-04-12,123.5695,123.6729,122.9584,123.09,15955200
2017-04-13,122.9208,123.6447,122.5823,122.6011,23683000
2017-04-17,122.949,123.6353,122.902,123.6165,13325500
2017-04-18,123.2028,123.7857,123.1182,123.4284,12841100
2017-04-19,123.9644,124.3781,123.4567,123.6259,17764800
2017-04-20,124.1242,124.9328,123.9362,124.6601,21977900
2017-04-21,124.7729,124.8199,124.3122,124.6319,22454900
2017-04-24,126.014,126.2584,125.7978,126.1362,22469900
2017-04-25,126.5499,127.2738,126.437,127.0482,19384400
2017-04-26,127.0952,127.4054,126.7943,126.8695,25398500
2017-04-27,127.1798,127.6311,127.1046,127.6311,16136500
2017-04-28,128.1388,128.1858,127.6499,127.8567,22771900
2017-05-01,128.2799,129.1636,128.2234,128.9944,24815500
2017-05-02,129.1543,129.2671,128.8252,129.2107,18345100
2017-05-03,128.9191,128.9661,128.449,128.7969,23827600
2017-05-04,128.7781,129.2106,128.3927,128.8439,14630100
2017-05-05,129.173,129.314,128.6935,129.314,19330700
2017-05-08,129.3798,129.5961,129.1166,129.5961,13279900
2017-05-09,129.7936,130.3389,129.6807,130.0474,28426100
2017-05-10,130.1226,130.1696,129.6619,130.1226,20499400
2017-05-11,129.7654,130.0568,129.1637,130.0192,27232100
2017-05-12,130.0756,130.3389,129.9628,130.3107,19738600
2017-05-15,130.3671,130.7995,130.2448,130.7243,20481300
2017-05-16,131.0628,131.2885,130.6774,131.2697,21786000
2017-05-17,130.2261,130.4705,127.9132,127.932,55642200
2017-05-18,127.885,129.4833,127.7439,129.0508,41319900
2017-05-19,129.5115,130.1414,129.4269,129.5961,36730100
2017-05-22,129.8876,130.7526,129.8406,130.6868,19509700
2017-05-23,131.0722,131.0816,130.4799,130.8184,19687500
2017-05-24,131.2133,131.4859,130.8466,131.4201,15891900
2017-05-25,131.9184,132.8774,131.6364,132.539,23928600
2017-05-26,132.5671,132.8304,132.3885,132.774,13851600
2017-05-30,132.7082,133.0467,132.6236,132.8868,20306400
2017-05-31,133.3569,133.3569,132.1628,132.8398,33229400
2017-06-01,133.1124,133.4133,132.5483,133.3569,20120700
2017-06-02,133.827,134.9082,133.6108,134.88,37222900
2017-06-05,134.8706,135.0868,134.6637,134.8518,15727500
2017-06-06,134.6919,135.1338,134.1184,134.3159,22393000
2017-06-07,134.692,134.9553,134.0715,134.8425,18842400
2017-06-08,135.1433,135.1997,134.2501,134.9835,25417400
2017-06-09,135.1433,135.2937,129.85,131.6082,109783700
2017-06-12,130.4987,131.138,129.2483,130.903,104454000
2017-06-13,131.6363,132.1534,130.95,131.9654,51193000
2017-06-14,132.5013,132.5013,130.3295,131.3919,60093800
2017-06-15,130.0662,130.95,129.2671,130.809,55145200
2017-06-16,130.7411,130.8354,129.7606,130.2414,48087400
2017-06-19,131.5047,132.5417,131.3067,132.4192,39626500
2017-06-20,132.2872,132.4569,131.335,131.3822,40935100
2017-06-21,131.6839,132.7492,131.599,132.6832,35743400
2017-06-22,132.8906,133.1357,132.3061,132.6455,24099100
2017-06-23,132.4946,133.3242,132.1269,133.1545,21654300
2017-06-26,133.9182,134.1444,132.2401,132.5323,34411100
2017-06-27,132.0327,132.193,130.1189,130.1283,65957800
2017-06-28,130.6091,132.1175,129.8549,132.0044,57427200
2017-06-29,131.4576,131.4576,128.4502,129.7135,88769400
2017-06-30,130.0811,130.7316,129.3364,129.7606,68898300
2017-07-03,130.3545,130.5054,128.3088,128.3936,32797000
2017-07-05,128.799,130.0058,128.3654,129.6569,42116600
2017-07-06,128.667,129.2138,128.0259,128.4879,48430500
2017-07-07,128.9216,130.2226,128.9122,129.8738,36970400
2017-07-10,129.9586,131.0333,129.6286,130.7222,24853500
2017-07-11,130.5337,131.2502,130.0434,131.0899,31517700
2017-07-12,132.2118,132.7963,131.9479,132.6455,36045800
2017-07-13,132.8057,133.2582,132.5512,132.9377,31073600
2017-07-14,133.5316,134.1539,133.1074,133.9842,34544800
2017-07-17,134.1256,134.5215,133.7956,134.0501,25343200
2017-07-18,133.9559,134.974,133.5316,134.9458,25748500
2017-07-19,135.3417,135.9356,135.2851,135.7376,33752300
2017-07-20,136.0865,136.1714,135.304,135.9168,36139400
2017-07-21,135.4172,135.8603,135.1438,135.8603,39697100
2017-07-24,135.8414,136.5767,135.6811,136.4825,26712700
2017-07-25,136.0299,136.4542,135.7659,136.1336,28120900
2017-07-26,136.473,136.6522,136.2562,136.5767,18610600
2017-07-27,137.4723,137.6043,134.1538,135.7188,80665900
2017-07-28,134.9081,135.832,134.6913,135.6057,38013200
2017-07-31,135.9923,136.162,134.7384,135.0307,33848600
2017-08-01,135.4926,135.5303,134.9269,135.3417,20149400
2017-08-02,136.2185,136.2468,134.4462,135.7094,41769700
2017-08-03,135.8414,135.9169,134.9364,135.1815,27112800
2017-08-04,135.4831,135.7282,134.8703,135.4266,29472900
2017-08-07,135.6717,136.2845,135.4831,136.2845,17933900
2017-08-08,136.0205,137.1424,135.6622,136.0488,30810400
2017-08-09,134.9269,135.9357,134.6158,135.8697,36169500
2017-08-10,135.0966,135.1908,132.8245,132.9565,63331700
2017-08-11,133.1357,134.2576,132.834,133.9653,45862500
2017-08-14,135.0306,135.8979,134.9929,135.6905,34161000
2017-08-15,136.03,136.0394,135.4172,135.7849,25509200
2017-08-16,136.1242,136.6616,135.568,136.0205,31913000
2017-08-17,135.4926,135.7,133.2394,133.2394,70191000
2017-08-18,133.3148,134.0596,132.5983,133.1451,60751900
2017-08-21,133.1357,133.4279,132.1552,132.9754,37111500
2017-08-22,133.692,135.1438,133.6448,135.0024,36294200
2017-08-23,134.3236,134.8232,134.2293,134.5216,25702300
2017-08-24,134.8232,134.9741,133.3714,134.1256,38160800
2017-08-25,134.6441,134.9834,133.6636,133.8427,26380400
2017-08-28,134.2481,134.5687,133.8239,134.2576,15362100
2017-08-29,133.1074,135.0118,132.9849,134.7855,24498300
2017-08-30,134.8987,136.5956,134.8138,136.3694,33642700
2017-08-31,136.7559,137.84,136.6805,137.8306,38480700
2017-09-01,138.0097,138.1982,137.2744,137.642,22293600
2017-09-05,137.2367,137.5289,135.3794,136.407,44794300
2017-09-06,136.7559,137.133,135.832,136.8219,30722700
2017-09-07,137.0764,137.4912,136.6427,137.1424,22721100
2017-09-08,136.9633,137.0293,135.8131,135.9545,27890100
2017-09-11,137.0199,137.7552,136.9822,137.5195,27126300
2017-09-12,137.9061,138.0286,137.199,137.8495,30256700
2017-09-13,137.6138,138.0569,137.3875,138.038,28450900
2017-09-14,137.5006,137.9154,137.1424,137.2272,35296400
2017-09-15,137.199,138.1983,136.9727,137.6986,46422400
2017-09-18,137.8583,138.2929,137.1025,137.5182,24858200
2017-09-19,137.7638,137.9528,137.2914,137.7544,20871200
2017-09-20,137.7072,137.8583,136.271,137.3292,34236200
2017-09-21,137.2347,137.2442,136.0065,136.4883,28841800
2017-09-22,136.0537,136.5545,135.912,136.356,21702400
2017-09-25,135.8175,135.8931,134.2585,134.9199,54947700
2017-09-26,135.6097,135.8648,134.7971,135.2695,29628800
2017-09-27,135.9876,136.9985,135.6474,136.4883,33249400
2017-09-28,136.1576,136.5828,135.8458,136.4411,24149400
2017-09-29,136.715,137.5276,136.356,137.4237,43102400
2017-10-02,137.6316,138.104,136.9324,137.5466,27351300
2017-10-03,137.7261,138.0,137.4237,137.8394,19715200
2017-10-04,137.5749,138.2646,137.4426,137.9717,26381100
2017-10-05,138.4724,139.3983,138.3307,139.3228,31562400
2017-10-06,138.8504,139.5118,138.8504,139.5118,23561100
2017-10-09,139.6912,139.8424,139.1716,139.3511,13704800
2017-10-10,139.8235,139.9652,138.8409,139.455,19223100
2017-10-11,139.3889,139.8991,139.2094,139.8707,12439100
2017-10-12,139.6629,140.1637,139.4739,139.6157,14513500
2017-10-13,140.1826,140.3148,139.6251,140.1542,18409900
2017-10-16,140.5038,140.6739,140.2015,140.6361,21809400
2017-10-17,140.5888,140.8344,140.3715,140.8155,13138200
2017-10-18,140.9573,140.9762,140.4376,140.6455,17218200
2017-10-19,139.8236,140.1448,139.1433,140.1259,27680300
2017-10-20,140.6927,140.8156,140.3337,140.5038,30173300
2017-10-23,140.7967,140.8061,139.3889,139.5873,29297100
2017-10-24,139.8613,140.1164,139.3038,139.8235,20289500
2017-10-25,139.5495,140.003,138.2551,139.2944,36179100
2017-10-26,139.2093,139.5589,138.8125,138.8503,28230200
2017-10-27,141.184,143.1587,140.9667,142.8942,60165100
2017-10-30,142.7902,143.7917,142.658,143.2154,31733400
2017-10-31,143.6784,143.9618,143.2626,143.7539,26319300
2017-11-01,144.3302,144.3964,143.1398,143.7067,29481600
2017-11-02,143.546,143.6027,142.4501,143.4327,31017400
2017-11-03,143.9524,144.8311,143.4611,144.8122,26199200
2017-11-06,144.6987,145.3601,144.6515,145.3034,28693900
2017-11-07,145.1901,145.5774,144.8783,145.3885,21333100
2017-11-08,145.3129,146.0121,145.1428,145.9743,17373500
2017-11-09,144.7744,145.2846,143.7162,145.209,40594500
2017-11-10,144.8689,145.3129,144.6138,145.1995,20150800
2017-11-13,144.6515,145.568,144.6515,145.379,12522400
2017-11-14,144.8688,145.0294,144.1507,144.8499,25173800
2017-11-15,144.2263,144.557,143.4044,144.1697,24808000
2017-11-16,144.8972,146.3427,144.8688,146.0121,34790600
2017-11-17,146.0499,146.1538,145.3129,145.4546,28725800
2017-11-20,145.5586,145.6908,145.1334,145.3412,21143900
2017-11-21,146.031,146.9853,145.9649,146.9191,20147800
2017-11-22,147.0513,147.2403,146.7679,147.0986,17299000
2017-11-24,147.2498,147.6844,147.1647,147.6371,8280600
2017-11-27,147.5899,147.9205,147.2308,147.571,22653400
2017-11-28,147.9017,148.0434,147.108,147.9489,25227300
2017-11-29,147.7789,147.8167,144.6704,145.3696,71986300
2017-11-30,145.9837,146.8719,145.6436,146.5884,56595500
2017-12-01,145.6908,146.6734,143.8579,145.9648,59015800
2017-12-04,146.8813,147.0419,144.1413,144.2831,51319100
2017-12-05,144.2547,146.0216,143.7068,144.3776,40604200
2017-12-06,143.839,145.2562,143.6689,145.0294,28647800
2017-12-07,145.02,145.9365,144.8688,145.5207,32666200
2017-12-08,146.5884,146.9474,145.9365,146.1632,28081700
2017-12-11,146.2293,147.3442,146.2199,147.297,20821500
2017-12-12,147.2309,147.5332,146.7868,147.0986,20310300
2017-12-13,147.6939,147.8545,147.1648,147.3821,24418500
2017-12-14,147.6371,148.015,147.1175,147.2781,24594700
2017-12-15,147.8544,149.111,147.6088,148.9504,49816200
2017-12-18,149.9342,150.3224,149.6596,150.1993,26844500
2017-12-19,149.9153,150.0667,148.8927,149.3093,31415000
2017-12-20,149.83,149.8584,148.5613,149.1483,38972600
2017-12-21,149.3566,149.83,148.9968,149.1673,18638700
2017-12-22,148.94,149.0536,148.5992,148.9968,23330400
2017-12-26,148.1637,148.3814,147.6524,148.1921,21918700
2017-12-27,148.2015,148.6086,148.069,148.211,22388200
2017-12-28,148.6843,148.7128,148.2109,148.3908,25393800
2017-12-29,148.5234,148.5518,147.4157,147.4725,33186000
2018-01-02,148.2299,150.0951,147.8607,150.0573,32573300
2018-01-03,150.1993,151.6479,150.1709,151.5153,29383600
2018-01-04,152.036,152.2348,151.5626,151.7804,24776100
2018-01-05,152.5,153.4089,152.2159,153.3047,26992300
2018-01-08,153.3047,153.977,153.2479,153.9012,23159100
2018-01-09,154.2042,154.3652,153.4468,153.9107,24782400
2018-01-10,153.229,153.5793,152.5473,153.5509,34004000
2018-01-11,153.816,154.6113,153.5793,154.6018,20473500
2018-01-12,154.4693,155.8989,154.2705,155.738,37762700
2018-01-16,156.77,157.5653,154.8291,155.293,41231800
2018-01-17,156.0316,157.2056,155.2741,156.9689,33849900
2018-01-18,156.7227,157.357,156.3534,156.9972,26432200
2018-01-19,157.4612,157.7452,156.7321,157.4896,38937600
2018-01-22,157.4328,159.1749,157.2529,159.1749,26081400
2018-01-23,159.6672,160.633,159.5915,160.4909,37989700
2018-01-24,160.8318,161.1821,158.5311,159.4494,54287400
2018-01-25,160.5477,160.6045,158.8813,159.3926,28925000
2018-01-26,160.2827,161.8543,159.9702,161.8354,32038200
2018-01-29,161.4945,161.8164,160.7087,161.0495,37277800
2018-01-30,159.5819,160.4056,158.8908,159.724,44987700
2018-01-31,160.6235,160.9454,159.3832,160.3868,42449200
2018-02-01,159.1559,160.6992,158.5121,159.0234,38037900
2018-02-02,158.3985,158.7772,155.7191,155.8516,68478100
2018-02-05,154.3936,156.931,149.5933,149.7069,105372200
2018-02-06,147.5198,153.8633,146.8476,153.674,118537900
2018-02-07,153.1816,154.848,151.6762,151.6857,91028300
2018-02-08,152.0739,152.2443,145.2854,145.2854,94184800
2018-02-09,147.3399,148.8737,142.142,147.7944,113836600
2018-02-12,149.3093,151.4396,148.1353,150.417,63050600
2018-02-13,149.5554,151.4963,149.3282,151.1934,31785600
2018-02-14,150.3034,154.261,149.5933,154.0243,52107400
2018-02-15,155.4066,156.8836,153.7971,156.8836,51633900
2018-02-16,156.3724,157.8872,155.9179,156.183,62256300
2018-02-20,155.6339,157.8115,155.5676,156.4954,36785600
2018-02-21,157.2623,158.7961,155.9557,156.0504,41161800
2018-02-22,156.7321,157.5653,155.6338,156.0315,37074400
2018-02-23,157.2908,159.2222,156.6469,159.2222,50096900
2018-02-26,159.9702,161.3335,159.8376,161.3335,39266700
2018-02-27,161.3809,161.646,159.2601,159.3358,42209900
2018-02-28,160.2447,160.7655,158.2091,158.3133,42936300
2018-03-01,158.3985,159.1275,154.3273,155.7285,76809900
2018-03-02,153.8539,157.4328,153.3427,157.1582,57445100
2018-03-05,156.4197,159.3074,155.8327,158.9003,38540200
2018-03-06,159.6767,160.1122,158.5689,159.5725,29480900
2018-03-07,158.3512,160.0744,158.0766,159.9418,34609400
2018-03-08,160.6045,160.9359,159.9607,160.8223,25828400
2018-03-09,161.9679,163.9467,161.7312,163.9467,38310500
2018-03-12,164.4295,165.1964,164.0603,164.8177,37635000
2018-03-13,165.1964,165.8876,162.1572,162.5738,55638900
2018-03-14,163.4259,163.549,161.8353,162.5454,40536400
2018-03-15,162.6591,163.3502,161.8069,162.4034,28810400
2018-03-16,162.678,163.0378,161.8448,161.9206,31176700
2018-03-19,160.3624,160.4762,157.0812,158.4658,71395100
2018-03-20,158.5322,159.3572,158.0011,158.9874,34075700
2018-03-21,158.5701,160.04,157.6028,158.2951,43863500
2018-03-22,156.1044,157.2045,154.1888,154.388,66607300
2018-03-23,154.2078,154.8621,150.2438,150.3196,80110400
2018-03-26,153.3638,156.095,150.9361,155.9053,57481500
2018-03-27,157.0622,157.0622,149.5325,150.8602,78889100
2018-03-28,149.9972,151.524,147.9773,149.1248,89369700
2018-03-29,149.9308,153.3543,148.5368,151.8559,68692600
2018-04-02,150.7749,151.4861,145.9289,147.4747,85549400
2018-04-03,148.7644,149.7601,146.46,149.1342,64090000
2018-04-04,146.2513,151.9508,146.0806,151.4861,65768700
2018-04-05,152.9939,153.231,151.2395,152.3491,43054900
2018-04-06,150.6705,152.1689,147.8255,148.5368,59870900
2018-04-09,149.817,152.5672,149.3239,149.5799,41810400
2018-04-10,151.9318,153.3733,150.8507,152.8802,48296800
2018-04-11,151.9223,153.6293,151.8275,151.9982,41622100
2018-04-12,152.9181,154.3595,152.8327,153.8285,30467900
2018-04-13,154.5966,154.8242,152.368,153.0319,44604900
2018-04-16,154.1035,154.7578,153.1362,154.1983,28180800
2018-04-17,155.7535,157.8588,155.4406,157.5174,35536100
2018-04-18,157.5174,158.3709,156.7683,157.8399,29573900
2018-04-19,157.0433,157.4132,155.8484,156.389,34705700
2018-04-20,155.9907,156.1045,153.3733,153.9138,49197100
2018-04-23,154.663,155.2699,152.6999,153.525,33040600
2018-04-24,154.2552,154.4923,149.2575,150.2722,70256800
2018-04-25,150.5378,151.0783,148.3851,150.4524,52089300
2018-04-26,152.3965,154.1319,151.9033,153.6198,43005500
2018-04-27,155.8769,155.9148,152.8422,153.7147,51043400
2018-04-30,154.0751,155.0329,152.2448,152.6241,35615300
2018-05-01,152.2258,154.388,151.8654,154.369,36513500
2018-05-02,154.6345,155.1182,153.2784,153.4586,38646800
2018-05-03,152.681,154.0087,150.993,153.4397,60337100
2018-05-04,152.7758,156.7114,152.662,156.351,41543200
2018-05-07,157.0812,158.1623,156.9579,157.6502,32500200
2018-05-08,157.3183,157.8304,156.3415,157.489,26040200
2018-05-09,157.7735,159.3193,157.214,159.2055,29122700
2018-05-10,159.7176,160.9694,159.5943,160.8556,27067600
2018-05-11,160.6659,161.0831,160.002,160.7038,24688800
2018-05-14,161.0737,161.9936,160.7133,160.9789,21821700
2018-05-15,159.7081,159.7935,158.352,159.196,49361600
2018-05-16,159.4046,160.6185,159.3288,160.2486,22941200
2018-05-17,159.6891,160.8461,158.8546,159.6322,27480200
2018-05-18,159.0159,159.5659,158.5702,158.8072,26217900
2018-05-21,160.04,160.7418,159.0158,159.6986,22954600
2018-05-22,160.4289,160.6944,159.2055,159.49,19477700
2018-05-23,158.2761,160.8555,158.2571,160.8366,26557800
2018-05-24,160.7892,161.0737,159.1676,160.7892,27696500
2018-05-25,160.7702,161.5289,160.4668,160.9504,27460500
2018-05-29,160.2202,161.14,159.2813,160.2391,41220500
2018-05-30,160.8177,161.6712,160.4763,161.3867,22665800
2018-05-31,161.3867,162.354,160.8651,161.2824,35670900
2018-06-01,162.0884,163.9092,162.041,163.8144,45543300
2018-06-04,164.2317,165.3317,164.1274,165.2938,20459600
2018-06-05,165.6826,166.0809,165.0757,165.8059,24779300
2018-06-06,165.9766,166.8016,165.142,166.7731,25036600
2018-06-07,166.8016,166.8395,164.5825,165.417,39600300
2018-06-08,164.6394,165.8438,164.2316,165.4265,31780300
2018-06-11,165.3032,166.28,165.2748,165.8722,22319700
2018-06-12,166.0999,166.906,165.9197,166.7448,22511800
2018-06-13,167.0008,167.987,166.3654,166.7352,37858600
2018-06-14,167.5034,168.6983,167.3801,168.4233,35916000
2018-06-15,167.7878,168.1671,167.0102,167.8352,49615700
2018-06-18,166.7785,167.8809,166.2558,167.7384,31633200
2018-06-19,165.6191,167.3012,165.0869,167.2632,38236000
2018-06-20,168.0329,169.1449,167.8809,168.4511,33038000
2018-06-21,168.8788,169.0499,166.6644,166.9876,43469400
2018-06-22,167.5483,167.6148,166.0182,166.6169,30073200
2018-06-25,165.1059,165.353,161.3804,162.863,77799700
2018-06-26,163.4617,164.4691,162.863,163.5283,39008100
2018-06-27,164.222,164.9633,161.1904,161.3044,52843500
2018-06-28,161.1048,163.2432,160.7722,162.6919,46407700
2018-06-29,163.4712,164.336,162.8915,163.1291,36408500
2018-07-02,161.599,164.2695,161.2474,164.222,31770000
2018-07-03,164.8397,164.8397,162.1597,162.3213,25512700
2018-07-05,163.3762,164.4691,162.5399,164.3361,31626200
2018-07-06,164.7162,167.0161,164.4121,166.8925,37005600
2018-07-09,167.7574,168.4321,167.0921,168.3941,27362100
2018-07-10,168.7077,168.8978,167.9379,168.5176,23902500
2018-07-11,167.1966,168.28,167.0731,167.6623,30280600
2018-07-12,168.4036,170.5514,168.2896,170.5514,27930100
2018-07-13,170.5419,170.9696,170.0668,170.694,28049800
2018-07-16,170.7319,171.0171,170.0002,170.2853,21405300
2018-07-17,168.4797,171.6824,168.4797,171.3212,31034100
2018-07-18,171.3403,171.4828,170.4754,170.9981,23220800
2018-07-19,170.3804,170.9506,169.9432,170.1428,31094100
2018-07-20,170.6559,171.2262,169.9147,170.1047,35897300
2018-07-23,169.601,170.7224,168.9167,170.6464,22184700
2018-07-24,172.4046,173.0129,170.6465,171.3497,36900300
2018-07-25,171.4257,173.8491,171.3402,173.7446,35026600
2018-07-26,171.3877,171.939,170.8841,171.1122,40873500
2018-07-27,172.1956,172.3096,167.8334,168.8028,59456100
2018-07-30,168.8123,168.9073,165.6191,166.4174,60193000
2018-07-31,167.0731,168.3371,166.1418,167.6908,47285100
2018-08-01,168.0805,168.8312,167.3582,168.3276,37101900
2018-08-02,167.1396,170.8175,167.0636,170.618,47178200
2018-08-03,170.941,171.1501,170.1903,171.1406,28934400
2018-08-06,171.0266,172.1955,170.8175,172.148,24808800
2018-08-07,172.6326,173.0983,172.262,172.7752,29895700
2018-08-08,172.5377,173.2979,172.072,172.9843,22680700
2018-08-09,172.8799,173.5641,172.6233,172.8799,18852900
2018-08-10,171.7108,172.224,170.9125,171.5588,33818500
2018-08-13,171.8724,172.9748,171.2927,171.3687,26089200
2018-08-14,172.0245,172.6422,171.1026,172.4426,20913000
2018-08-15,171.0741,171.6158,169.2779,170.3328,58528000
2018-08-16,171.6443,172.0055,170.5609,170.8936,27711800
2018-08-17,170.4469,171.3592,169.4205,170.9315,36092600
2018-08-20,171.3117,171.3782,170.1142,170.7795,24939000
2018-08-21,171.2927,172.4331,171.1881,171.4067,26258700
2018-08-22,171.0456,172.2716,170.827,172.072,18042400
2018-08-23,171.7679,173.0128,171.5398,171.8249,25776200
2018-08-24,172.3951,173.564,172.3571,173.4215,23136100
2018-08-27,174.2958,175.1892,174.0202,175.1892,29343600
2018-08-28,175.6548,175.8354,175.0751,175.4457,20277000
2018-08-29,175.7498,177.565,175.6833,177.47,29175600
2018-08-30,177.1279,178.2113,176.5672,177.1564,29315500
2018-08-31,176.9378,177.8881,176.7477,177.3845,28653200
2018-09-04,176.8428,177.1469,175.6739,176.6242,29063500
2018-09-05,176.3106,176.3392,173.7447,174.3434,42623300
2018-09-06,174.4193,174.6284,171.6158,172.7847,46091400
2018-09-07,171.5398,173.602,171.4827,172.1195,46629500
2018-09-10,173.1079,173.2029,171.7584,172.6992,26132000
2018-09-11,172.0055,174.3148,171.5588,174.0297,30116500
2018-09-12,173.7731,173.8966,172.0244,173.5165,36204000
2018-09-13,174.5999,175.7023,174.5239,175.3697,31133200
2018-09-14,175.4933,175.7689,174.1628,174.8566,31224100
2018-09-17,174.5619,174.6854,172.1765,172.3381,33071200
2018-09-18,172.4806,174.6094,172.3951,173.7636,31877300
2018-09-19,173.7922,174.2008,172.4997,173.6306,31843400
2018-09-20,174.828,175.7878,174.4098,175.5502,33295800
2018-09-21,176.0255,176.2725,174.3718,174.5904,38605400
2018-09-24,173.3242,175.1427,172.6102,175.076,34945600
2018-09-25,174.9998,175.4473,174.4,175.314,25277500
2018-09-26,175.4663,177.0753,175.095,175.4377,36210600
2018-09-27,176.1518,177.5514,176.0566,176.923,33113300
2018-09-28,176.428,177.3515,176.1043,176.8849,28076800
2018-10-01,177.9131,178.5415,176.7992,177.2467,27371300
2018-10-02,177.0944,178.2083,176.4374,176.8468,25618600
2018-10-03,177.5895,178.0084,176.7612,177.0373,29128700
2018-10-04,176.3232,176.4375,172.3816,173.6384,80557300
2018-10-05,173.6194,174.2001,169.8777,171.5153,83325600
2018-10-08,170.9154,171.9817,168.4496,170.468,66864500
2018-10-09,170.5917,172.3435,170.1823,171.0202,49097900
2018-10-10,169.9539,170.0586,163.2799,163.4989,114471100
2018-10-11,162.8228,165.0887,159.7667,161.4709,143084500
2018-10-12,165.8219,166.4788,162.7372,165.9647,102078400
2018-10-15,165.3839,165.6981,163.3369,163.9558,64885300
2018-10-16,165.6791,169.1351,165.3744,168.7257,71979700
2018-10-17,169.5445,169.7159,167.0596,168.7924,66987600
2018-10-18,168.1545,168.2116,164.1748,164.8793,82486200
2018-10-19,166.2122,167.6308,164.1272,164.727,82923700
2018-10-22,165.7171,166.8501,164.3176,165.5743,52909300
2018-10-23,162.4611,165.7838,160.7283,164.965,77567000
2018-10-24,164.7746,165.0507,157.1295,157.4151,102997400
2018-10-25,159.8619,163.8321,159.1479,162.861,83481100
2018-10-26,157.2818,161.8137,156.3583,158.6719,130970900
2018-10-29,161.0997,161.7185,152.4168,155.4063,111871900
2018-10-30,154.9492,158.0815,154.2447,157.9673,92584000
2018-10-31,160.5379,163.0418,160.4617,161.6804,73828600
2018-11-01,161.9184,163.9844,160.6903,163.813,52706800
2018-11-02,163.3084,164.2795,160.1571,161.2615,75966800
2018-11-05,161.471,161.5281,159.0717,160.8616,39573500
2018-11-06,160.8711,162.9847,160.6331,162.0802,34410400
2018-11-07,164.0224,167.1643,163.6321,167.1643,51169600
2018-11-08,166.3836,166.8977,165.3078,166.098,40296500
2018-11-09,164.5461,164.946,162.0041,163.2989,50602700
2018-11-12,162.1564,162.4611,158.2148,158.3577,62578400
2018-11-13,159.1003,161.3567,158.0435,158.491,64128100
2018-11-14,160.0619,160.6141,156.3774,157.2818,75270700
2018-11-15,156.9962,160.4617,155.6252,160.0333,73254300
2018-11-16,158.4719,160.2427,157.834,159.4716,65390700
2018-11-19,158.71,158.9004,153.7973,154.2924,67280500
2018-11-20,150.7792,153.6449,149.5986,151.5313,102652800
2018-11-21,153.6163,154.2066,151.5979,152.6833,42965800
2018-11-23,151.4647,153.1308,151.4647,151.5789,23503700
2018-11-26,153.7021,155.1587,153.0546,155.0826,42012600
2018-11-27,154.2352,155.9965,153.4545,155.6062,36608100
2018-11-28,156.7296,160.614,155.6347,160.614,70141000
2018-11-29,159.9381,161.1473,158.8242,160.0905,44885700
2018-11-30,160.3094,161.3472,159.5097,161.252,36722800
2018-12-03,164.8127,165.0031,161.3853,164.0701,50771700
2018-12-04,163.2132,163.6702,157.5865,157.7769,70594700
2018-12-06,154.597,158.9098,154.0162,158.8908,71715500
2018-12-07,158.1958,159.1098,153.1498,153.6449,80432200
2018-12-10,153.3593,155.9299,151.7693,155.2539,73960800
2018-12-11,157.7864,157.8245,154.4542,155.768,59058300
2018-12-12,158.0435,159.5668,157.0534,157.1391,53780000
2018-12-13,158.1672,158.8242,156.1679,157.1866,46378500
2018-12-14,155.3872,155.9584,152.9975,153.3593,56547400
2018-12-17,152.7024,153.921,148.6846,149.8842,74834100
2018-12-18,151.0458,152.2835,149.5129,150.8268,63642100
2018-12-19,150.5983,153.0166,145.9903,147.1232,81856500
2018-12-20,146.7614,148.399,143.1816,144.9906,99002100
2018-12-21,145.7142,146.7043,139.6876,140.4968,141129400
2018-12-24,139.4762,141.2903,136.9746,137.0128,56163300
2018-12-26,138.5213,145.6441,137.5761,145.5677,98982100
2018-12-27,143.5722,146.2552,140.431,146.1311,85824300
2018-12-28,147.1813,148.5562,144.8612,146.0547,77856600
2018-12-31,147.4868,147.9738,145.8064,147.2863,53015300
2019-01-02,144.1642,148.709,144.0592,147.8783,58576700
2019-01-03,145.7015,146.3316,142.7321,143.0472,74820200
2019-01-04,145.4532,149.9025,144.8803,149.1673,74709300
2019-01-07,149.5396,151.6784,149.0527,150.9432,52059300
2019-01-08,152.3276,152.8719,150.0934,152.3085,49388700
2019-01-09,152.9005,154.2181,152.2608,153.5498,46491700
2019-01-10,152.385,154.0749,151.5256,153.989,38943400
2019-01-11,153.0819,153.588,152.5664,153.4257,30176600
2019-01-14,152.1271,152.7287,151.4206,152.0699,30710200
2019-01-15,152.7668,155.2493,152.6809,155.0393,40874200
2019-01-16,155.2971,156.376,154.9534,155.0107,33812200
2019-01-17,154.5141,156.9297,154.2659,156.2327,39329000
2019-01-18,157.3308,158.5148,156.4142,157.7796,57183200
2019-01-22,156.6433,156.7197,153.4925,154.6192,56711700
2019-01-23,155.4117,156.1182,153.0724,154.8197,38106100
2019-01-24,155.3257,156.0513,154.7337,155.8222,32417800
2019-01-25,157.073,158.1614,156.5383,157.684,36515900
2019-01-28,155.6504,155.7459,154.4378,155.7363,33491200
2019-01-29,155.8222,155.8604,153.7121,154.2659,30784200
2019-01-30,156.0132,158.763,155.5262,158.1901,41346500
2019-01-31,159.164,161.3505,158.9444,160.558,37258400
2019-02-01,159.7655,160.9781,159.4409,159.8801,32143700
2019-02-04,159.9087,161.866,159.7655,161.866,26718800
2019-02-05,162.0857,163.4892,162.0188,163.2983,28156400
2019-02-06,163.3364,163.6229,162.0761,162.8113,27970000
2019-02-07,161.3887,161.7897,159.4027,160.6248,42036200
2019-02-08,159.2213,160.9686,159.0399,160.9399,29020700
2019-02-11,161.5223,161.9138,160.3861,160.7871,21434100
2019-02-12,161.9615,163.4033,161.6751,163.1646,29722100
2019-02-13,163.8902,164.3772,163.0978,163.2792,26094100
2019-02-14,162.6967,164.0621,162.1525,163.4796,30326800
2019-02-15,164.7209,164.7591,163.4032,164.1671,32521700
2019-02-19,163.661,164.9882,163.6324,164.4917,19487700
2019-02-20,164.6063,165.2556,163.5751,164.4631,32593000
2019-02-21,164.0239,164.4726,162.9927,163.8616,25207400
2019-02-22,164.2149,165.1887,164.1289,165.0742,27735400
2019-02-25,166.3345,166.7641,165.5611,165.6757,32608800
2019-02-26,165.2747,166.3727,164.9978,165.8475,21939700
2019-02-27,165.0837,165.943,163.9953,165.7425,25162000
2019-02-28,165.227,165.9526,164.8928,165.3606,25085500
2019-03-01,166.5541,166.7546,165.3511,166.5064,31431200
2019-03-04,167.6043,167.843,164.6731,166.535,38063500
2019-03-05,166.6591,167.1747,165.838,166.6591,22319900
2019-03-06,166.8214,166.8501,165.4465,165.7139,27194600
2019-03-07,165.2938,165.3511,163.0691,163.6802,39407400
2019-03-08,161.8469,163.5178,161.6846,163.4319,39303200
2019-03-11,164.1098,166.9455,164.0812,166.831,30518400
2019-03-12,167.2701,168.1772,166.8691,167.7475,33953500
2019-03-13,168.6164,169.8863,168.3778,169.0079,42426100
2019-03-14,169.1225,169.323,168.6737,168.7215,23751500
2019-03-15,169.3803,170.7934,169.2657,170.2874,38192000
2019-03-18,170.2147,171.2095,169.8703,170.6929,32935100
2019-03-19,171.3912,172.1755,170.5399,171.2668,36893300
2019-03-20,171.2764,172.9981,170.492,171.9459,50105000
2019-03-21,171.4295,174.8825,171.4103,174.6338,42428500
2019-03-22,173.8782,174.3469,170.6164,170.7981,70794500
2019-03-25,170.1764,171.066,169.239,170.4729,46336500
2019-03-26,171.7929,172.8356,170.3964,171.2668,33248100
2019-03-27,171.5251,171.9077,168.9233,170.1668,37096700
2019-03-28,170.6068,171.1999,169.5355,170.559,30368200
2019-03-29,171.879,172.013,170.8268,171.8503,35205500
2019-04-01,173.6199,174.3373,172.912,174.1268,30969500
2019-04-02,174.3182,174.959,173.8782,174.7869,22645200
2019-04-03,175.7721,176.8817,175.246,175.7912,31633500
2019-04-04,175.839,176.4799,174.7103,175.7242,28530800
2019-04-05,176.2312,176.7382,176.0208,176.6329,25674700
2019-04-08,176.346,177.226,175.6477,177.0825,22697500
2019-04-09,176.4799,177.0634,176.0877,176.4607,25631900
2019-04-10,176.6903,177.4651,176.499,177.4077,24563000
2019-04-11,177.7043,177.7043,176.6617,176.9869,20654100
2019-04-12,177.7712,177.8669,177.0155,177.7521,24989100
2019-04-15,177.7616,177.9817,176.5947,177.7808,21073000
2019-04-16,178.4312,178.7851,177.8477,178.393,27195700
2019-04-17,179.5886,179.7608,178.4886,179.0147,29651600
2019-04-18,179.3112,179.6268,178.192,179.2442,28580900
2019-04-22,178.4599,179.8182,178.326,179.7512,17936000
2019-04-23,180.2103,182.2573,179.9521,182.0373,33665600
2019-04-24,182.1904,182.42,181.406,181.4634,24977100
2019-04-25,182.8217,182.9078,181.2147,182.2,29517500
2019-04-26,181.913,182.4008,180.3921,182.3625,26359500
2019-04-29,182.3626,183.0035,182.0661,182.7165,21716200
2019-04-30,181.2434,181.5973,180.0286,181.3008,31495300
2019-05-01,182.4869,183.0034,180.593,180.7173,34797100
2019-05-02,180.66,181.5974,178.7469,179.933,44110100
2019-05-03,181.4252,182.9365,181.0999,182.8026,30386200
2019-05-06,178.9191,181.9321,178.6417,181.6835,38371800
2019-05-07,179.7034,180.4686,176.4894,178.1443,58818100
2019-05-08,177.5608,179.0339,176.92,177.6947,37165300
2019-05-09,175.7147,177.3503,174.1746,176.7382,55351700
2019-05-10,176.1069,177.8095,173.1608,176.9582,58526400
2019-05-13,172.4529,173.3807,170.3198,170.8172,67185800
2019-05-14,171.7164,173.7347,171.0851,172.692,43360600
2019-05-15,171.5538,175.5712,171.5155,175.1312,40944500
2019-05-16,175.2077,177.9817,174.9973,176.8912,39281200
2019-05-17,175.1408,177.513,174.9303,175.0834,44702300
2019-05-20,172.6442,173.3042,171.5442,172.1277,38608300
2019-05-21,173.6103,174.4042,173.0555,173.926,31613800
2019-05-22,172.9599,174.1556,172.8929,173.1512,24332600
2019-05-23,171.1616,171.2381,169.4398,170.5016,45351300
2019-05-24,171.4199,172.032,170.2051,170.4155,25903300
2019-05-28,170.8937,171.8503,169.7555,169.7746,24763800
2019-05-29,168.7224,169.3059,167.4789,168.3781,42178800
2019-05-30,168.8277,169.5642,168.1294,169.086,30354800
2019-05-31,167.0963,167.6703,166.312,166.3885,45446200
2019-06-03,165.939,166.3885,161.912,162.725,75842300
2019-06-04,164.552,167.3642,163.9207,167.3068,47797800
2019-06-05,168.9042,168.9329,166.7998,168.5503,34412700
2019-06-06,168.8372,170.3007,168.0911,169.8894,29913200
2019-06-07,170.7981,173.8686,170.5781,173.1703,45888300
2019-06-10,174.3277,176.8147,174.2895,175.1886,41385300
2019-06-11,177.0156,177.3408,174.8347,175.4277,41260300
2019-06-12,174.9495,175.313,174.0886,174.4138,27758100
2019-06-13,175.1408,175.8773,174.7964,175.4469,23715800
2019-06-14,174.5477,175.1503,174.0311,174.7007,22844100
2019-06-17,175.0834,176.2408,174.8921,175.753,20379500
2019-06-18,177.8286,179.5599,177.3695,178.3069,48177300
2019-06-19,178.546,179.3782,177.5034,178.9765,31672900
2019-06-20,181.473,181.5113,179.0243,180.6408,40922000
2019-06-21,180.4304,181.5209,179.9904,180.373,39980400
2019-06-24,180.7334,180.9156,180.2829,180.3787,19375200
2019-06-25,180.2541,180.3595,177.0139,177.2823,33921100
2019-06-26,178.4614,179.5831,177.8192,178.1067,22595700
2019-06-27,178.749,179.2092,178.2984,178.7874,19709200
2019-06-28,179.2187,179.4105,178.3752,179.0174,21179200
2019-07-01,182.4494,182.6891,180.5897,181.4333,31025600
2019-07-02,181.3757,182.1714,180.858,182.1522,18035800
2019-07-03,182.6124,183.5231,182.4206,183.5231,15792100
2019-07-05,182.2672,183.4847,181.5578,183.1492,21415600
2019-07-08,181.9605,182.018,181.1169,181.8646,17598800
2019-07-09,181.0018,183.0054,180.8485,182.7753,19193500
2019-07-10,183.8874,185.1048,183.5518,184.5968,28374500
2019-07-11,184.8747,185.3445,183.8778,184.4625,23736100
2019-07-12,184.6639,185.5363,184.4914,185.5267,20211900
2019-07-15,185.958,186.1593,185.4404,186.121,15606100
2019-07-16,185.891,186.0635,184.5968,185.1624,20190900
2019-07-17,185.1623,185.4883,184.2325,184.2516,16765100
2019-07-18,183.3793,184.8172,182.8041,184.4625,28877000
2019-07-19,185.728,185.8142,182.9191,183.1109,29387900
2019-07-22,183.5231,184.9611,183.5231,184.568,18954900
2019-07-23,185.5746,185.7951,184.3379,185.7759,23786700
2019-07-24,185.0665,187.0892,185.0473,187.0797,20422900
2019-07-25,186.447,186.4757,184.9515,185.3062,23434700
2019-07-26,186.4853,187.4631,186.3894,187.2138,20431200
2019-07-29,187.0413,187.1084,185.3924,186.5716,20451700
2019-07-30,185.1432,186.4949,185.009,185.7663,18705000
2019-07-31,186.2648,186.3894,181.4907,183.1971,41627500
2019-08-01,183.5135,186.9167,181.4045,182.2865,63251600
2019-08-02,180.9156,181.1744,178.5094,179.6022,55214000
2019-08-05,175.8443,175.921,171.7893,173.256,75040000
2019-08-06,174.8569,176.199,173.5819,175.6814,41897200
2019-08-07,173.7737,176.8797,172.4508,176.6304,49990600
2019-08-08,177.4261,180.5321,176.9372,180.4746,38418100
2019-08-09,179.6118,180.2253,177.3782,178.7778,33608900
2019-08-12,177.6754,178.2122,175.9114,176.7263,24642900
2019-08-13,176.5729,181.8359,176.41,180.5992,40241900
2019-08-14,177.6945,178.2601,174.8761,175.202,51000500
2019-08-15,175.4321,175.9977,173.6682,175.0007,36685000
2019-08-16,176.5921,178.2601,176.4866,177.8095,32781400
2019-08-19,180.3787,181.021,179.746,180.6376,22494100
2019-08-20,180.187,180.8389,179.19,179.238,19902900
2019-08-21,180.8101,181.4044,180.187,180.8293,20418500
2019-08-22,181.1648,181.625,178.8257,180.2445,24243700
2019-08-23,179.0175,180.6567,174.0517,174.5406,55372400
2019-08-26,176.525,177.2248,175.5088,177.1769,27598900
2019-08-27,178.4135,178.7107,176.1128,176.803,28012800
2019-08-28,176.2278,177.7329,175.3459,177.4357,21792400
2019-08-29,179.6406,180.6664,178.96,180.1487,25358900
2019-08-30,181.1169,181.1552,178.7011,179.7172,26319800
2019-09-03,178.519,179.4392,177.3782,177.9725,27964200
2019-09-04,179.6885,180.6951,179.1708,180.5417,21592100
2019-09-05,182.5357,184.3763,182.4686,183.849,33932600
2019-09-06,184.1558,184.2229,183.2642,183.6668,19487800
2019-09-09,184.242,184.3187,182.3535,183.2834,24407600
2019-09-10,182.296,182.852,181.0977,182.7561,23744700
2019-09-11,183.1013,184.568,182.6795,184.4721,25063600
2019-09-12,185.6033,186.6579,184.9898,185.2391,28689900
2019-09-13,184.9707,185.4021,184.338,184.5776,27669800
2019-09-16,183.3889,184.1366,183.2067,183.7531,20319000
2019-09-17,183.7723,184.6351,183.3792,184.6351,20953400
2019-09-18,184.2516,184.6351,182.2481,184.5584,29781300
2019-09-19,184.8844,186.0156,184.5105,184.8652,26039400
2019-09-20,185.124,185.3158,182.296,182.9096,29086100
2019-09-23,182.8558,183.5378,182.2411,182.9903,22485900
2019-09-24,183.8259,184.2294,179.7723,180.56,40820700
2019-09-25,180.3774,183.0671,178.8693,182.5868,34704900
2019-09-26,182.3467,182.51,180.5696,181.9144,26826000
2019-09-27,182.2506,182.3467,178.4275,179.657,40773500
2019-09-30,180.387,181.655,180.0124,181.3668,26307700
2019-10-01,182.0297,183.0767,179.5898,179.8876,32367600
2019-10-02,178.6676,178.6965,175.8051,176.7945,48544300
2019-10-03,176.7753,178.8694,174.6524,178.7349,39392500
2019-10-04,179.705,181.6262,179.5129,181.3668,31887600
2019-10-07,180.8482,182.2602,180.5024,180.8194,21216000
2019-10-08,179.6859,180.4543,177.9664,178.1105,32379300
2019-10-09,179.6186,180.6656,179.0807,179.8492,20147400
2019-10-10,179.8972,181.9624,179.7435,181.242,25177700
2019-10-11,183.3072,185.0363,183.2015,183.5762,40976700
2019-10-14,183.3168,184.1429,183.1343,183.557,14975000
2019-10-15,184.1237,186.3234,184.0084,185.8912,23234200
2019-10-16,185.2572,185.9008,184.8442,185.4301,20457100
2019-10-17,186.5444,186.8326,185.2092,185.92,19045200
2019-10-18,185.5838,186.0353,183.192,184.1333,27700800
2019-10-21,185.1131,185.8912,184.5656,185.7663,15801200
2019-10-22,186.4963,186.7557,184.2294,184.287,22392300
2019-10-23,183.9124,184.6809,183.6146,184.6425,14828400
2019-10-24,185.9584,186.554,185.1419,186.4387,18998500
2019-10-25,185.4782,188.0237,185.4397,187.9276,21507100
2019-10-28,188.8017,190.0313,188.8017,189.7815,18818700
2019-10-29,189.4646,189.7527,188.283,188.3119,18569700
2019-10-30,188.6769,189.5414,187.5914,189.2244,21764300
2019-10-31,189.7719,189.8584,188.2158,189.3109,26801800
2019-11-01,190.1274,191.0399,189.8392,191.0303,22131900
2019-11-04,192.2983,192.6248,191.0303,192.2118,19015900
2019-11-05,192.452,192.6441,191.6835,192.3175,15048900
2019-11-06,192.0965,192.1157,190.9534,191.8852,19725500
2019-11-07,192.8458,193.7679,191.9716,192.5288,17832400
2019-11-08,192.183,193.3165,191.6739,193.2973,15258800
2019-11-11,192.3175,193.1148,192.0581,193.0379,10147600
2019-11-12,193.2013,194.2387,192.9035,193.5951,14778300
2019-11-13,192.9226,193.8256,192.7978,193.6431,15774600
2019-11-14,192.9131,193.6143,192.3271,193.4894,16945400
2019-11-15,194.6613,194.911,194.0369,194.911,18427900
2019-11-18,194.6036,195.3721,193.816,195.0647,18365900
2019-11-19,195.8043,195.8043,194.6036,195.3529,16923300
2019-11-20,194.8438,195.4297,192.7113,194.181,36629000
2019-11-21,193.9696,194.1041,193.1436,193.7487,17883600
2019-11-22,194.229,194.3443,192.8266,193.8736,17189600
2019-11-25,194.7093,196.2078,194.6805,196.1694,17752800
2019-11-26,196.2942,196.7937,196.0061,196.544,14780600
2019-11-27,197.0531,197.9272,196.813,197.9176,16963100
2019-11-29,197.4181,197.7159,196.9186,197.0147,9854600
2019-12-02,197.0243,197.0916,193.8256,194.9975,28007000
2019-12-03,192.3175,193.547,191.3761,193.4702,31104100
2019-12-04,194.4596,194.9111,194.1714,194.45,15300100
2019-12-05,195.1416,195.1416,193.8832,194.8342,14962300
2019-12-06,196.2559,197.0627,196.1022,196.9187,16555300
2019-12-09,196.5632,197.4854,195.9388,196.0253,13984100
2019-12-10,196.1214,196.8034,195.4202,195.862,21799800
2019-12-11,196.3038,197.1011,195.9965,196.8994,18780800
2019-12-12,196.6977,199.1472,196.4287,198.3691,32612000
2019-12-13,198.2634,199.7139,197.8408,199.0223,32519400
2019-12-16,200.3287,201.2701,200.2614,201.0203,21296600
2019-12-17,201.2797,201.443,200.7994,201.1356,15996100
2019-12-18,201.3085,201.8464,201.0779,201.2893,15443300
2019-12-19,201.3758,202.6149,201.3565,202.5477,17865900
2019-12-20,203.5082,204.1422,202.9415,203.3641,27672600
2019-12-23,204.0842,204.2286,203.728,203.9013,23774700
2019-12-24,204.0842,204.1708,203.5451,204.0072,7089000
2019-12-26,204.3345,205.8266,204.3056,205.8074,17067500
2019-12-27,206.5293,206.5486,205.0854,205.6341,18134100
2019-12-30,205.5282,205.6534,203.2756,204.2864,21815500
2019-12-31,203.6317,204.8158,203.314,204.6714,18170900
2020-01-02,206.3946,208.0889,205.9903,208.0889,30969400
2020-01-03,205.3357,207.4246,205.3164,206.1828,27518900
2020-01-06,204.5655,207.5401,204.3152,207.5113,21655300
2020-01-07,207.5883,208.0696,206.8278,207.4824,22139300
2020-01-08,207.4535,209.9949,207.1262,209.0419,26397300
2020-01-09,210.7651,211.2175,209.581,210.8132,23547000
2020-01-10,211.6411,211.6603,209.8987,210.2741,21898500
2020-01-13,211.1405,212.7289,210.8036,212.7,22756900
2020-01-14,212.5942,212.9503,211.5352,211.8625,24418100
2020-01-15,211.9781,212.9407,211.2561,211.9492,25742100
2020-01-16,213.0081,214.0189,212.5556,213.9804,18805000
2020-01-17,214.943,215.2126,213.8264,215.0393,24325200
2020-01-21,214.4424,215.4821,214.3462,214.943,21146300
2020-01-22,216.0309,216.7432,215.2415,215.511,20736400
2020-01-23,215.3858,216.3004,214.3847,216.2041,26496100
2020-01-24,217.2149,217.446,213.3932,214.3847,37436500
2020-01-27,209.5425,211.0924,209.0708,209.9565,42264400
2020-01-28,211.4389,213.6723,210.8806,213.1813,26731900
2020-01-29,214.3654,214.6061,212.5845,213.5279,28924500
2020-01-30,212.1513,214.3846,211.487,214.2884,39568100
2020-01-31,215.1837,215.2125,210.1393,210.8902,52015800
2020-02-03,211.9202,214.5675,211.7758,214.0766,25408600
2020-02-04,217.0031,219.352,216.2619,218.9766,30691200
2020-02-05,221.6142,221.6527,218.3797,219.6985,38534800
2020-02-06,220.2473,221.6528,219.4675,221.595,22467100
2020-02-07,220.6035,221.8357,220.0066,220.642,25884900
2020-02-10,219.9103,223.3181,219.8526,223.3085,21478900
2020-02-11,224.5408,225.282,222.7598,223.347,30198000
2020-02-12,224.6659,225.6286,224.1076,225.5227,24471300
2020-02-13,223.9535,226.158,223.684,225.2339,22773200
2020-02-14,225.59,226.0906,224.8295,225.8788,23438500
2020-02-18,224.7814,226.3891,224.5407,225.9655,24394500
2020-02-19,227.3132,228.6032,227.0437,228.1315,22230500
2020-02-20,227.6309,228.1026,223.2219,226.0136,42604000
2020-02-21,224.8873,225.2724,220.7575,221.672,66017200
2020-02-24,213.4028,215.8768,212.0358,213.1236,84522600
2020-02-25,214.9141,215.6265,206.7219,207.3284,97743000
2020-02-26,208.6183,212.055,206.8759,208.3969,79537700
2020-02-27,203.0253,208.3392,197.8269,197.9617,121822600
2020-02-28,191.223,199.4345,190.7706,198.1157,148173700
2020-03-02,201.0807,208.4836,198.2505,208.3392,112933900
2020-03-03,209.0034,211.41,199.8677,201.6583,131953500
2020-03-04,205.3549,210.1778,203.4777,210.0719,73086200
2020-03-05,204.7484,208.2814,202.2551,203.6895,78705500
2020-03-06,197.0279,201.3406,195.3336,200.2528,89828400
2020-03-09,186.2557,193.649,184.9369,186.3424,116424000
2020-03-10,193.6008,196.6717,186.4482,196.4888,100599200
2020-03-11,191.9066,193.2543,185.5337,187.9308,89168800
2020-03-12,175.291,183.6565,170.3333,170.6991,137820700
2020-03-13,180.0851,187.2184,171.4789,185.1583,134882000
2020-03-16,167.6475,177.7843,162.8438,162.9786,92054400
2020-03-17,168.9182,177.5051,163.4406,175.3391,121257100
2020-03-18,165.2023,172.5281,160.5719,170.006,114156300
2020-03-19,169.13,176.6388,165.2216,171.0264,120896500
2020-03-20,174.9541,176.0419,163.7487,164.3263,118983900
2020-03-23,164.8887,168.0626,159.11,164.4449,124639800
2020-03-24,173.5615,177.3432,171.6707,177.1792,94881800
2020-03-25,177.9123,182.8227,173.629,175.8671,88754900
2020-03-26,177.3817,185.9194,177.1309,185.1284,79887600
2020-03-27,180.3338,183.7874,178.1439,178.7613,58845000
2020-03-30,180.4591,185.6975,179.7645,185.2634,49356900
2020-03-31,184.9547,188.3602,182.5237,183.6813,62659300
2020-04-01,178.25,181.038,174.478,175.8768,53715400
2020-04-02,174.8445,183.3919,174.5841,179.4462,56465300
2020-04-03,179.0024,180.4688,174.8927,176.8993,47487600
2020-04-06,183.7585,190.6755,182.514,189.5468,64763500
2020-04-07,195.2289,195.5087,189.0837,189.4696,69904500
2020-04-08,191.1578,194.0713,189.2477,193.4924,45940400
2020-04-09,195.2096,196.0489,192.0068,193.7722,68252600
2020-04-13,192.9425,196.2419,191.7366,195.8656,42853900
2020-04-14,199.9174,205.0015,199.136,204.384,63959600
2020-04-15,201.1233,204.3551,199.8113,202.0398,47036000
2020-04-16,204.2201,206.8055,202.2906,205.725,64657400
2020-04-17,208.5419,208.8699,204.5963,207.693,62863200
2020-04-20,205.8311,208.2622,205.069,205.233,38249100
2020-04-21,203.1685,203.7088,196.4445,197.66,72932800
2020-04-22,201.7215,204.8568,200.9787,203.5255,40089100
2020-04-23,204.3165,206.873,202.6862,203.0914,43278500
2020-04-24,203.5255,206.7379,202.1073,206.2942,34231900
2020-04-27,208.5612,208.9857,206.9309,207.9535,36451700
2020-04-28,209.6514,209.6514,203.757,204.0367,46862800
2020-04-29,208.5613,212.2079,207.5483,211.2721,48716400
2020-04-30,212.1886,212.2754,209.6803,211.1853,43359500
2020-05-01,206.9309,209.0243,204.2104,205.233,48795000
2020-05-04,203.9982,207.8474,203.6702,207.6255,32841000
2020-05-05,209.7671,212.3719,209.198,209.9794,37783100
2020-05-06,211.658,213.2401,210.4135,211.2721,36455200
2020-05-07,213.9926,214.8705,212.642,213.9926,38624800
2020-05-08,215.6616,217.0604,214.6293,216.9253,31852300
2020-05-11,215.6037,219.887,215.3721,218.8644,35714100
2020-05-12,219.4625,220.051,214.2531,214.282,41054100
2020-05-13,214.8029,216.6841,209.0629,211.6001,65521200
2020-05-14,210.2784,214.0408,208.3683,214.0022,51549300
2020-05-15,211.0599,215.4493,210.6258,215.3914,55747200
2020-05-18,218.2952,220.6105,217.5138,219.4046,42398100
2020-05-19,219.6651,221.7392,218.7101,218.8548,36237300
2020-05-20,221.4016,223.5818,221.3823,223.2249,37417000
2020-05-21,223.2731,223.9484,220.2825,220.7938,43642900
2020-05-22,220.3886,221.7585,219.4721,221.5559,28762400
2020-05-26,225.1254,225.328,220.7166,220.9578,33055300
2020-05-27,220.6202,222.2795,216.0378,222.1637,55665600
2020-05-28,221.0253,225.2315,220.9674,221.8743,42784300
2020-05-29,222.2506,225.3569,220.6877,225.1254,50691800
2020-06-01,224.2571,226.1769,223.8134,225.8007,25776000
2020-06-02,226.2252,227.3732,223.823,227.3153,33383400
2020-06-03,227.923,229.0904,227.0452,228.3379,37228700
2020-06-04,227.9906,229.3991,225.4341,226.7365,38716100
2020-06-05,227.8844,231.8205,227.3153,231.232,47365600
2020-06-08,231.0873,233.1518,229.5148,233.0264,32937300
2020-06-09,232.1678,235.5636,231.9845,234.7146,35046300
2020-06-10,236.4029,239.0752,235.882,237.5316,58084400
2020-06-11,233.6149,234.9944,225.7042,225.7621,72919400
2020-06-12,230.6532,231.9169,223.5625,227.5564,72034800
2020-06-15,224.2378,231.0005,223.3021,230.3252,45307400
2020-06-16,235.1777,235.7662,230.6628,234.2805,48890100
2020-06-17,235.7758,236.837,234.1647,235.0233,34749300
2020-06-18,234.705,235.9013,233.9333,235.6601,30578600
2020-06-19,238.0235,238.284,233.8946,235.6214,49422100
2020-06-22,235.49,238.5728,235.2001,238.4472,24068700
2020-06-23,240.0417,242.709,239.4909,240.4766,32767400
2020-06-24,239.7228,240.9501,234.0211,235.519,46032400
2020-06-25,235.606,238.0606,233.0354,237.7611,36940800
2020-06-26,237.5194,237.6934,231.6245,232.1463,52824600
2020-06-29,231.9047,234.6879,229.3728,234.6783,34377800
2020-06-30,234.6106,239.8195,234.427,239.2783,38909200
2020-07-01,239.3169,243.0665,238.7757,242.0711,34689200
2020-07-02,244.5161,245.7241,243.2501,243.714,31956500
2020-07-06,246.8644,250.2274,246.8451,249.7056,34589000
2020-07-07,249.4544,252.112,247.6859,247.9855,36578200
2020-07-08,249.3094,251.2809,247.8792,251.2519,30426300
2020-07-09,253.1653,254.0351,248.9712,253.3683,40312900
2020-07-10,253.2233,255.3494,250.5464,255.0981,32885300
2020-07-13,257.9393,260.7225,249.0291,249.8506,64108100
2020-07-14,247.3283,252.0249,244.2648,251.619,72230500
2020-07-15,253.03,253.8611,248.8359,252.1313,54523900
2020-07-16,249.348,251.0489,247.0287,250.411,47594100
2020-07-17,250.8653,251.5611,248.5267,250.701,35137900
2020-07-20,251.3388,258.4418,250.0922,257.8137,40610100
2020-07-21,259.3792,259.3889,254.2863,255.1271,43243800
2020-07-22,255.6199,256.9535,253.7257,256.0257,29865500
2020-07-23,255.6199,256.3254,247.9275,249.3384,51363500
2020-07-24,245.5018,248.2947,242.8732,246.9707,54054500
2020-07-27,248.6136,251.764,247.8308,251.3775,36445700
2020-07-28,250.5947,251.1165,247.8888,248.1787,31302400
2020-07-29,249.7153,251.8993,249.2418,251.0392,27556900
2020-07-30,249.0774,252.914,247.9274,252.3535,41774500
2020-07-31,256.9729,257.0115,252.0829,256.8569,53686300
2020-08-03,258.9926,261.0704,258.867,260.3263,32081600
2020-08-04,259.8237,261.3892,259.0796,261.2926,24911300
2020-08-05,261.7758,262.3943,260.8867,261.9401,21612100
2020-08-06,261.7469,265.7381,261.1091,265.4095,28048200
2020-08-07,264.8684,265.6415,260.2007,262.3461,44969400
2020-08-10,262.6359,262.8388,257.7073,261.2249,35088400
2020-08-11,260.0653,261.3506,255.7359,256.2771,43104300
2020-08-12,258.4321,263.6699,258.3838,262.7229,38773400
2020-08-13,263.4961,265.5931,262.3847,263.3221,31895700
2020-08-14,263.9406,264.2112,261.6213,263.0129,30799500
2020-08-17,264.7234,266.5692,263.0515,266.0667,24803000
2020-08-18,267.1297,269.1011,265.6705,268.6276,23529500
2020-08-19,268.5889,269.6423,266.3083,266.8205,31999400
2020-08-20,266.0279,271.0048,265.622,270.5216,27723400
2020-08-21,270.7149,272.8506,270.0674,272.3964,34748900
2020-08-24,275.6629,276.3877,271.8167,274.0974,36418500
2020-08-25,273.3242,276.4456,272.8796,276.2523,34866600
2020-08-26,277.4991,282.3987,276.2234,282.1474,42216700
2020-08-27,283.1234,283.9739,279.0066,281.2679,49482700
2020-08-28,282.5049,283.3263,281.1519,282.6982,28021000
2020-08-31,283.2201,286.7764,282.7852,284.9692,36321000
2020-09-01,287.6171,289.9557,285.8486,289.8398,36216200
2020-09-02,293.0869,293.2995,286.9117,292.5844,50836800
2020-09-03,288.081,288.5835,274.8511,277.7502,110083300
2020-09-04,275.9624,279.2192,262.6649,274.049,123959000
2020-09-08,263.0708,268.8692,260.5969,260.8771,99568600
2020-09-09,266.3759,270.6376,263.8246,268.5406,64837900
2020-09-10,271.4977,272.7153,261.4665,263.1867,69667500
2020-09-11,264.9359,265.97,257.9296,261.3603,71809000
2020-09-14,265.1388,267.9027,263.7859,265.9119,38525200
2020-09-15,269.6519,271.0242,265.883,269.6809,41849900
2020-09-16,270.4733,270.9371,265.0325,265.3804,42321000
2020-09-17,258.5578,265.1775,257.717,261.2347,81570800
2020-09-18,262.6552,262.9451,253.8031,257.9006,86251100
2020-09-21,253.6485,258.6544,251.3678,258.5191,57168600
2020-09-22,260.9158,263.9019,257.5818,263.3221,41128900
2020-09-23,263.0031,263.1867,254.4022,255.2816,48837300
2020-09-24,252.6048,259.6691,252.4405,256.4704,70631700
2020-09-25,256.9729,263.2448,255.417,262.433,55242400
2020-09-28,267.2842,267.8834,262.5393,267.8834,58438300
2020-09-29,267.3229,268.3763,266.1149,266.6754,27050000
2020-09-30,266.8688,271.6427,266.5982,268.502,49380800
2020-10-01,272.3192,273.3725,270.4347,272.7637,50020200
2020-10-02,266.7431,272.754,264.2498,265.0905,75497400
2020-10-05,267.0523,271.0628,266.946,270.7439,28184600
2020-10-06,270.0577,271.7393,265.0325,265.9119,49704200
2020-10-07,268.5503,271.3045,267.9608,270.5121,27539700
2020-10-08,272.9087,272.9764,270.889,271.952,25443300
2020-10-09,273.5948,276.1848,273.2083,276.1075,30201100
2020-10-12,280.7847,287.4625,279.741,284.631,79370700
2020-10-13,286.4284,287.0662,283.2586,284.6212,64240000
2020-10-14,285.4234,286.3898,280.5045,282.244,36949100
2020-10-15,277.5474,280.9394,276.9095,280.3499,42514200
2020-10-16,281.9927,283.4133,278.4654,278.8133,40570700
2020-10-19,280.7267,281.6835,273.2855,274.2616,36756800
2020-10-20,274.9961,277.9532,273.4402,274.8511,32195400
2020-10-21,275.1023,277.6632,274.1552,274.6384,29306100
2020-10-22,275.4696,276.3684,271.3818,274.6288,32196200
2020-10-23,275.199,275.3343,272.3095,275.17,24658500
2020-10-26,272.8894,275.7112,267.4583,271.0436,38421100
2020-10-27,272.039,273.9814,270.7827,273.16,30559100
2020-10-28,268.6663,269.2751,262.2591,262.5104,53413500
2020-10-29,263.8245,270.0963,263.3606,267.1006,43246300
2020-10-30,265.1196,265.9893,258.0939,260.3263,65838300
2020-11-02,262.7132,264.3271,257.9972,260.9061,39987400
2020-11-03,262.8196,267.5162,261.7372,265.4192,43604100
2020-11-04,274.0586,279.0645,272.3964,277.2671,75728200
2020-11-05,283.6646,285.4621,282.186,284.4957,52054200
2020-11-06,283.8385,285.4331,280.0889,284.7083,40959800
2020-11-09,287.6462,289.0861,278.4365,278.8907,86537100
2020-11-10,275.5855,277.0254,271.1884,273.8943,69024900
2020-11-11,276.4167,280.4949,273.8558,280.0213,36102900
2020-11-12,280.9877,282.2537,277.5957,278.707,34414600
2020-11-13,280.4175,281.7704,278.1948,281.1519,24806900
2020-11-16,280.8524,283.6453,280.2436,283.3457,30168400
2020-11-17,283.539,283.8676,281.8091,282.447,21843500
2020-11-18,281.8961,283.5099,280.2725,280.3595,28069600
2020-11-19,279.8087,282.8625,279.1419,282.5533,22718400
2020-11-20,282.4759,283.22,280.5335,280.6204,25907300
2020-11-23,281.6159,282.9109,278.3882,280.6302,26875600
2020-11-24,281.6932,285.0659,279.8957,284.573,24516800
2020-11-25,285.636,286.9599,284.6889,286.3221,23326800
2020-11-27,288.284,290.0815,287.8877,288.9604,17163100
2020-11-30,289.2793,289.8881,284.8725,289.5499,27836200
2020-12-01,291.8209,294.8844,290.7192,293.2608,27521300
2020-12-02,292.0916,293.976,290.2554,293.6378,23620000
2020-12-03,293.947,295.5995,293.3285,294.0533,22828700
2020-12-04,294.1016,295.3966,293.4252,295.2516,19332100
2020-12-07,295.4353,297.2908,295.2517,296.9235,20851000
2020-12-08,296.45,298.2281,294.7008,297.9286,18341500
2020-12-09,297.7159,297.9961,290.12,291.1831,48839300
2020-12-10,289.1537,293.4734,288.0713,292.3524,27519500
2020-12-11,290.7,291.8307,288.4386,291.705,26760400
2020-12-14,292.8936,295.7638,292.826,293.8214,28804800
2020-12-15,296.073,296.9621,293.8889,296.9621,25709000
2020-12-16,297.3583,299.3781,296.3146,298.5953,25461900
2020-12-17,300.1899,300.7794,298.9916,300.5475,23730500
2020-12-18,301.1853,301.4946,297.2714,299.6391,41173400
2020-12-21,296.6967,299.6109,293.9279,299.0784,37095500
2020-12-22,299.9789,300.8114,297.0744,299.8917,26176300
2020-12-23,299.9401,300.2983,298.2265,298.3814,21201300
2020-12-24,298.6428,300.1434,298.5653,299.6981,16785000
2020-12-28,302.3023,303.193,300.4725,302.7186,22497700
2020-12-29,304.0449,304.6646,302.0893,302.9897,25871900
2020-12-30,304.1516,304.4711,302.3799,302.9995,18138100
2020-12-31,302.9026,304.229,301.828,303.7449,21611400
2021-01-04,305.0712,305.2455,295.4576,299.456,45305900
2021-01-05,298.4686,302.1959,298.4686,301.9248,29323400
2021-01-06,297.2196,301.9441,296.2321,297.7424,52809600
2021-01-07,300.3952,305.7781,300.3661,304.9455,30394800
2021-01-08,307.2301,309.2148,305.0421,308.8663,33955800
2021-01-11,305.9136,307.085,303.7546,304.4033,32746400
2021-01-12,304.442,305.5263,301.2859,303.9193,29266800
2021-01-13,304.1806,306.7655,303.5803,305.9716,22898400
2021-01-14,306.4169,307.4141,303.861,304.3354,23500100
2021-01-15,304.1225,305.081,300.6856,301.9248,35118700
2021-01-19,304.2386,306.8333,303.1446,306.3298,24537000
2021-01-20,309.9411,314.3945,306.4267,313.4554,30728100
2021-01-21,314.7913,316.7083,313.4166,315.9628,25130600
2021-01-22,314.9269,316.0596,314.3654,315.0528,21609400
2021-01-25,318.4316,319.7967,311.1705,317.657,39080600
2021-01-26,318.3736,319.2546,316.7955,318.1219,25498100
2021-01-27,315.8661,315.8757,307.2496,309.2536,55264000
2021-01-28,310.4541,316.021,309.8345,311.0834,42836300
2021-01-29,309.3988,310.5025,302.7961,304.5388,55259000
2021-02-01,307.9756,313.2326,305.9522,312.1483,35646000
2021-02-02,315.111,318.393,314.9464,317.2409,33930800
2021-02-03,319.3126,319.6805,315.9241,315.9821,24824500
2021-02-04,317.3764,319.8064,316.0597,319.7193,22350900
2021-02-05,320.668,321.8104,319.0319,320.8036,22732000
2021-02-08,322.4881,323.1077,320.8519,322.9528,20462800
2021-02-09,322.0234,324.1437,322.0137,322.8851,17597500
2021-02-10,324.3179,324.7729,319.0028,322.1492,28068700
2021-02-11,323.679,324.3276,321.5394,323.921,22046100
2021-02-12,323.0787,325.896,322.0331,325.7314,20346800
2021-02-16,326.5252,327.4159,323.6886,324.8503,27080800
2021-02-17,321.8783,324.9666,319.6516,323.2917,31360300
2021-02-18,319.7096,323.2336,317.8992,321.8782,32236200
2021-02-19,323.2238,323.3497,319.4578,320.4743,39157700
2021-02-22,316.0984,317.357,311.9645,312.1678,47256900
2021-02-23,306.901,312.9035,301.0922,311.2383,97241900
2021-02-24,308.5857,314.1138,305.8942,313.804,58206300
2021-02-25,311.1512,313.7071,301.3245,302.8639,110182600
2021-02-26,305.7877,308.9438,300.976,304.1321,104739800
2021-03-01,309.0987,313.6199,307.811,313.281,49164500
2021-03-02,313.9201,313.9975,308.0047,308.2564,48370000
2021-03-03,307.1624,308.1015,299.2527,299.3108,86301100
2021-03-04,298.9429,302.0991,290.5491,294.412,139131600
2021-03-05,297.026,299.7464,287.9739,298.8461,121523700
2021-03-08,298.3039,300.1821,289.9683,290.3846,88409800
2021-03-09,297.6746,303.7352,297.1422,301.8376,80391100
2021-03-10,306.0878,306.388,300.2887,300.976,76798100
2021-03-11,305.7102,309.6699,304.8195,307.9079,53484800
2021-03-12,303.861,308.0918,301.4697,305.4101,69315600
2021-03-15,305.7295,308.8373,304.0934,308.6727,42955700
2021-03-16,310.8607,313.8716,308.9341,310.3669,54925900
2021-03-17,307.3367,313.5328,305.6231,311.645,78258700
2021-03-18,306.7752,307.753,301.6441,302.0991,82718100
2021-03-19,301.9345,304.7034,299.7949,303.164,78446200
2021-03-22,305.5535,310.9141,305.5535,308.8494,56194800
2021-03-23,309.935,311.2533,306.6876,307.5019,53455400
2021-03-24,308.8687,308.9075,302.1704,302.3158,64803700
2021-03-25,300.4741,303.3046,297.9731,301.7924,78729000
2021-03-26,301.5791,306.6392,300.1832,306.3193,63519600
2021-03-29,305.7862,307.279,302.8974,306.2321,54608000
2021-03-30,304.2739,305.2627,301.9959,304.6908,44635700
2021-03-31,306.4743,310.914,306.135,309.3533,55032500
2021-04-01,313.1727,314.7625,312.9207,314.6268,55685600
2021-04-05,317.1084,321.6741,316.866,320.9083,42172500
2021-04-06,320.598,322.6336,319.9097,320.6852,33537200
2021-04-07,320.2103,322.2945,319.2797,321.4608,32046400
2021-04-08,324.3107,324.999,323.5158,324.8148,29940800
2021-04-09,323.4577,326.9862,322.721,326.7826,36664900
2021-04-12,325.7454,326.7729,324.4755,326.3561,25833000
2021-04-13,327.878,330.631,327.6647,330.1657,30374000
2021-04-14,330.408,330.5341,325.3867,326.201,42564300
2021-04-15,329.0703,331.5325,325.9198,331.1447,36342800
2021-04-16,331.6682,331.7458,329.6616,331.5325,40860100
2021-04-19,329.9621,331.1157,326.579,328.4984,34533100
2021-04-20,327.8391,329.1187,324.1362,326.104,38081800
2021-04-21,324.8245,329.08,323.7388,328.8958,36598100
2021-04-22,328.5082,329.4872,323.7777,324.9312,45936100
2021-04-23,325.5612,330.3305,325.5612,329.0219,36381900
2021-04-26,329.2642,331.4452,328.5177,331.1641,30812000
2021-04-27,331.455,331.6683,328.7796,329.7295,33187200
2021-04-28,329.3999,330.408,327.9652,328.6147,33615700
2021-04-29,331.8814,332.2982,326.579,329.7973,37708900
2021-04-30,327.3546,329.8362,326.7245,327.6357,38263400
2021-05-03,328.8377,329.5841,325.4449,325.8908,29729700
2021-05-04,323.3414,323.6613,316.2165,320.0262,65147000
2021-05-05,322.0714,322.9342,318.1746,318.9501,46219300
2021-05-06,318.6885,321.5093,316.4492,321.3542,46814300
2021-05-07,324.1265,326.3367,321.5286,323.9618,53324500
2021-05-10,322.5852,322.7597,315.5767,315.7803,60700500
2021-05-11,309.906,316.139,309.2468,315.3441,71963600
2021-05-12,310.4197,312.7364,306.3193,307.182,91164900
2021-05-13,310.1193,312.5233,307.1918,309.557,69877800
2021-05-14,312.7172,317.3022,312.2131,316.3911,44370000
2021-05-17,314.6849,316.3716,311.6024,314.4717,39395000
2021-05-18,315.4217,316.6431,312.0774,312.3488,36528500
2021-05-19,306.9591,313.0079,306.6101,312.7074,66319100
2021-05-20,314.1905,319.6093,313.9676,318.7562,46466100
2021-05-21,320.3072,320.724,316.6333,316.992,50330400
2021-05-24,319.2797,323.448,316.8854,322.3235,32475800
2021-05-25,323.8358,324.5531,321.5965,322.7695,31280300
2021-05-26,323.4383,324.3591,322.75,323.8939,25444900
2021-05-27,323.4479,324.2913,322.4786,322.6821,27931700
2021-05-28,323.8842,325.2898,323.3801,323.7,29927400
2021-06-01,325.028,325.503,321.2766,322.624,31145400
2021-06-02,323.0409,324.0975,321.5384,323.2541,22047900
2021-06-03,320.4235,321.6934,318.223,319.8904,37057800
2021-06-04,321.6837,325.7647,321.6159,325.3188,38736500
2021-06-07,324.7856,326.3463,324.0974,326.2882,32611900
2021-06-08,328.0331,328.8958,324.7663,326.4433,27282800
2021-06-09,327.8101,328.5856,326.3366,326.5208,21485300
2021-06-10,326.8601,330.0299,326.4142,329.9233,33702100
2021-06-11,329.933,330.7958,329.2836,330.7861,21222800
2021-06-14,331.2126,333.9656,330.03,333.9559,27827700
2021-06-15,333.607,333.9172,331.0575,331.7749,35963800
2021-06-16,332.2401,333.3064,327.1122,330.5631,55399500
2021-06-17,329.555,335.7686,329.5066,334.7605,59722700
2021-06-18,333.1029,334.2467,331.3871,332.1335,55414900
2021-06-21,332.3247,334.518,330.1119,334.1977,32992600
2021-06-22,333.9939,337.7594,333.6931,337.313,28941600
2021-06-23,337.2548,338.6232,336.6434,337.478,27188500
2021-06-24,339.4092,341.0882,338.8658,339.5645,32581600
2021-06-25,340.1274,340.37,338.5455,339.1472,28682800
2021-06-28,340.4283,343.4077,340.3701,343.2718,39130300
2021-06-29,343.0971,344.5431,342.2625,344.514,29426000
2021-06-30,344.3587,344.747,343.3883,343.9706,32724000
2021-07-01,343.6211,344.611,342.2721,344.1064,29290000
2021-07-02,345.9988,348.3766,345.7659,348.0563,32727200
2021-07-06,348.658,349.842,345.9698,349.5606,38842400
2021-07-07,351.7539,352.0547,348.3475,350.2982,35265200
2021-07-08,345.2419,349.0365,343.9609,348.1825,50890000
2021-07-09,347.6002,350.8319,347.0179,350.3564,35184500
2021-07-12,351.7539,352.1809,350.1817,351.7248,25717700
2021-07-13,351.3463,354.6848,350.8708,351.7248,39723000
2021-07-14,354.0635,354.7041,351.5306,352.3555,35336400
2021-07-15,352.2683,352.472,347.8816,349.8808,53391600
2021-07-16,350.7349,351.7151,346.6976,347.047,47262000
2021-07-19,343.6017,344.6984,341.6511,344.2035,64404600
2021-07-20,345.1351,349.6479,343.3591,348.2018,42183700
2021-07-21,347.7748,350.8901,347.5516,350.8901,30259900
2021-07-22,351.0939,353.2193,351.0939,353.2096,30252200
2021-07-23,354.5294,357.6156,353.1805,357.3342,31960800
2021-07-26,356.6451,358.0038,355.7814,357.6156,28438100
2021-07-27,357.3535,357.3535,349.5314,353.6754,57933100
2021-07-28,354.8109,356.6063,352.5205,355.0341,42066200
2021-07-29,354.4712,356.8295,354.4712,355.6649,25672500
2021-07-30,351.7442,354.3936,351.7151,353.8113,36484600
2021-08-02,355.4708,356.0531,353.1319,353.8404,27334100
2021-08-03,354.5003,356.1016,351.3171,355.9851,35558500
2021-08-04,355.9463,357.4506,354.84,356.4995,29602200
2021-08-05,357.3147,358.9937,356.6063,358.7607,21443900
2021-08-06,357.4991,358.4696,356.0822,357.1886,33332100
2021-08-09,357.6447,358.3726,356.5481,357.8485,25960200
2021-08-10,358.3629,358.654,354.8303,356.0143,35130800
2021-08-11,357.276,357.7709,354.0734,355.4029,34249800
2021-08-12,354.8982,357.0429,353.5492,356.6839,25969200
2021-08-13,357.0333,358.2658,356.5383,357.9359,19336200
2021-08-16,356.8198,358.13,352.967,358.0912,34856900
2021-08-17,355.3447,356.3152,352.5108,354.9371,44793900
2021-08-18,354.4033,355.8008,351.191,351.521,38541900
2021-08-19,349.5896,354.8885,349.3373,353.2192,48499400
2021-08-20,354.2869,357.276,353.9763,356.8781,39486000
2021-08-23,357.9164,362.9048,357.9068,362.2157,34034700
2021-08-24,362.8076,363.9237,362.3418,363.322,21732900
2021-08-25,363.5744,364.312,362.8271,363.7394,20441900
2021-08-26,362.8854,363.5647,360.9929,361.4296,29133300
2021-08-27,362.0604,365.4474,361.5752,364.9427,27104700
2021-08-30,365.7289,369.5235,365.7094,369.0382,27295700
2021-08-31,369.2808,369.3487,367.1943,368.7374,29628200
2021-09-01,369.7953,371.416,369.145,369.3488,28138300
2021-09-02,370.6978,371.0278,367.961,369.1741,25453400
2021-09-03,368.029,370.7075,368.0096,370.3096,24605400
2021-09-07,370.4164,371.4839,369.2615,370.8337,23970200
2021-09-08,370.659,370.659,367.2817,369.5429,32949200
2021-09-09,369.7661,370.8724,368.0289,368.2715,29399000
2021-09-10,369.9797,370.6979,365.1467,365.4766,40249400
2021-09-13,367.8057,368.2327,363.1765,365.2242,48741800
2021-09-14,366.709,367.4369,363.2347,364.1858,41826600
2021-09-15,364.6419,367.2428,362.3515,366.8934,34097900
2021-09-16,365.564,367.7185,363.6424,367.1459,35193100
2021-09-17,366.6703,366.7188,361.7596,362.798,60912300
2021-09-20,357.0114,358.7505,350.6671,355.3015,76203200
2021-09-21,357.1279,358.323,354.6116,355.7386,41927500
2021-09-22,356.6519,360.5187,355.554,359.0614,46972900
2021-09-23,360.2176,363.4043,359.5763,362.3745,44652000
2021-09-24,360.1107,363.1322,359.7415,362.7144,36056800
2021-09-27,359.6735,360.6937,357.2738,359.8193,43338100
2021-09-28,355.2723,359.7707,349.132,349.6372,97701600
2021-09-29,350.9003,353.0377,348.4422,349.064,58076600
2021-09-30,350.7059,352.3673,346.946,347.7815,61384600
2021-10-01,348.4034,350.978,344.3033,349.9384,56375500
2021-10-04,348.3256,348.6559,340.3587,342.5933,76766000
2021-10-05,343.6524,349.4623,343.4289,347.218,47232900
2021-10-06,344.0118,349.7149,343.1082,349.4429,56806500
2021-10-07,352.484,355.2918,351.9496,352.6491,39411200
2021-10-08,353.7274,353.9606,350.3561,350.8904,41822300
2021-10-11,349.3555,352.8726,348.1119,348.1993,34847200
2021-10-12,349.6469,350.0841,346.3436,346.9849,43905100
2021-10-13,349.2875,350.4339,347.2666,349.7635,40120800
2021-10-14,353.3486,356.4187,352.6879,356.205,43433900
2021-10-15,357.4195,358.5659,356.3896,358.4493,40419900
2021-10-18,357.1571,362.2676,356.5548,362.0538,34513500
2021-10-19,363.1225,364.8421,362.1024,364.7936,29091000
2021-10-20,365.2503,365.8624,362.8408,364.3176,31390300
2021-10-21,363.5209,366.7368,363.2197,366.5424,25469300
2021-10-22,365.2891,366.251,361.8012,363.4626,36275800
2021-10-25,364.881,368.0969,362.9379,367.1837,32597800
2021-10-26,369.4183,371.8277,367.1642,368.3398,47191300
2021-10-27,368.7867,372.2552,368.5244,369.1948,45760500
2021-10-28,371.0893,373.5474,370.3218,373.2948,38007000
2021-10-29,370.2247,375.2963,369.875,375.1311,37310100
2021-11-01,375.5683,376.5399,373.4892,376.4135,30765300
2021-11-02,375.8015,378.4636,375.7529,377.9875,25135300
2021-11-03,378.4732,382.4178,377.4337,382.0,33748900
2021-11-04,383.2631,387.8489,382.719,386.8967,40265300
2021-11-05,388.665,389.588,385.8669,387.2659,43383800
2021-11-08,387.2368,388.2569,386.1,386.7413,29256300
2021-11-09,387.8101,388.2084,382.7191,384.0793,50490700
2021-11-10,381.3102,384.1181,376.5107,378.4344,54937400
2021-11-11,381.4074,381.5823,379.1437,379.4837,32243000
2021-11-12,380.6301,384.0111,379.0367,383.4768,34730600
2021-11-15,384.6524,384.973,380.9508,383.3894,33716900
2021-11-16,382.6606,386.6149,382.4664,386.1194,27872900
2021-11-17,386.4401,388.3541,385.3617,386.3235,28703300
2021-11-18,388.3638,390.8316,386.1486,390.3264,45721500
2021-11-19,391.9586,393.7754,391.1327,392.5027,45191700
2021-11-22,394.0378,397.0885,387.8392,387.946,61715400
2021-11-23,386.7899,388.8496,381.7475,386.1778,70098700
2021-11-24,383.7002,387.7031,381.3782,387.4213,46954400
2021-11-26,384.8467,386.236,378.687,380.0763,51533300
2021-11-29,384.633,389.3353,383.9043,388.3249,54447100
2021-11-30,387.4408,389.7823,380.6107,382.6219,81332700
2021-12-01,386.955,389.0925,375.646,376.1123,77766500
2021-12-02,374.8298,380.6009,373.4114,378.823,84416600
2021-12-03,380.1831,381.1838,368.126,372.2357,105349100
2021-12-06,372.7215,376.5786,368.5146,375.2184,67588800
2021-12-07,381.8543,387.1299,381.8154,386.5178,56005300
2021-12-08,386.8481,388.4512,384.9536,388.2472,39204000
2021-12-09,387.023,388.8204,382.34,382.5344,49973700
2021-12-10,385.3422,386.955,382.1749,386.6927,52545800
2021-12-13,386.6829,387.0035,380.737,381.1062,50166400
2021-12-14,376.2872,378.9979,372.7216,377.1617,75199200
2021-12-15,376.9091,386.1195,372.9645,385.76,73858000
2021-12-16,386.7218,387.1493,374.2566,375.8403,82591400
2021-12-17,372.4302,378.1235,370.9145,373.9652,80492500
2021-12-20,369.248,371.1256,367.2051,370.3376,65336800
2021-12-21,373.6062,378.9372,369.861,378.6259,48899500
2021-12-22,378.3341,383.4413,377.6726,383.237,37042200
2021-12-23,383.5872,387.5952,383.4219,386.1263,29595500
2021-12-27,387.4201,392.5078,387.3909,392.5078,32820700
2021-12-28,393.4028,393.5779,389.8132,390.6887,33113700
2021-12-29,390.8249,392.0895,388.2567,390.6303,32248500
2021-12-30,390.4163,392.5954,388.8793,389.463,23850100
2021-12-31,388.7917,390.1536,386.5348,387.0309,34752900
2022-01-03,388.1982,391.0097,386.0873,390.7567,40575900
2022-01-04,391.3016,391.3405,382.595,385.6885,58027200
2022-01-05,384.0055,385.1242,373.5867,373.8397,75739800
2022-01-06,372.0205,376.8165,369.7928,373.577,70814300
2022-01-07,373.5868,375.2698,367.7597,369.5302,72652300
2022-01-10,364.6273,370.289,359.2671,369.7734,91770500
2022-01-11,369.0437,375.4934,366.9619,375.3281,68295700
2022-01-12,377.8963,379.589,374.5401,376.8165,54576400
2022-01-13,378.1979,378.8789,366.4561,367.39,77994000
2022-01-14,364.8704,370.0068,364.6661,369.6761,80121200
2022-01-18,363.8684,365.9892,359.7145,360.4733,75450900
2022-01-19,362.0298,364.5007,356.2513,356.514,81791500
2022-01-20,359.7341,363.7031,351.3485,351.8835,88610700
2022-01-21,349.6947,352.331,341.8441,342.1263,143388900
2022-01-24,336.5034,344.354,325.0632,343.6924,198685800
2022-01-25,337.2427,341.4842,332.3884,335.7251,124398400
2022-01-26,343.3131,347.1751,331.5129,335.1999,146559500
2022-01-27,339.8985,341.7176,330.8028,331.8242,95255700
2022-01-28,333.7017,342.4472,328.7598,342.2332,108167900
2022-01-31,343.5952,353.761,341.9609,353.1773,94326400
2022-02-01,354.5197,356.2319,349.3736,355.5801,74433000
2022-02-02,359.7048,360.0355,354.3835,358.4693,78777100
2022-02-03,348.7802,352.0877,342.8752,343.9356,95384800
2022-02-04,344.4512,351.5722,342.3986,348.2744,86318300
2022-02-07,348.8677,351.2316,344.2177,345.4726,58198100
2022-02-08,344.3344,350.4437,343.206,349.3541,64720900
2022-02-09,353.868,356.8351,352.2726,356.7573,55766400
2022-02-10,349.7432,356.5237,346.8443,348.6829,112468500
2022-02-11,348.6828,350.2783,336.3963,337.622,101569100
2022-02-14,337.0676,341.4355,334.5384,338.0404,80254400
2022-02-15,343.3131,346.679,342.2527,346.4455,55128800
2022-02-16,344.1983,347.3794,341.1729,346.3579,58947100
2022-02-17,343.1476,343.848,335.6375,336.0559,61801400
2022-02-18,336.9898,337.3789,329.9175,332.2231,80001500
2022-02-22,329.2851,334.6842,325.2577,328.8863,85967100
2022-02-23,332.0382,332.8748,320.1505,320.4619,86215400
2022-02-24,310.1695,331.7658,309.6053,331.2308,130614100
2022-02-25,332.0284,336.5714,328.215,336.3671,78842100
2022-02-28,333.1959,339.0619,332.0382,337.3692,77515500
2022-03-01,336.3477,338.6143,329.684,332.2035,67407000
2022-03-02,333.7504,339.1105,330.9876,337.7778,70609000
2022-03-03,340.414,340.521,331.0945,332.9526,71089400
2022-03-04,330.5984,332.0285,325.8122,328.1275,76936300
2022-03-07,328.1178,329.2754,315.8215,316.0258,89933800
2022-03-08,315.2378,324.1487,311.2396,314.5569,116153900
2022-03-09,322.7285,327.2326,320.1408,325.8804,64723400
2022-03-10,321.8238,323.4678,317.8255,322.2615,69362700
2022-03-11,325.2286,325.5399,315.0919,315.5783,66228400
2022-03-14,314.3429,317.7088,308.8174,309.5178,79802600
2022-03-15,312.1541,320.0046,310.549,319.2264,76471000
2022-03-16,323.1371,331.1822,319.4696,331.0654,105243000
2022-03-17,329.1684,335.1317,327.8746,335.0733,67810000
2022-03-18,333.4196,342.2235,332.2619,341.9316,85446300
2022-03-21,341.0979,343.3186,336.5979,340.981,73799100
2022-03-22,341.4778,348.5491,341.0979,347.6822,63345900
2022-03-23,344.8089,348.364,342.6271,342.6855,70615500
2022-03-24,344.6043,350.351,342.4518,350.3023,53555300
2022-03-25,350.2439,351.2958,345.7147,350.0101,57584200
2022-03-28,350.0004,355.523,348.7634,355.4256,56833900
2022-03-29,359.3118,362.1656,356.5456,361.5423,68073000
2022-03-30,359.682,361.3379,356.0685,357.549,68757700
2022-03-31,357.695,358.0457,352.2796,353.1172,67011400
2022-04-01,353.3803,354.1595,349.2699,352.4452,54527800
2022-04-04,353.2827,359.7112,353.0198,359.7014,45950200
2022-04-05,358.2501,358.9612,350.5749,351.7145,62738700
2022-04-06,346.4062,347.5068,341.4485,344.0783,90077100
2022-04-07,343.0849,347.0881,339.6272,344.8966,63777400
2022-04-08,343.1628,343.9128,339.4421,340.0752,61956100
2022-04-11,335.848,336.7636,331.689,332.0299,66107400
2022-04-12,336.7733,338.6531,329.2539,330.6273,72790200
2022-04-13,330.9683,338.4,330.2475,337.3481,61367800
2022-04-14,337.4357,337.9519,329.4196,329.6339,73519400
2022-04-18,328.5819,332.176,327.0625,329.8871,58560600
2022-04-19,329.2442,337.8349,328.2215,337.2603,56515700
2022-04-20,338.0688,338.5266,331.1241,332.3416,65500000
2022-04-21,336.2181,338.8284,324.5397,325.465,75801000
2022-04-22,325.6208,326.8383,316.5138,316.9424,82562100
2022-04-25,315.3159,321.3255,314.0497,321.0139,101755900
2022-04-26,318.9587,319.1437,308.6244,308.8972,105819600
2022-04-27,308.9946,314.4881,306.8129,308.5271,111204200
2022-04-28,313.4848,321.3158,309.2673,319.4846,99450000
2022-04-29,315.2867,318.725,304.4752,305.1083,91977900
2022-05-02,304.6992,310.4361,301.6018,310.2024,115511800
2022-05-03,310.2218,312.8224,307.7673,310.5334,78185500
2022-05-04,311.0107,321.7053,305.7316,321.0333,116083400
2022-05-05,316.7185,316.7964,301.5726,304.8648,154607400
2022-05-06,302.868,306.9004,297.1798,301.2122,139572800
2022-05-09,295.5922,301.3096,288.0339,289.4267,113387300
2022-05-10,296.5955,297.813,288.8618,292.9429,124124600
2022-05-11,290.6832,296.1863,283.3879,284.2547,140326100
2022-05-12,279.9789,288.0631,277.5341,283.5827,120910900
2022-05-13,288.0339,295.1247,286.4365,294.0922,83684900
2022-05-16,292.3487,294.4039,289.4072,290.6832,59190400
2022-05-17,296.537,298.5921,292.7383,298.2122,62715300
2022-05-18,293.7026,294.3942,282.3165,283.5729,79477100
2022-05-19,281.7711,286.7385,280.1055,282.0535,79920700
2022-05-20,285.5112,286.1638,272.927,281.1768,91764200
2022-05-23,282.219,286.232,279.823,285.8521,63648400
2022-05-24,280.6412,281.3522,274.914,279.7743,73491100
2022-05-25,278.2841,285.7645,278.0795,283.6898,67144500
2022-05-26,282.8911,293.0987,282.6087,291.55,59462200
2022-05-27,294.6766,301.2122,294.5598,301.0661,66985600
2022-05-31,301.037,303.2382,296.4201,300.2675,60968300
2022-06-01,302.4005,304.5239,295.8357,298.0467,65341700
2022-06-02,296.9266,306.3842,295.5143,306.2089,59291300
2022-06-03,300.9979,302.4005,296.9947,298.2415,60914700
2022-06-06,302.6733,304.2317,297.6766,299.235,51785000
2022-06-07,295.9137,302.5954,294.8228,301.8162,44900300
2022-06-08,301.0175,303.6181,298.7967,299.6441,38342100
2022-06-09,297.9591,301.0174,291.4527,291.6183,55900500
2022-06-10,286.0177,287.2059,280.8846,281.3327,85963500
2022-06-13,272.479,275.0017,267.3947,268.2518,94442000
2022-06-14,270.4433,271.4173,266.2356,268.7388,64697500
2022-06-15,272.1576,279.375,269.4206,275.4497,86051400
2022-06-16,268.4271,268.8849,262.2811,264.3363,81910300
2022-06-17,265.1058,269.9856,263.4792,267.5506,82703400
2022-06-21,272.0268,276.6135,271.9195,274.3006,51633700
2022-06-22,271.8024,278.3018,271.2071,273.9006,67472900
2022-06-23,276.3793,278.8288,273.5493,277.9798,57457800
2022-06-24,280.8,287.924,280.5658,287.5043,58422300
2022-06-27,288.8609,289.4268,284.2645,285.3965,54151500
2022-06-28,285.9332,288.5193,276.516,276.7014,61609800
2022-06-29,276.5646,278.4579,274.0664,276.955,57302700
2022-06-30,273.9787,277.0917,269.1285,273.52,79313600
2022-07-01,272.2221,275.7157,270.3483,275.3253,56675100
2022-07-05,271.5975,280.1559,270.0751,280.0388,61829300
2022-07-06,280.4195,283.9327,278.7019,281.8345,63194700
2022-07-07,282.6444,288.5681,282.6444,287.8654,56620100
2022-07-08,285.0354,289.5927,284.0985,288.2265,59895500
2022-07-11,285.8161,286.0406,281.1905,282.0688,55273900
2022-07-12,283.3178,285.2305,277.7455,279.3362,55797100
2022-07-13,273.8322,281.1025,273.2662,278.7604,73939400
2022-07-14,276.1646,280.6243,273.0515,279.7558,63741800
2022-07-15,282.7421,284.9378,281.1319,284.8305,63818100
2022-07-18,287.6116,289.0169,281.2489,282.42,59519600
2022-07-19,286.0405,291.3981,284.4401,291.1053,55172600
2022-07-20,291.5251,296.9022,290.7443,295.7213,67769400
2022-07-21,296.18,300.025,293.5256,299.9664,55049400
2022-07-22,299.0393,301.1081,292.8815,294.7064,57127700
2022-07-25,294.7356,295.2041,291.0273,293.0278,40582400
2022-07-26,291.3298,291.5835,286.4602,287.2701,50074100
2022-07-27,291.8275,301.0984,291.2615,299.4101,69304400
2022-07-28,299.1954,302.9135,295.448,302.3377,55139900
2022-07-29,303.8796,308.759,302.4548,307.8514,57501000
2022-08-01,306.0852,311.1207,304.9922,307.6661,46358800
2022-08-02,305.3728,310.8669,304.3188,306.7487,48676500
2022-08-03,308.4272,315.922,308.3687,315.1023,53735700
2022-08-04,315.1804,316.8882,313.0334,316.5759,38973700
2022-08-05,311.4915,316.0196,310.7108,313.9897,53894000
2022-08-08,314.907,318.5959,311.511,312.9748,43878500
2022-08-09,311.0816,311.3353,307.8124,309.4323,39764200
2022-08-10,316.7612,318.3617,314.2922,318.0689,51459600
2022-08-11,320.3915,322.3921,315.5609,316.2635,45897700
2022-08-12,318.3129,322.6165,317.2589,322.4214,40928400
2022-08-15,321.4748,325.5247,321.4552,325.027,38266600
2022-08-16,324.051,326.3541,321.221,324.2657,41186900
2022-08-17,321.1332,323.4363,318.4885,320.5672,47842200
2022-08-18,320.5184,322.5189,318.9082,321.3381,41937200
2022-08-19,318.3032,318.957,314.3118,315.073,51770600
2022-08-22,310.8181,311.0523,305.968,306.778,51098900
2022-08-23,306.5438,309.3543,305.7728,306.5243,39497100
2022-08-24,306.046,309.2274,305.441,307.4123,38057100
2022-08-25,309.1884,312.8675,308.1442,312.848,38098300
2022-08-26,312.5552,313.7555,299.937,300.0249,69047700
2022-08-29,297.2729,299.8102,295.9652,297.068,48321900
2022-08-30,298.7173,299.3321,291.242,293.7598,51184500
2022-08-31,296.6581,297.5559,291.9446,292.0519,50044000
2022-09-01,289.5634,292.5496,285.8844,292.1788,57990700
2022-09-02,295.0478,296.4238,286.4406,288.0508,64666800
2022-09-06,288.529,289.4463,283.8545,285.9819,57005400
2022-09-07,286.4601,292.7545,286.1966,291.7592,49260400
2022-09-08,289.6903,294.5892,288.3241,293.2718,55649800
2022-09-09,295.5261,300.1811,293.2718,299.6834,56125200
2022-09-12,301.0594,303.5771,300.7471,303.2453,45905700
2022-09-13,294.5209,295.7115,285.7282,286.6163,79562200
2022-09-14,287.7581,289.7684,285.9917,288.8901,54907200
2022-09-15,286.9773,289.378,282.4785,284.079,65299400
2022-09-16,280.7805,282.7323,278.7312,282.3419,79920400
2022-09-19,279.7013,284.697,279.6427,284.5406,52613800
2022-09-20,282.0379,284.5602,279.9751,282.2725,51271100
2022-09-21,283.1133,287.3758,277.0813,277.2181,82931000
2022-09-22,275.693,276.7,272.5842,273.8062,62757100
2022-09-23,271.3426,271.6359,265.9363,269.3482,74815200
2022-09-26,268.8789,273.2392,267.4418,268.2337,71176700
2022-09-27,271.5967,273.943,266.0242,268.3412,69780100
2022-09-28,268.3216,274.9598,266.8454,273.6791,79652100
2022-09-29,269.6904,270.0717,262.8274,265.7897,81216000
2022-09-30,264.9684,269.0353,261.1263,261.2827,78482400
2022-10-03,263.0523,269.0061,261.5467,267.4125,61267400
2022-10-04,272.7503,276.524,272.7503,275.8201,66696900
2022-10-05,272.0562,277.4625,269.2602,275.6735,55766300
2022-10-06,274.6763,277.8243,273.1805,273.5032,53489400
2022-10-07,268.8691,268.9962,261.7519,263.0815,71354700
2022-10-10,263.2771,263.6682,257.7437,260.4518,60393000
2022-10-11,258.78,261.6444,255.192,256.8736,66522500
2022-10-12,257.509,259.4251,256.0914,256.7856,50580200
2022-10-13,249.4533,264.1276,248.5735,262.8078,112894100
2022-10-14,265.1346,265.731,254.322,254.9086,77244300
2022-10-17,260.8721,264.196,260.7743,263.3259,64576500
2022-10-18,270.3454,271.0102,262.7296,265.4084,69781000
2022-10-19,263.893,267.5591,262.0746,264.4405,53115400
2022-10-20,263.5508,268.6932,261.928,263.0913,60605500
2022-10-21,261.9866,269.7979,260.8526,269.2603,77897700
2022-10-24,269.5242,273.1512,265.8874,272.2224,63963600
2022-10-25,273.161,278.2349,271.6848,277.8536,59014500
2022-10-26,272.2322,277.6287,271.2252,271.714,63492400
2022-10-27,270.5996,272.0563,266.2491,266.7673,57760300
2022-10-28,266.1415,275.3997,265.9753,274.9305,62651300
2022-10-31,272.682,273.5032,269.8175,271.7337,47742000
2022-11-01,275.2042,275.7615,268.5954,268.9571,45895900
2022-11-02,268.9277,271.9877,259.6695,259.738,79803100
2022-11-03,257.1277,258.5844,254.2828,254.6641,70038900
2022-11-04,259.5914,260.6473,253.2857,258.7604,78313200
2022-11-07,259.8065,262.143,257.6752,261.6053,47333800
2022-11-08,263.1207,266.7477,259.5817,263.5118,63213800
2022-11-09,261.7715,262.5536,257.1473,257.4308,64862100
2022-11-10,269.837,276.7195,267.7253,276.4263,99256700
2022-11-11,276.2405,282.1845,274.9011,281.5197,66961800
2022-11-14,279.4667,282.7418,278.0785,279.0561,55290700
2022-11-15,285.6747,286.7012,279.5743,282.9178,73985400
2022-11-16,280.9625,283.0058,278.2349,279.0561,48859800
2022-11-17,274.5981,279.9164,274.4417,278.4402,55462100
2022-11-18,281.4513,281.5491,276.0059,278.45,53588600
2022-11-21,277.0617,278.2153,274.7545,275.5854,40083500
2022-11-22,276.3187,279.7111,274.1874,279.5547,41873400
2022-11-23,279.5743,282.9862,279.3983,282.3605,46390000
2022-11-25,280.767,281.4709,280.0142,280.5031,15498800
2022-11-28,278.5282,280.5421,275.4584,276.3871,38714200
2022-11-29,276.612,277.0128,272.9263,274.295,35618900
2022-11-30,274.559,286.9065,273.7084,286.799,74718100
2022-12-01,287.1216,289.1355,284.3744,287.1509,51547300
2022-12-02,282.0868,286.887,281.9108,286.0071,53583200
2022-12-05,283.8857,285.1566,279.7503,281.207,41482100
2022-12-06,281.0505,281.1873,273.992,275.3802,53937600
2022-12-07,274.1972,276.2503,272.545,274.2559,45614300
2022-12-08,275.6051,278.4696,273.5325,277.5017,42594900
2022-12-09,276.4849,279.2516,275.2922,275.7321,47860500
2022-12-12,275.9081,279.2516,274.8718,279.1929,35732500
2022-12-13,290.0154,290.2402,279.5156,282.1943,80667700
2022-12-14,281.6077,284.8926,276.8564,280.1022,64984400
2022-12-15,276.0156,276.6804,269.5046,270.6973,60554100
2022-12-16,270.0228,271.5576,266.513,268.1164,68300400
2022-12-19,268.3859,268.4741,263.1136,264.3484,44167900
2022-12-20,263.1823,265.887,261.6045,264.1426,51064200
2022-12-21,265.1813,269.2776,264.3385,267.9742,46394700
2022-12-22,264.9657,265.0932,257.2043,261.4182,60278400
2022-12-23,260.1541,262.6727,258.253,262.0063,39373600
2022-12-27,261.3986,261.5064,257.7629,258.3019,38009000
2022-12-28,257.9002,260.1541,254.5291,254.8916,47139000
2022-12-29,257.6943,262.0454,256.9985,261.1046,45893600
2022-12-30,258.3411,261.0752,257.0378,260.9478,37858300
2023-01-03,263.2704,264.7404,256.881,259.1839,42335300
2023-01-04,261.3006,262.0944,257.2729,260.4186,47754900
2023-01-05,258.7527,258.9193,256.0284,256.342,45396700
2023-01-06,258.0765,264.5345,255.1268,263.4174,54659700
2023-01-09,265.4069,269.7776,264.5151,265.1227,45568700
2023-01-10,264.0935,267.4745,263.5839,267.3666,35247800
2023-01-11,268.4349,272.1,267.6509,271.9922,44077000
2023-01-12,272.5507,274.4911,268.2584,273.4621,60600000
2023-01-13,270.9632,275.5887,270.63,275.3437,44802900
2023-01-17,275.1477,277.1861,273.9815,275.9023,36269700
2023-01-18,277.4408,278.9892,272.1098,272.3156,47754500
2023-01-19,270.6888,271.8256,268.4055,269.6403,44150400
2023-01-20,271.2474,277.3526,270.189,277.0194,60613600
2023-01-23,277.8623,284.3987,277.0685,283.1737,52799900
2023-01-24,281.5567,283.7519,281.0373,282.5955,44875100
2023-01-25,278.0876,282.5857,275.5495,281.9684,50872000
2023-01-26,285.3885,287.6424,282.7425,287.466,51596300
2023-01-27,286.1528,292.2875,286.0352,290.3275,56441900
2023-01-30,287.0642,288.4852,284.0851,284.4575,49405800
2023-01-31,284.4966,288.8183,284.3888,288.7203,46705100
2023-02-01,288.5146,297.3539,286.4468,294.8942,67562200
2023-02-02,301.4111,307.3988,300.588,305.478,83070600
2023-02-03,298.8337,306.1345,298.4417,300.0489,76170800
2023-02-06,297.4324,299.7844,296.1682,297.5108,40802300
2023-02-07,297.3833,304.8018,296.2662,303.6748,67584000
2023-02-08,302.3616,303.3024,297.5891,298.2751,56720900
2023-02-09,302.6556,302.8026,294.1886,295.6389,49137800
2023-02-10,293.483,295.5312,291.2977,293.6986,50050100
2023-02-13,295.1,298.9905,293.924,298.4025,39636700
2023-02-14,296.8248,301.5581,294.8844,300.6075,64079100
2023-02-15,298.7945,303.077,298.1085,302.9104,43100600
2023-02-16,298.285,302.2538,297.0796,297.2266,59498600
2023-02-17,295.0412,295.8839,292.1306,295.1294,58230700
2023-02-21,291.3075,292.748,288.005,288.1422,46526700
2023-02-22,288.7203,290.4255,286.7016,288.3578,51389200
2023-02-23,292.0033,292.1601,286.6918,290.8763,69294400
2023-02-24,285.9177,287.1035,284.2419,286.0059,74332000
2023-02-27,289.1613,290.5529,287.466,288.054,48995000
2023-02-28,287.4268,290.1903,287.0936,287.6816,48243100
2023-03-01,287.3876,288.0442,284.3889,285.3689,58287000
2023-03-02,282.8797,288.5341,282.5955,287.7306,53565900
2023-03-03,289.475,293.9143,288.9654,293.679,60511500
2023-03-06,294.9138,297.9125,293.8162,294.0122,56736300
2023-03-07,294.0612,294.9824,289.7983,290.4059,65955800
2023-03-08,290.8273,292.4541,288.9752,291.8563,50876300
2023-03-09,292.3561,294.9531,285.9863,286.7997,71456700
2023-03-10,286.9662,288.4558,281.6253,282.7719,98593600
2023-03-13,280.9884,288.5734,279.4792,284.8691,97123600
2023-03-14,288.4166,291.9641,287.5738,291.4153,73602500
2023-03-15,288.8085,293.2772,287.3679,292.944,83631500
2023-03-16,292.0328,301.0289,291.239,300.6664,98198100
2023-03-17,300.5781,302.9594,297.2951,299.2453,89923700
2023-03-20,298.6289,300.6312,296.4206,300.3073,56359500
2023-03-21,302.2408,305.0479,300.7293,304.5964,49757000
2023-03-22,304.5277,309.4155,300.2876,300.4545,75791900
2023-03-23,304.1841,308.3358,301.328,304.0173,74576000
2023-03-24,303.5952,305.2343,301.2691,305.1362,57195200
2023-03-27,305.8331,306.9127,302.1917,303.0456,50287400
2023-03-28,302.4666,302.496,299.1295,301.436,48585900
2023-03-29,305.1265,307.5507,304.3118,306.9324,53274300
2023-03-30,309.4057,310.4658,307.0207,309.8376,58354800
2023-03-31,310.0634,315.226,309.7591,314.9904,62138100
2023-04-03,312.8703,314.4898,311.5453,314.2248,47126800
2023-04-04,314.6665,315.6774,311.9478,313.1648,45875400
2023-04-05,312.2128,313.155,308.2574,310.0731,62795700
2023-04-06,308.4242,312.6544,307.0305,312.1637,46916500
2023-04-10,309.2389,312.0361,307.4525,311.987,45134700
2023-04-11,311.9477,312.0066,309.4744,309.9847,40113600
2023-04-12,311.938,312.5269,306.7851,307.2464,62813300
2023-04-13,309.0033,313.7341,307.8256,313.263,54613800
2023-04-14,311.7122,314.431,309.7689,312.6741,56278300
2023-04-17,312.2618,313.2924,310.1909,312.9391,43007000
2023-04-18,315.0493,315.4714,311.7613,312.9587,46746900
2023-04-19,310.554,313.8715,310.4264,312.8114,38960100
2023-04-20,309.8473,313.3611,309.1407,310.4264,62462100
2023-04-21,310.0633,311.5257,308.2868,310.7503,59002300
2023-04-24,310.5246,311.8594,307.9334,310.1026,44043100
2023-04-25,308.4733,309.1407,304.1547,304.2529,57121600
2023-04-26,307.639,309.1112,305.5779,306.0981,55400500
2023-04-27,309.8572,314.9217,309.2192,314.4211,65430400
2023-04-28,314.1856,316.6786,313.0569,316.5902,59712600
2023-05-01,316.1289,317.6404,315.1474,316.227,41013400
2023-05-02,316.1584,316.4823,311.7319,313.4691,56519400
2023-05-03,313.8323,316.5019,311.3098,311.4178,59882100
2023-05-04,311.192,312.3404,309.2879,310.3185,50224500
2023-05-05,312.5759,317.768,310.3577,316.9141,51806100
2023-05-08,316.4528,318.0428,315.3731,317.6993,36465800
2023-05-09,316.0406,316.9043,315.3732,315.6873,31768800
2023-05-10,318.1214,319.9764,315.648,319.1225,60446600
2023-05-11,319.6721,320.7026,318.1213,320.1628,44278500
2023-05-12,320.6928,321.1149,316.9632,319.0145,48432800
2023-05-15,319.4857,320.9775,317.9643,320.742,33375600
2023-05-16,320.0254,322.8129,319.9862,321.1051,40019200
2023-05-17,322.1651,325.5709,320.9874,324.9919,47486100
2023-05-18,325.3844,331.2439,325.3648,331.028,64213500
2023-05-19,331.2439,331.9506,329.2221,330.2821,61554900
2023-05-22,330.0268,332.402,330.017,331.3911,43015900
2023-05-23,329.6735,330.8218,326.837,327.1903,48216700
2023-05-24,325.2372,326.7487,323.4607,325.512,62891200
2023-05-25,332.8634,334.6988,330.4391,333.4326,66862800
2023-05-26,334.4534,342.7863,334.3553,341.952,63007000
2023-05-30,346.1822,347.3796,342.0796,343.5027,72652200
2023-05-31,341.9226,344.1113,340.097,341.5496,65105400
2023-06-01,341.2944,346.8202,340.2442,345.4952,50488600
2023-06-02,347.2521,349.2445,345.4952,348.0864,53372100
2023-06-05,347.8704,350.8836,347.3011,348.3317,47266200
2023-06-06,347.7232,349.2347,346.3982,348.2728,41390400
2023-06-07,348.5575,350.5107,341.7361,342.3643,69225900
2023-06-08,342.6587,347.0754,342.4329,346.6141,47153900
2023-06-09,348.0667,351.0407,346.4964,347.9391,53196900
2023-06-12,349.5978,353.9164,348.6261,353.8182,44606500
2023-06-13,356.5665,357.3713,353.3668,356.537,57097800
2023-06-14,356.5468,359.4128,353.7496,359.1281,69525600
2023-06-15,357.862,364.8894,357.2436,363.4074,71138800
2023-06-16,365.8219,365.9495,360.6789,361.1205,80932000
2023-06-20,359.67,361.9993,357.6453,360.6037,49204700
2023-06-21,359.4634,359.8959,354.7655,355.6893,53378300
2023-06-22,354.4412,360.0434,354.0382,359.8861,47603000
2023-06-23,355.9941,358.6183,354.6279,356.3184,48922900
2023-06-26,355.7877,358.579,351.4534,351.5418,52685500
2023-06-27,353.0849,358.3136,352.3576,357.5862,49428100
2023-06-28,355.7681,360.2301,355.6894,358.2841,46498000
2023-06-29,357.9892,358.628,355.9252,357.5666,46151000
2023-06-30,361.2424,364.132,360.9279,363.0804,58712500
2023-07-03,363.7192,364.5644,362.6381,363.9354,19432900
2023-07-05,362.3727,365.6259,362.3334,363.9256,34460900
2023-07-06,360.2203,361.5963,358.2644,361.154,49374700
2023-07-07,360.9279,364.1221,359.7288,359.9549,47133700
2023-07-10,359.6797,360.751,357.1735,360.0728,48498800
2023-07-11,360.4955,362.3039,358.3627,361.8518,38214100
2023-07-12,365.9502,367.7685,363.9452,366.422,61975400
2023-07-13,369.5965,373.4689,369.0167,372.6433,46960000
2023-07-14,373.0758,376.2897,371.69,372.5648,55148500
2023-07-17,373.2822,376.9187,372.8006,376.0439,40868900
2023-07-18,375.4051,380.4864,373.4788,379.1203,55262000
2023-07-19,380.1817,381.3218,377.7049,379.0318,54093000
2023-07-20,376.044,377.5084,369.2722,370.2944,71941700
2023-07-21,372.6728,373.4001,368.7513,369.1837,60499600
2023-07-24,370.1568,371.1003,367.9159,369.7735,40380100
2023-07-25,370.4812,373.9408,370.4615,372.2798,38894400
2023-07-26,371.2379,372.7318,368.7415,371.0413,47075700
2023-07-27,376.4961,378.1079,368.8693,370.1568,63940200
2023-07-28,374.206,377.9212,373.695,376.899,56902900
2023-07-31,377.2037,378.275,375.7786,377.0956,44019900
2023-08-01,375.7491,376.9777,374.1569,376.2209,41060600
2023-08-02,372.7515,372.7515,366.7267,367.9651,72687100
2023-08-03,365.5571,369.4983,365.39,367.3753,47666400
2023-08-04,369.3017,371.6114,365.1541,365.6554,61702800
2023-08-07,367.4638,368.8496,365.1345,368.7513,37230400
2023-08-08,366.245,366.2647,362.4906,365.616,44726500
2023-08-09,365.901,366.0583,360.8394,361.5962,51150900
2023-08-10,364.6038,367.9356,360.7412,362.2646,72035300
2023-08-11,359.7092,361.6847,358.4315,359.9549,48707200
2023-08-14,359.1588,364.1123,358.4414,363.9944,42130800
2023-08-15,363.0214,363.8175,359.4635,360.1318,45539900
2023-08-16,359.5913,361.1245,356.2201,356.3184,53190500
2023-08-17,357.714,358.058,352.0136,352.4263,62604300
2023-08-18,349.1633,353.2421,348.6227,351.9841,61191400
2023-08-21,353.4486,358.3333,352.9866,357.6551,50696500
2023-08-22,360.2596,360.2694,356.456,357.144,44530200
2023-08-23,358.3234,363.8666,358.1072,362.7757,51770600
2023-08-24,366.2451,366.3434,354.8147,355.0211,66842500
2023-08-25,355.8565,359.4635,352.4263,357.773,69960500
2023-08-28,360.6921,361.3997,357.9991,360.466,40910000
2023-08-29,360.2694,368.6923,359.9451,368.3385,58492400
2023-08-30,368.4466,370.9725,367.4441,370.3926,41731500
2023-08-31,370.4713,373.2036,370.4025,371.5033,35730700
2023-09-01,373.8719,374.2945,369.626,371.1101,39801200
2023-09-05,370.3042,372.8006,369.3803,371.5819,32344200
2023-09-06,370.8055,371.1495,366.3041,368.3091,42998700
2023-09-07,363.8567,366.4514,362.8149,365.675,52060700
2023-09-08,365.6259,368.4172,365.2229,366.1861,35800100
2023-09-11,369.2132,371.0118,367.2476,370.5008,39936600
2023-09-12,368.8299,370.4811,366.1075,366.3925,41391000
2023-09-13,366.6284,369.3902,365.4981,367.7881,46300700
2023-09-14,369.5376,371.7784,367.4736,370.7956,48039400
2023-09-15,369.4589,369.8619,363.5127,364.4464,69811200
2023-09-18,363.5075,365.9386,363.222,364.8264,36903500
2023-09-19,363.5075,364.8461,361.0271,364.0488,37621700
2023-09-20,365.1119,365.4662,358.724,358.8027,45514200
2023-09-21,355.1216,355.909,352.0605,352.2278,69734800
2023-09-22,353.97,356.1058,351.9621,352.277,51589700
2023-09-25,351.3125,354.0389,350.3282,353.9503,39168000
2023-09-26,351.3715,351.9129,347.651,348.6353,53657700
2023-09-27,349.7869,351.3617,345.8302,349.4523,56066000
2023-09-28,348.5368,354.5015,347.6805,352.3755,56453300
2023-09-29,355.8499,357.2377,351.4011,352.6314,64829600
2023-10-02,352.8972,356.972,352.2869,355.5744,51625100
2023-10-03,353.1334,355.3283,347.7199,349.3341,60478500
2023-10-04,350.1708,354.9346,349.7082,354.0881,54786700
2023-10-05,354.0783,354.4818,349.5507,353.0448,45897400
2023-10-06,350.0526,360.1512,349.2652,358.9602,75049100
2023-10-09,356.598,361.3323,355.1019,360.791,45304800
2023-10-10,361.1256,365.4366,360.6236,362.789,46968800
2023-10-11,364.1178,365.5646,362.3953,365.3776,38215100
2023-10-12,365.8796,367.8579,361.7162,364.1079,49587900
2023-10-13,364.7378,365.3185,358.1334,359.5311,52469900
2023-10-16,360.85,364.6493,360.7024,363.5961,44201100
2023-10-17,360.0527,364.0981,357.9366,362.4051,50999100
2023-10-18,359.915,362.1197,356.3224,357.6512,54280500
2023-10-19,359.0685,360.2594,353.5074,354.3047,72274200
2023-10-20,353.8026,354.3735,348.7927,349.0191,72559700
2023-10-23,347.7003,353.6058,345.5939,350.0723,60665200
2023-10-24,351.8833,354.2456,350.1904,353.4778,47082100
2023-10-25,351.0861,351.2633,344.2455,344.8262,71190500
2023-10-26,343.6254,344.5605,336.962,338.2513,78621400
2023-10-27,340.9777,343.3498,338.6647,339.8754,63476700
2023-10-30,342.3557,345.0231,340.9974,343.7042,55298500
2023-10-31,343.7337,345.7219,341.1647,345.3478,47671900
2023-11-01,346.1845,351.903,346.0861,351.342,58992700
2023-11-02,355.8499,357.9562,354.6294,357.72,58162400
2023-11-03,359.0094,363.2122,358.7831,361.9229,53280500
2023-11-06,362.6905,363.9602,361.1354,363.3992,38848700
2023-11-07,364.4425,367.7004,363.2417,366.8343,50777400
2023-11-08,367.2083,367.9072,364.787,367.0705,35663400
2023-11-09,367.7595,368.9013,363.7536,364.2457,53859400
2023-11-10,365.9681,372.5824,365.4366,372.4347,58309800
2023-11-13,370.8599,372.3265,369.3343,371.2733,40733500
2023-11-14,377.671,380.1809,377.1493,379.2655,67792600
2023-11-15,381.1553,381.6474,378.1927,379.551,54141400
2023-11-16,378.7832,380.112,377.5234,379.8758,45343500
2023-11-17,379.1474,380.9781,378.2419,379.9644,46571900
2023-11-20,379.9742,385.2499,379.9742,384.5904,44429600
2023-11-21,382.8876,383.1041,380.6139,382.356,43337000
2023-11-22,384.423,386.8837,382.9171,383.9211,44121000
2023-11-24,383.5175,384.1081,382.3856,383.3798,15718800
2023-11-27,382.8876,384.9939,382.1691,383.0451,34139700
2023-11-28,382.297,384.6297,381.9427,384.049,35491100
2023-11-29,386.5097,387.9369,383.3305,383.675,38811700
2023-11-30,383.9407,384.4033,379.7478,382.7104,52834400
2023-12-01,381.6474,384.3935,379.9939,383.8029,40490100
2023-12-04,380.0136,380.5156,376.6376,380.24,51186900
2023-12-05,378.3403,382.3857,378.1632,381.1947,42933000
2023-12-06,384.1277,384.2262,378.6454,378.9899,41994100
2023-12-07,381.9624,385.112,380.8698,384.2852,49593500
2023-12-08,382.5529,386.4408,382.3659,385.9979,46687500
2023-12-11,385.5747,389.5609,385.368,389.2952,41198000
2023-12-12,389.3345,392.5137,388.2026,392.3956,39221200
2023-12-13,393.3306,397.996,392.5629,397.3857,55408100
2023-12-14,398.6063,399.9055,394.0393,397.0413,55447800
2023-12-15,397.8189,400.1418,397.2185,398.9606,62896600
2023-12-18,399.3532,402.371,399.0277,401.4735,46610000
2023-12-19,401.9272,403.6432,401.7398,403.5248,35711900
2023-12-20,402.726,404.8168,397.351,397.5285,54042400
2023-12-21,401.4538,402.519,398.8995,402.154,45568900
2023-12-22,403.3671,404.3237,400.8818,402.7556,34314000
2023-12-26,403.6136,405.8918,403.515,405.2212,22722500
2023-12-27,405.5034,406.3323,404.6449,406.0461,31980500
2023-12-28,407.2006,407.4473,405.4935,405.8487,27029200
2023-12-29,405.829,406.1842,402.178,404.0923,42662100
2024-01-02,400.4611,400.7078,394.9354,397.2542,58026900
2024-01-03,394.6295,395.6853,392.6165,393.0507,47002800
2024-01-04,391.1857,394.2939,390.8107,391.0278,39432800
2024-01-05,391.1956,394.2643,390.1003,391.4916,44922800
2024-01-08,392.7151,399.869,392.5671,399.5829,42473800
2024-01-09,396.5832,401.2999,396.3859,400.3723,39132900
2024-01-10,400.6881,404.0923,399.8,403.0858,33962800
2024-01-11,404.3588,405.7501,398.8823,403.9246,54536200
2024-01-12,404.9606,405.7994,402.7405,404.1318,39595000
2024-01-16,402.8984,405.6711,401.438,404.0923,43903000
2024-01-17,400.7867,402.1879,397.5798,401.8129,54386000
2024-01-18,405.0791,408.0985,403.7371,407.5164,59562500
2024-01-19,409.7168,415.7557,409.1346,415.5978,70325100
2024-01-22,417.7982,419.1007,415.5385,416.1405,44880600
2024-01-23,416.8313,418.0845,414.9959,417.8674,33003800
2024-01-24,421.7748,424.1529,419.6928,420.1862,46948000
2024-01-25,422.6826,423.3536,418.3607,420.6993,44367200
2024-01-26,418.8146,420.5611,417.5417,418.193,37137000
2024-01-29,418.6469,422.6728,417.9956,422.4754,38694700
2024-01-30,421.4394,422.0117,418.7554,419.6632,36739000
2024-01-31,415.2722,417.2654,411.266,411.4436,64010600
2024-02-01,413.2395,416.7819,412.2725,416.2885,51008600
2024-02-02,418.1831,424.5377,417.1865,423.324,59602400
2024-02-05,423.3832,423.9161,419.3672,422.7715,39889200
2024-02-06,423.9161,424.518,419.5843,421.9229,35846100
2024-02-07,424.7055,427.0935,423.403,426.2646,37712700
2024-02-08,426.3829,427.8137,425.7021,427.0539,29889900
2024-02-09,428.1887,432.0469,427.3993,431.2574,36943900
2024-02-12,431.149,433.3198,428.8893,429.5702,33203300
2024-02-13,421.617,425.5541,419.6928,422.8701,64491700
2024-02-14,425.5443,427.9026,423.1958,427.4783,45092700
2024-02-15,428.169,429.2149,425.6133,428.7512,38796100
2024-02-16,429.1261,429.2248,424.1529,424.8634,53716500
2024-02-20,422.8701,424.3799,417.8871,421.6565,53999500
2024-02-21,418.9232,420.0579,416.0419,419.9691,49779000
2024-02-22,428.7314,433.3,427.9617,432.264,53887800
2024-02-23,433.823,434.7506,430.0142,430.9911,39853900
2024-02-26,431.8001,432.7869,430.5766,430.764,33043200
2024-02-27,431.8693,432.185,429.2642,431.8002,33713200
2024-02-28,429.6589,430.8825,428.5439,429.501,32938800
2024-02-29,432.4219,434.2572,429.2544,433.1816,42495200
2024-03-01,434.0697,440.6612,434.0105,439.704,43853000
2024-03-04,439.704,440.1283,437.8884,438.1351,34325700
2024-03-05,435.096,435.1059,427.9026,430.2708,57917100
2024-03-06,434.4841,436.132,431.0996,432.9744,46234500
2024-03-07,436.5563,440.7993,435.017,439.5461,44526700
2024-03-08,439.9014,442.6939,432.5304,433.2014,72096000
2024-03-11,431.7114,432.8462,429.6689,431.593,45860000
2024-03-12,433.902,438.1351,430.6753,437.7799,55300900
2024-03-13,436.7833,436.803,433.3,434.4151,37928700
2024-03-14,435.6485,436.1715,430.6062,433.3198,52195200
2024-03-15,430.2905,433.0534,427.0046,428.169,73069800
2024-03-18,433.4876,435.77,432.0154,432.2526,47323800
2024-03-19,430.2469,433.7347,428.1522,433.3296,43004100
2024-03-20,434.5251,438.8033,432.8256,438.4674,43653500
2024-03-21,443.5164,443.9709,440.3448,440.5424,39345700
2024-03-22,440.0286,442.143,439.1788,441.0463,28253900
2024-03-25,438.25,440.9277,437.2521,439.4456,27789200
2024-03-26,440.9672,441.8861,437.7955,438.0228,34142000
2024-03-27,441.1055,441.2043,436.6494,439.5147,41359200
2024-03-28,439.4653,440.3151,438.3488,438.7046,36839600
2024-04-01,439.6531,442.1825,437.7264,439.6333,38729000
2024-04-02,434.8215,436.1554,432.796,435.8392,44259700
2024-04-03,433.7149,438.6947,433.7051,436.8174,39949800
2024-04-04,440.9968,441.6094,429.9109,430.1381,57267700
2024-04-05,431.5609,437.8746,430.7507,435.2068,54744600
2024-04-08,436.1356,437.2126,433.952,435.3353,28144900
2024-04-09,437.6671,437.9438,432.2131,436.9459,39443600
2024-04-10,431.7783,433.9916,431.0669,433.132,61502200
2024-04-11,434.9994,440.9969,432.7269,440.0483,45474600
2024-04-12,435.8293,436.9557,431.6598,433.0331,53665000
2024-04-15,436.7779,436.8668,425.0695,425.9093,63453600
2024-04-16,425.7512,428.577,424.5656,425.9488,47619000
2024-04-17,427.9249,427.9447,419.8229,420.7516,56880500
2024-04-18,421.3939,423.123,417.7776,418.3507,46549400
2024-04-19,417.1749,417.6986,408.1343,409.6954,75231000
2024-04-22,412.3236,416.1474,408.9939,413.8156,47807700
2024-04-23,415.7423,421.1864,413.865,419.9909,44384700
2024-04-24,423.0835,424.5952,419.1313,421.4137,48440300
2024-04-25,414.2305,420.2379,413.1437,419.3783,57392200
2024-04-26,422.5104,427.3815,421.8188,425.85,41874900
2024-04-29,427.9546,428.577,424.8422,427.5791,30022200
2024-04-30,425.9982,427.3913,419.4375,419.5166,43665900
2024-05-01,418.0938,425.0003,415.6336,416.4833,52251700
2024-05-02,420.2181,422.6981,415.6039,421.799,36559000
2024-05-03,429.2489,431.2645,427.4506,430.2765,48515300
2024-05-06,432.0747,435.0784,431.304,434.9895,30227200
2024-05-07,435.4341,436.6889,434.3275,435.0587,30996100
2024-05-08,432.4404,436.2048,432.3218,434.8018,24896700
2024-05-09,435.0685,436.3233,433.2208,435.7502,24580100
2024-05-10,437.2522,439.001,435.2365,436.7779,27116600
2024-05-13,438.6848,438.7836,436.3727,437.7856,22994200
2024-05-14,437.3608,441.1351,437.1731,440.6016,34478300
2024-05-15,443.0717,447.7353,441.56,447.4883,41464700
2024-05-16,447.3006,449.257,446.4114,446.5793,34780400
2024-05-17,446.7078,447.3105,444.1685,446.362,35803700
2024-05-20,446.5794,450.1363,446.3916,449.4743,24474200
2024-05-21,447.6267,450.5414,447.4291,450.3537,23167700
2024-05-22,450.6105,451.3615,447.6661,450.2647,25120000
2024-05-23,455.0469,455.0765,446.4509,448.2392,40899200
2024-05-24,449.8498,453.7427,448.1503,452.478,29669500
2024-05-28,453.6933,454.2466,451.233,454.1873,26216800
2024-05-29,450.0375,452.7645,449.8991,450.986,29739200
2024-05-30,450.0572,450.1956,444.8304,446.1544,30536800
2024-05-31,446.3817,447.0734,437.7659,445.3245,55941300
2024-06-03,449.1384,450.1363,442.5481,447.7156,32997500
2024-06-04,447.4587,450.1363,445.7395,448.9407,23767400
2024-06-05,452.5076,458.0703,448.9803,457.9913,33817400
2024-06-06,458.6731,458.9893,456.6674,457.8333,21966800
2024-06-07,457.4676,460.1749,456.3215,457.4281,25829700
2024-06-10,456.3017,459.6314,456.0152,459.2757,20660800
2024-06-11,458.0012,462.5462,456.5092,462.4276,22053300
2024-06-12,466.3502,470.8063,465.6586,468.4844,34532600
2024-06-13,472.0117,472.6737,468.7512,471.0237,25859000
2024-06-14,470.8261,473.5334,470.3617,473.4642,23372600
2024-06-17,473.7309,481.0425,472.4267,479.264,37054500
2024-06-18,479.2146,480.094,477.6535,479.4122,24438600
2024-06-20,480.6079,481.0228,473.8891,475.717,33918700
2024-06-21,475.4403,476.7742,472.9504,474.4424,37456800
2024-06-24,473.2172,474.949,468.9025,469.041,37751000
2024-06-25,471.1291,474.7016,470.189,474.4048,29014700
2024-06-26,473.5833,475.9288,473.1677,475.3845,22737100
2024-06-27,475.1371,478.0862,474.3256,476.6116,26222100
2024-06-28,477.4033,482.1436,473.4943,474.1375,34881600
2024-07-01,475.058,477.4825,471.3172,476.9185,24898300
2024-07-02,475.4241,481.9852,475.2954,481.9259,26723600
2024-07-03,481.1738,486.0724,481.1738,485.9438,18064900
2024-07-05,486.785,491.4461,486.4881,491.0107,28495900
2024-07-08,491.3767,492.7325,490.3574,492.1783,22109400
2024-07-09,493.6925,494.8108,491.0898,492.6039,25614500
2024-07-10,494.5238,498.2942,493.2175,497.7401,28046900
2024-07-11,497.8489,498.0567,485.637,486.8245,49966600
2024-07-12,487.3985,494.4347,486.9334,489.6845,37109400
2024-07-15,491.4559,495.8102,488.9621,491.0007,31151400
2024-07-16,492.4554,493.2669,488.0318,491.1887,25950600
2024-07-17,483.2124,483.727,476.7007,476.7699,56268800
2024-07-18,480.4909,480.6691,471.327,474.5136,49347400
2024-07-19,474.1771,476.6908,469.0212,470.3077,42042900
2024-07-22,476.1663,478.3336,472.7521,477.3143,40300000
2024-07-23,476.4137,479.4023,475.1569,475.6319,23282500
2024-07-24,468.9025,469.2686,457.7099,458.5708,58818600
2024-07-25,458.9073,463.0835,450.9012,453.5138,59256800
2024-07-26,457.8484,461.0944,454.9983,458.1651,39992100
2024-07-29,460.8766,463.0538,456.8291,459.0854,28218500
2024-07-30,461.0152,461.7178,449.4366,452.7815,41317200
2024-07-31,463.0142,467.8832,461.5694,466.181,44552100
2024-08-01,466.8638,470.6145,451.2476,454.8894,56653900
2024-08-02,446.2105,448.8627,439.8571,444.0927,66323200
2024-08-05,420.3022,437.6997,419.0553,430.8515,87483500
2024-08-06,432.6922,442.4301,430.0499,434.9683,63164400
2024-08-07,441.8561,444.34,429.8619,430.2577,54929200
2024-08-08,436.4825,444.3302,432.6131,443.4197,47890100
2024-08-09,442.1035,447.3683,440.9853,445.7355,33574000
2024-08-12,446.7052,449.6543,443.8947,446.6953,27795000
2024-08-13,451.0893,458.0463,450.9507,457.7791,40084500
2024-08-14,458.6995,460.2829,453.6425,457.9276,34733700
2024-08-15,463.895,469.8921,463.5189,469.4962,38280600
2024-08-16,467.7149,471.4655,466.7549,470.0999,38383600
2024-08-19,470.2384,476.3147,468.4571,476.2751,23737700
2024-08-20,475.3647,477.9278,473.5833,475.2756,29209300
2024-08-21,476.0574,479.343,474.3454,477.4924,25658800
2024-08-22,479.8081,480.5009,468.8926,469.9218,37739600
2024-08-23,474.2662,477.7299,470.3473,475.0183,36061500
2024-08-26,474.474,475.3944,468.3285,470.4067,27452600
2024-08-27,468.7738,472.8808,466.8144,471.812,27510000
2024-08-28,471.3468,472.0692,463.034,466.4581,37372400
2024-08-29,468.368,472.9698,464.4986,465.7752,41081500
2024-08-30,470.1098,471.9505,465.6268,471.327,33466500
2024-09-03,468.2889,468.4175,454.642,457.0171,44985200
2024-09-04,453.9097,459.6297,452.9795,455.8296,32505100
2024-09-05,454.2066,460.5303,453.1873,456.2551,34452400
2024-09-06,455.5525,456.4333,443.5385,444.0333,50624400
2024-09-09,448.3579,450.733,445.1515,449.7433,32981200
2024-09-10,451.5049,454.4046,447.5366,453.8998,29680300
2024-09-11,455.1368,464.4986,446.5963,463.7564,57843000
2024-09-12,463.7862,469.1202,462.0049,468.3087,40067800
2024-09-13,467.5764,471.5843,467.3488,470.4067,29111800
2024-09-16,468.2791,468.9421,465.0133,468.3285,22585600
2024-09-17,471.3468,472.6432,466.082,468.5759,30084400
2024-09-18,469.7734,473.8605,465.9435,466.5472,39909200
2024-09-19,477.6012,481.1837,475.5032,478.3434,52782500
2024-09-20,477.4825,478.67,473.3359,477.433,34577700
2024-09-23,478.6093,479.7886,477.2715,478.6985,24843000
2024-09-24,480.1057,481.9589,475.8543,481.0076,25952600
2024-09-25,480.3832,483.4058,480.2048,481.4535,26549900
2024-09-26,488.9357,489.2627,481.4337,485.0707,32020200
2024-09-27,486.0915,486.2302,481.1959,482.3752,22851100
2024-09-30,481.4139,484.0202,478.5796,483.6833,30281100
2024-10-01,483.3166,483.6139,473.1092,476.9444,42735400
2024-10-02,476.0426,479.531,473.4264,477.6183,23744000
2024-10-03,475.4281,480.1949,474.6849,477.2615,25337200
2024-10-04,483.0689,483.495,478.0544,482.9401,30686600
2024-10-07,481.0274,482.1968,476.548,477.767,24975100
2024-10-08,480.3039,485.586,479.5012,484.9022,28272000
2024-10-09,484.6049,489.2924,483.5644,488.7176,24995000
2024-10-10,486.4383,490.0258,485.1302,488.1627,25750400
2024-10-11,486.3293,489.9465,485.7644,488.9257,20644500
2024-10-14,491.3141,494.3466,490.8087,493.0286,26060100
2024-10-15,493.3556,494.0196,484.2878,486.4384,34784500
2024-10-16,486.7654,487.2708,483.1878,486.4978,22996800
2024-10-17,491.9781,492.0276,486.7753,486.8347,27210700
2024-10-18,489.6195,491.1159,488.8663,490.0258,25335000
2024-10-21,488.8168,491.77,486.8942,490.9673,30336500
2024-10-22,488.3014,492.979,487.5482,491.5023,26685800
2024-10-23,489.1537,489.8077,480.6904,483.9707,39346600
2024-10-24,487.687,488.569,485.041,487.8951,22024900
2024-10-25,490.6897,495.7835,489.9861,490.8681,38762100
2024-10-28,493.9799,494.0394,490.6501,490.9474,20477800
2024-10-29,491.2646,496.844,489.4114,495.6647,28014100
2024-10-30,494.9016,495.853,491.4331,491.9186,29756000
2024-10-31,487.9546,488.0041,479.4021,479.5013,41245200
2024-11-01,481.1364,486.3392,480.8391,483.049,33655800
2024-11-04,482.4445,484.9815,479.8976,481.6418,23291600
2024-11-05,483.2274,488.4501,483.1383,487.7861,24353600
2024-11-06,496.0611,501.8585,495.1097,501.0359,43082200
2024-11-07,503.8305,509.7073,503.7711,508.9243,32853100
2024-11-08,508.4288,510.2919,507.8045,509.519,22924500
2024-11-11,510.7379,510.9461,506.3279,509.2217,24167500
2024-11-12,509.1524,510.0344,505.2478,508.3001,25835300
2024-11-13,507.7947,510.3514,505.3667,507.646,24567400
2024-11-14,507.3091,508.1811,503.2063,504.118,28679500
2024-11-15,498.4197,498.8062,490.0456,492.1069,51461100
2024-11-18,493.6529,497.6269,492.2655,495.5259,27080800
2024-11-19,492.9493,499.4206,492.6123,498.935,24523000
2024-11-20,498.6377,498.9548,492.097,498.6476,29565500
2024-11-21,501.69,502.4035,493.088,500.4413,34526700
2024-11-22,499.8864,501.9774,498.2611,501.244,23826600
2024-11-25,505.3171,506.8532,499.7278,502.0368,26375200
2024-11-26,503.5135,505.555,502.6711,504.7324,26557100
2024-11-27,503.6027,503.672,497.4187,500.7584,24957400
2024-11-29,501.3828,505.7531,500.7683,505.1585,15334000
2024-12-02,506.417,511.6199,506.0305,510.6585,25147200
2024-12-03,509.3307,512.5019,508.7559,512.2244,18597900
2024-12-04,515.6435,518.8147,514.9299,518.5571,26086200
2024-12-05,518.6066,519.33,516.7335,517.1201,18169600
2024-12-06,517.784,521.9859,517.6552,521.748,23762600
2024-12-09,520.8263,521.6191,516.5352,517.6848,20674400
2024-12-10,518.9138,520.658,514.4939,515.921,24350000
2024-12-11,520.2814,525.841,519.8751,525.1572,32168600
2024-12-12,522.9374,524.2059,521.2923,521.768,23577500
2024-12-13,525.6923,528.3779,522.5607,525.7617,28780400
2024-12-16,528.2888,534.3042,528.2095,533.333,31979900
2024-12-17,531.5393,532.6492,529.3293,530.9843,28579100
2024-12-18,530.3401,532.0546,510.3811,511.828,54703200
2024-12-19,516.5057,517.0705,509.2118,509.5487,46441800
2024-12-20,505.8523,520.103,504.7126,513.9984,60530000
2024-12-23,515.7106,519.3832,512.3159,519.006,29672800
2024-12-24,520.9515,526.1329,520.3163,526.0436,17558200
2024-12-26,524.4158,527.3142,522.4207,525.6863,19090500
2024-12-27,522.1229,522.5596,514.0331,518.6984,33839600
2024-12-30,511.7005,515.5221,508.0477,511.7998,34584000
2024-12-31,513.0802,513.8346,506.4893,507.4521,29117000
2025-01-02,510.4994,512.8221,501.9729,506.4595,36389800
2025-01-03,509.5564,515.8099,508.7425,514.7478,29059500
2025-01-06,520.1477,524.0188,518.1724,520.6638,36109700
2025-01-07,521.706,522.103,509.487,511.3729,36690300
2025-01-08,511.2737,513.1,506.797,511.4622,30777800
2025-01-10,507.7003,507.7995,500.1962,503.442,40532500
2025-01-13,497.4962,502.2806,496.0073,501.824,31694200
2025-01-14,504.9805,506.39,497.8834,501.3476,33737200
2025-01-15,509.2389,514.0232,507.6804,512.8817,34957600
2025-01-16,515.1448,515.2243,509.1594,509.2885,28229000
2025-01-17,518.9862,520.1973,509.3182,517.8845,51837900
2025-01-21,520.6042,522.0832,516.2169,520.9218,23628000
2025-01-22,525.6567,529.8753,525.349,527.5823,33593000
2025-01-23,525.1304,528.8229,524.5448,528.7038,23096600
2025-01-24,529.081,529.8453,524.247,525.7161,19878300
2025-01-27,507.2238,514.1622,506.3801,510.4101,60771700
2025-01-28,511.4126,519.1351,507.998,517.9539,33194200
2025-01-29,518.5992,518.7282,513.0803,516.9812,26649000
2025-01-30,519.8398,522.2121,514.3805,519.1847,27431300
2025-01-31,523.0261,527.5921,517.3385,518.4303,38755200
2025-02-03,509.6755,517.001,507.2734,514.2812,40580800
2025-02-04,514.7974,521.2295,514.4004,520.5942,26046800
2025-02-05,517.9639,523.1155,516.7727,522.9567,21134100
2025-02-06,523.4629,525.8948,521.8549,525.6863,19434500
2025-02-07,526.2224,528.1679,518.3311,519.0557,29605500
2025-02-10,523.3238,526.4406,522.8573,525.3389,20852800
2025-02-11,522.0733,526.004,521.9442,524.0883,19325500
2025-02-12,518.4403,525.2794,518.0929,524.3959,25009400
2025-02-13,526.0635,532.2574,525.2794,531.9398,28714800
2025-02-14,532.049,534.8581,531.7115,534.1732,17862600
2025-02-18,535.7415,536.0095,532.0787,535.3842,20565000
2025-02-19,534.5901,536.8135,532.4957,535.5331,19666900
2025-02-20,534.7489,535.1161,528.5252,533.2599,26550800
2025-02-21,534.4015,534.4213,521.8251,522.1924,47093800
2025-02-24,523.9791,525.1603,515.6908,516.0283,39268400
2025-02-25,515.4029,515.4823,505.6753,509.5266,48940000
2025-02-26,511.7202,515.8197,507.591,510.7574,34457600
2025-02-27,514.3011,515.2342,496.3547,496.5731,52448000
2025-02-28,496.4342,505.0202,493.2578,504.4148,47654000
2025-03-03,507.74,509.2487,489.9325,493.3769,44587200
2025-03-04,490.5281,500.0174,484.1357,491.888,67875400
2025-03-05,492.5332,499.9083,487.6297,498.3003,46323700
2025-03-06,490.0418,494.8956,482.6071,484.5923,57574300
2025-03-07,483.56,489.6347,476.979,488.1558,54714700
2025-03-10,479.8774,480.3935,465.1967,469.2366,76668000
2025-03-11,468.8594,475.2717,463.5589,468.115,68760800
2025-03-12,475.6191,477.5051,468.3036,473.3957,46971100
2025-03-13,472.7306,472.7604,462.9831,464.879,46563300
2025-03-14,470.2292,477.0088,469.6237,476.1154,43563000
2025-03-17,476.0657,482.2497,474.2691,479.2024,41744400
2025-03-18,475.8673,476.0658,468.919,471.0333,39072300
2025-03-19,473.2865,481.7435,471.3608,477.3363,40430300
2025-03-20,473.356,480.9693,472.6611,475.7184,36780500
2025-03-21,470.5766,478.051,469.4153,477.2867,42234900
2025-03-24,484.8576,488.6054,481.5374,487.7604,34567200
2025-03-25,488.4861,490.7029,487.5219,490.5439,26035200
2025-03-26,489.3907,490.2456,479.9667,481.5175,34627100
2025-03-27,479.5592,483.7045,477.412,478.7739,33469800
2025-03-28,476.9746,477.6803,465.284,466.1688,46363800
2025-03-31,459.1903,467.0833,454.6274,466.1489,53000300
2025-04-01,464.5384,470.8311,461.6755,469.9066,41156200
2025-04-02,463.3655,476.726,463.107,473.3362,49894500
2025-04-03,453.7427,457.3512,447.4799,447.9968,70456300
2025-04-04,435.5508,437.7676,420.1722,420.1722,117088400
2025-04-07,406.245,440.5213,400.0121,421.1862,161557000
2025-04-08,435.5707,440.5212,407.3683,413.6013,101248100
2025-04-09,413.1142,465.0653,412.975,463.2462,142876900
2025-04-10,450.8797,452.8977,430.0734,443.5433,108384100
2025-04-11,442.0223,453.0965,438.7219,451.7147,52483800
2025-04-14,461.7152,462.3017,449.9551,454.7765,43941200
2025-04-15,455.8302,459.6475,453.4543,455.2834,35404200
2025-04-16,446.3764,449.9452,435.173,441.5551,48980600
2025-04-17,444.5274,445.104,438.7517,441.4756,44837000
2025-04-21,435.6403,436.4852,425.4011,430.5505,44149300
2025-04-22,436.2268,444.935,435.0339,441.8534,52304400
2025-04-23,455.4624,460.6416,450.2037,451.8737,55801100
2025-04-24,453.7824,464.8963,453.1362,464.5882,45956100
2025-04-25,464.2104,470.2942,462.6398,469.7674,38697100
2025-04-28,470.2346,472.0041,463.276,469.6183,33550800
2025-04-29,467.3915,473.6046,466.8149,472.7198,30613100
2025-04-30,464.3695,474.38,459.6972,472.6602,46810600
2025-05-01,480.5533,484.301,477.899,478.8335,43316500
2025-05-02,483.6648,488.0089,481.9649,485.9412,39218100
2025-05-05,481.7362,486.14,481.2392,483.0583,28309500
2025-05-06,476.726,482.1836,475.3641,478.5651,32786300
2025-05-07,479.2311,482.9291,473.9624,480.4439,38006300
2025-05-08,485.643,489.7884,481.3088,485.4044,39577600
2025-05-09,487.313,488.6352,483.3267,485.0863,27767400
2025-05-12,503.9939,504.8886,498.5165,504.8488,45090600
2025-05-13,506.1511,514.3325,505.4155,512.5432,53269600
2025-05-14,513.7161,516.1615,512.7021,515.6148,47014500
2025-05-15,513.4675,518.8456,512.1255,516.1814,50153300
2025-05-16,517.5831,518.617,514.0442,518.4282,48394600
2025-05-19,511.2011,519.4421,511.2011,518.9252,52536200
2025-05-20,516.4001,517.8514,513.6067,517.1954,42517600
2025-05-21,513.219,519.9092,508.2187,510.0081,71292800
2025-05-22,510.6245,514.6506,509.2725,510.9625,55607200
2025-05-23,503.1887,508.8152,502.5922,506.2306,58368100
2025-05-27,513.0998,518.6269,511.549,518.1398,47226300
2025-05-28,519.0941,520.5852,515.3265,515.8434,46637200
2025-05-29,523.2196,523.3687,514.2629,516.8574,58513300
2025-05-30,516.3703,517.603,508.9047,516.0422,67662800
2025-06-02,514.1833,520.3566,512.9208,520.118,44762800
2025-06-03,520.4659,525.6153,519.6011,524.1838,44070300
2025-06-04,524.8897,526.7089,522.8617,525.6452,41359300
2025-06-05,527.0469,529.8999,519.5713,521.6887,61031200
2025-06-06,526.8679,528.6573,525.0885,526.7884,42467000
2025-06-09,527.0071,529.204,525.8838,527.5638,33688700
2025-06-10,528.031,531.739,525.7645,531.053,40664800
2025-06-11,532.4547,533.6079,526.9773,529.2637,53701000
2025-06-12,527.9515,531.4805,527.7029,530.5062,34104900
2025-06-13,524.5617,528.7269,522.6232,523.8459,55814400
2025-06-16,527.365,532.2062,527.3153,531.1326,37622100
2025-06-17,528.5678,530.1783,524.7902,525.9534,42180900
2025-06-18,526.9673,529.4028,524.2833,525.8638,43983500
2025-06-20,529.1146,530.4069,521.7782,523.7167,61643500
2025-06-23,524.2849,529.6192,521.1401,529.1017,50666100
2025-06-24,534.3166,538.1084,533.6996,537.1928,45442000
2025-06-25,539.4618,540.7058,536.7947,538.5661,44804200
2025-06-26,540.7457,544.0498,538.9245,543.6019,43811400
2025-06-27,544.6369,547.3537,541.9299,545.4629,57577100
2025-06-30,548.6177,550.1503,546.3785,548.9959,45548700
2025-07-01,547.095,548.0704,542.0493,544.3682,56166700
2025-07-02,543.5422,548.359,543.5024,548.16,36538300
2025-07-03,550.5285,554.5293,550.5285,553.554,26443500
2025-07-07,550.8669,551.683,546.9458,549.3841,45349300
2025-07-08,550.7276,551.3546,548.4585,549.6926,36153300
2025-07-09,551.8223,554.9573,550.4489,553.5839,43045500
2025-07-10,554.2208,554.6288,550.1006,552.7877,34710900
2025-07-11,550.6479,553.126,549.4039,551.5436,39618600
2025-07-14,551.3346,554.2804,548.9859,553.544,36453300
2025-07-15,557.5647,558.112,553.9919,554.0516,43277700
2025-07-16,554.6089,557.5248,548.9163,554.6188,52314700
2025-07-17,555.3453,559.6147,554.5392,559.1072,40423800
2025-07-18,560.4209,562.0232,557.2959,558.5698,50484700
2025-07-21,559.3959,563.3468,559.366,561.4659,39595200
2025-07-22,561.5952,561.645,555.9325,558.5599,43270600
2025-07-23,559.6446,561.1473,556.8978,561.1075,40215300
2025-07-24,562.4213,563.526,560.5901,562.3019,42275500
2025-07-25,562.2223,564.979,561.5655,563.6554,30630800
2025-07-28,565.0187,566.3125,564.1529,565.4168,31498700
2025-07-29,568.0243,569.3678,563.8146,564.5411,45463300
2025-07-30,565.4567,567.885,562.3417,565.2975,43433800
2025-07-31,571.7862,571.8758,561.1673,562.3019,64613600
2025-08-01,556.1514,556.3405,549.0357,551.2252,69400800
2025-08-04,556.3704,561.6152,556.2709,561.3962,47669800
2025-08-05,562.68,563.8444,557.0471,557.5845,48666600
2025-08-06,558.4205,565.0387,557.9428,564.6008,41823700
2025-08-07,568.9299,570.572,562.4013,566.5115,44463000
2025-08-08,567.7158,572.0151,567.4172,571.7961,35255500
2025-08-11,571.9354,574.0353,568.8304,570.1042,33112900
2025-08-12,572.4031,577.5683,569.746,577.2697,42143300
2025-08-13,579.9667,580.524,576.165,577.5583,41209300
2025-08-14,575.5083,579.091,575.14,577.1106,45425000
2025-08-15,577.0209,577.0608,572.8112,574.5728,49480200
2025-08-18,573.677,575.0007,572.4828,574.3438,29831000
2025-08-19,573.6273,573.7965,565.5263,566.5514,53752600
2025-08-20,565.606,565.7254,556.1615,563.1876,76781100
2025-08-21,561.645,563.7747,558.2911,560.5801,46436900
2025-08-22,561.9635,571.2388,560.5702,569.2285,51502100
2025-08-25,567.666,570.5421,566.4319,567.5864,34044700
2025-08-26,567.0988,570.1739,566.0737,569.8654,34103000
2025-08-27,568.8504,571.6568,567.6362,570.7412,36927100
2025-08-28,571.3582,575.2295,569.7161,574.314,46787900
2025-08-29,571.9055,572.2738,565.8149,567.666,56030400
2025-09-02,558.6196,563.2572,556.8581,562.9089,65876800
2025-09-03,566.5016,568.9598,564.0136,567.3376,54230200
2025-09-04,568.0044,572.8411,566.3026,572.4728,47526300
2025-09-05,577.7076,578.3346,568.7906,573.2988,68342500
2025-09-08,575.5978,578.056,575.0007,576.0954,46371400
2025-09-09,576.8916,578.1555,574.2742,577.7276,44007600
2025-09-10,580.942,580.9719,575.7769,577.9166,49308000
2025-09-11,580.4444,582.0765,578.8322,581.2804,44745800
2025-09-12,582.2357,585.0422,581.3002,583.848,50745900
2025-09-15,585.6195,588.9534,585.4702,588.8439,44360300
2025-09-16,589.7695,590.0183,587.6597,588.3464,36942100
2025-09-17,588.2668,588.9137,581.5691,587.1721,69384800
2025-09-18,592.0584,595.273,590.1178,592.4665,61069300
2025-09-19,594.4669,597.1738,592.9939,596.4772,58196100
2025-09-22,595.5646,600.6759,595.5446,600.0084,57154800
2025-09-23,600.1778,600.377,594.8074,596.0229,64635500
2025-09-24,597.3979,597.7168,591.2005,593.9305,49850300
2025-09-25,590.0448,592.9541,586.3582,591.3699,70920200
2025-09-26,592.1869,594.1298,588.9089,593.801,54337400
2025-09-29,596.9296,599.8589,595.2358,596.551,48332900
2025-09-30,596.2521,598.5238,593.9305,598.185,46533800
2025-10-01,594.9966,601.5925,594.1697,601.0545,46899600
2025-10-02,604.8507,604.9503,600.7357,603.5255,43765400
2025-10-03,604.3027,605.1197,599.2013,600.9848,46482100
2025-10-06,606.2356,607.1422,603.7646,605.4983,41962100
2025-10-07,606.8036,607.4911,600.8354,602.31,58209500
2025-10-08,603.2066,609.5236,603.0572,609.2147,50629800
2025-10-09,609.2545,609.3841,605.2691,608.4774,45551000
2025-10-10,609.1749,610.9484,586.9062,587.3546,97614800
2025-10-13,597.4975,600.7556,595.0564,599.819,65872600
2025-10-14,593.1435,600.4966,587.9823,595.8237,69203200
2025-10-15,601.8118,604.492,593.7612,600.0283,62805500
2025-10-16,602.9078,606.0961,593.3327,597.8064,70982000
2025-10-17,595.7738,603.3063,594.1996,601.7321,72024900
2025-10-20,604.9303,610.5697,604.8606,609.3143,45761700
2025-10-21,609.414,610.4901,607.1025,609.155,44538200
2025-10-22,608.597,609.1848,597.5573,603.2864,61478800
2025-10-23,602.7085,609.145,602.32,608.3579,42844300
2025-10-24,613.7482,616.1693,612.8913,614.8541,47632500
2025-10-27,622.2472,626.2625,621.759,625.8042,54098600
2025-10-28,628.0658,632.3701,626.9599,630.6165,61195700
2025-10-29,633.2769,634.6917,627.9563,633.4562,67422800
2025-10-30,629.8693,631.1945,623.662,623.7716,61628600
2025-10-31,631.862,631.8919,624.4092,626.7806,66305100
2025-11-03,632.7985,633.5059,627.5576,629.7795,37154300
2025-11-04,621.0117,624.6683,616.2092,616.9963,63830800
2025-11-05,616.2391,624.3196,614.9638,621.0117,48688500
2025-11-06,619.5271,619.7762,608.0789,609.4439,72115100
2025-11-07,606.0961,607.7301,596.4912,607.5209,81835400
2025-11-10,616.6675,622.0379,614.6449,620.9618,55919900
2025-11-11,618.3115,620.4536,615.2726,619.3079,44868800
2025-11-12,622.566,622.5859,615.5615,618.8196,47444400
2025-11-13,615.2925,615.8704,603.8743,606.1859,71333600
2025-11-14,597.368,611.1178,594.9966,606.6441,80087300
2025-11-17,604.0934,610.2509,597.6868,601.463,63850400
2025-11-18,597.4378,600.118,589.1879,594.1398,83327300
2025-11-19,594.897,603.9539,592.4261,597.6868,73111500
2025-11-20,609.3941,611.7953,582.6219,583.5385,117743200
2025-11-21,585.3319,594.8073,578.6264,587.9225,103344200
2025-11-24,593.1136,604.4721,592.994,602.9576,60168100
2025-11-25,601.3136,608.039,595.1461,606.674,57560900
2025-11-26,610.2808,613.9474,608.1685,612.0344,42393600
2025-11-28,613.8678,617.0661,613.1803,616.9963,23034400
2025-12-01,611.3967,617.1856,610.2908,614.9238,40957600
2025-12-02,617.2056,621.48,615.3424,619.7363,54541800
2025-12-03,617.365,621.9482,615.7808,621.2508,47841600
2025-12-04,622.6557,622.6656,617.2853,620.6729,47067800
2025-12-05,622.1076,626.6311,621.4401,623.2036,53614200
2025-12-08,624.9274,626.5515,619.4275,622.0081,43462400
2025-12-09,620.7427,623.5922,618.74,622.7752,37156000
2025-12-10,621.5795,626.9201,618.73,625.3259,55031400
2025-12-11,621.5497,623.5026,615.4718,623.3033,58272800
2025-12-12,619.816,621.2707,609.135,611.3868,75158700
2025-12-15,616.1195,616.1693,607.1025,608.318,49538200
2025-12-16,606.0463,611.2772,604.7012,609.5236,55152800
2025-12-17,610.8288,611.4167,598.0953,598.2248,70654300
2025-12-18,607.5807,610.6993,604.7112,606.8932,78875800
2025-12-19,609.7228,615.3722,609.6431,614.8043,60369800
2025-12-22,619.8863,620.1856,616.3147,617.7513,43703100
2025-12-23,616.7437,620.9438,616.3247,620.6445,41120400
2025-12-24,620.5248,622.8094,620.2554,622.4602,18468700
2025-12-26,623.1885,624.0465,621.6721,622.4203,28959800
2025-12-29,618.6392,621.3129,617.2724,619.4074,32458300
2025-12-30,618.3798,620.7143,617.7612,617.9708,31226800
2025-12-31,618.1903,618.4996,612.6035,612.8629,40746500
2026-01-02,618.5993,621.3827,608.7127,611.6757,61859200
2026-01-05,617.8611,619.3475,615.2672,616.5342,46828400
2026-01-06,617.7713,622.55,617.0829,621.9514,43137500
2026-01-07,621.5723,626.4608,621.0935,622.55,44880300
2026-01-08,621.5624,621.9514,616.3447,619.0084,50435900
2026-01-09,619.9461,626.4109,617.6017,625.1738,49688700
2026-01-12,620.844,627.3686,620.7942,625.6926,37388700
2026-01-13,625.7924,627.9871,622.2308,624.7648,44481400
2026-01-14,620.7742,621.9814,613.1123,618.0905,72598700
2026-01-15,625.1239,628.5159,619.2877,620.3153,53934900
2026-01-16,624.0265,624.6052,617.4221,619.7965,61058100
2026-01-20,609.0918,613.6111,605.62,606.6276,81988900
2026-01-21,608.0342,618.9584,606.428,614.8282,79837900
2026-01-22,620.8839,620.9937,616.3247,619.2977,42254800
2026-01-23,618.2701,623.9268,617.1927,621.2531,43645800
2026-01-26,621.7419,626.1315,620.6545,623.9866,35983000
2026-01-27,627.4284,630.5511,625.8622,629.6432,38997200
2026-01-28,633.963,635.1003,630.3216,631.7283,50691700
2026-01-29,631.1597,632.1772,616.8135,627.9472,79944000
2026-01-30,624.236,626.78,617.8411,620.405,65650700
2026-02-02,617.2426,627.0095,617.2026,624.665,49020300
2026-02-03,626.8199,628.4959,609.5208,615.0677,81234000
2026-02-04,613.5712,613.6509,599.0554,604.323,81850700
2026-02-05,598.7961,603.3852,593.3589,595.6236,89354500
2026-02-06,598.7761,609.9697,597.3595,608.2139,78019300
2026-02-09,606.1088,615.0078,603.6447,612.8729,56797600
2026-02-10,613.8605,615.5665,609.5707,610.0295,53938900
2026-02-11,614.928,616.0654,606.2585,611.6657,58575100
2026-02-12,613.262,614.3593,598.1576,599.2251,81378900
2026-02-13,599.0155,605.0513,595.015,600.502,69237500
2026-02-17,596.9704,602.5273,591.9423,599.8835,69013800
2026-02-18,600.6917,608.3336,599.3049,604.363,64250700
2026-02-19,601.3899,604.3928,599.3348,602.0483,60960800
2026-02-20,598.7063,608.9121,597.8183,607.3758,74127300
2026-02-23,605.181,606.5777,597.6388,599.9932,63859100
2026-02-24,600.981,607.5554,598.3172,606.438,55023700
2026-02-25,609.6305,615.377,609.5607,615.2273,55710700
2026-02-26,614.1399,614.1399,602.5572,607.8048,96178900
2026-02-27,601.5596,606.887,600.7715,605.8594,68125200
2026-03-02,597.4492,608.4832,596.5813,606.6575,75264600
2026-03-03,594.9252,602.5372,590.4757,600.1628,97015500
2026-03-04,602.7367,611.4362,602.0085,609.3112,70943900
2026-03-05,605.9692,611.3166,600.8413,607.4756,89602400
2026-03-06,598.8958,604.5724,596.9205,598.3372,86302300
2026-03-09,592.8302,607.8348,589.937,606.3283,93068200
2026-03-10,606.3483,611.8453,603.9938,606.3383,64078900
2026-03-11,607.5155,610.9872,603.6047,606.2584,60114800
2026-03-12,601.3401,602.7168,595.6435,595.853,71836600
2026-03-13,598.3172,602.1781,591.1741,592.3214,63145500
2026-03-16,598.6265,602.4375,597.6987,598.9657,49077200
2026-03-17,601.7192,604.4727,600.4522,601.8888,47106600
2026-03-18,600.0731,601.7391,593.1594,593.4987,56128000
2026-03-19,588.1213,594.3965,585.697,591.623,75597600
2026-03-20,589.6676,589.7774,577.1771,580.6888,91964700
2026-03-23,589.8718,594.4268,585.3168,587.3546,89936100
2026-03-24,584.168,587.2846,581.2912,583.3389,57750900
2026-03-25,588.4933,590.7208,585.0471,587.1747,60475500
2026-03-26,581.9604,583.9882,572.8005,573.1601,81492100
2026-03-27,570.1834,570.3932,560.9536,561.9625,82702200
2026-03-30,566.7572,567.4264,554.9901,557.6672,70602600
2026-03-31,563.6705,578.0048,563.5907,576.5464,95878000
2026-04-01,580.8417,587.0948,579.7828,583.6686,79435100
2026-04-02,573.3399,585.4067,571.2922,584.3378,50941700
2026-04-06,585.5865,589.9617,584.0482,587.854,35108500
2026-04-07,584.9971,588.3334,577.7651,587.9439,49948200
2026-04-08,608.0418,609.2305,601.459,605.4247,63086000
2026-04-09,605.2649,609.8299,602.3681,609.5202,37837500
2026-04-10,611.1684,612.9964,608.9109,610.3992,34038500
2026-04-13,608.8109,626.052,607.4424,616.7123,32972100
2026-04-14,619.5391,627.9099,619.4192,627.9099,49921100
2026-04-15,628.3894,637.1298,627.5104,636.7003,50102400
2026-04-16,638.5083,641.4751,634.5627,639.7669,42320600
2026-04-17,644.8813,649.2865,643.363,648.1377,53488900
2026-04-20,647.3286,648.0478,641.8147,646.08,37138500
2026-04-21,647.6982,649.4862,641.505,643.6227,39580500
2026-04-22,649.4364,654.6107,647.8081,654.3909,37368400
2026-04-23,652.8326,656.1989,644.8114,650.7049,40099800
2026-04-24,657.7871,663.7806,655.8093,663.1512,45563100
2026-04-27,662.6718,663.7006,659.9648,663.5009,32717000
2026-04-28,656.6883,658.9159,653.0923,656.8282,34147900
2026-04-29,657.907,660.9935,655.8692,660.8438,31724900
2026-04-30,664.6196,668.1657,656.8381,667.007,40622200
2026-05-01,668.4254,675.2279,668.0658,673.41,39172600
2026-05-04,673.9194,675.9871,668.1657,672.1414,34542000
2026-05-05,677.2158,682.0205,676.7663,680.8618,37101100
2026-05-06,687.025,695.166,685.7264,695.0062,38778500
2026-05-07,695.8153,700.4702,691.0106,694.1771,43779100
2026-05-08,699.1516,710.4492,698.7321,710.4492,44320400
2026-05-11,709.5802,713.8056,708.1318,712.507,36019100
2026-05-12,707.4425,709.4004,695.8753,706.4636,45873000
2026-05-13,709.1807,715.8633,704.0563,713.9255,40012500
2026-05-14,713.8355,721.2374,713.4359,718.9998,33327500
2026-05-15,709.3605,714.345,704.7755,708.1518,51792700
2026-05-18,710.7589,711.2883,698.0828,705.1051,49834500
2026-05-19,699.0418,705.7145,694.4868,700.7599,46827500
2026-05-20,704.5158,712.3672,703.0174,712.3672,36779200
2026-05-21,708.2117,716.3328,705.9942,713.7256,36415400
2026-05-22,717.2818,721.3273,715.1641,716.7523,33118600
2026-05-26,725.1631,730.3674,723.3651,729.4784,34254700
2026-05-27,732.1554,732.515,724.6437,728.6493,35148700
2026-05-28,728.9289,735.7914,725.6126,734.7925,32840000
2026-05-29,737.0301,740.8159,734.4429,737.4995,37541700
2026-06-01,736.2309,744.8315,735.1821,741.9247,33890600
2026-06-02,741.5851,745.6206,738.4185,745.3409,30085200
2026-06-03,746.4896,747.8282,740.1966,743.3931,40270200
2026-06-04,734.6726,742.6838,731.8158,739.797,40782600
2026-06-05,729.2586,730.8868,703.5468,704.286,99606600
2026-06-08,717.022,722.2363,712.2872,715.2839,47401500
2026-06-09,722.1863,724.8634,685.6165,707.053,91932200
2026-06-10,700.8897,710.4992,692.1694,692.9285,65334300
2026-06-11,698.5223,717.5814,694.2371,716.3328,71798900
2026-06-12,716.8222,723.2152,710.4992,720.5482,51168400
2026-06-15,737.2897,743.9425,736.5706,743.1833,46710200
2026-06-16,741.4352,743.403,728.839,729.0588,45348700
2026-06-17,734.3829,734.8724,720.0586,721.7169,51669300
2026-06-18,736.3908,741.0057,731.7059,739.807,50154600
2026-06-22,742.02,745.45,734.39,737.95,43518600
2026-06-23,715.74,723.61,712.11,713.65,53354200
2026-06-24,715.37,719.93,704.45,710.62,52480400
2026-06-25,725.9,726.83,705.3,716.38,49668000
2026-06-26,707.13,715.56,702.81,706.52,47081800
2026-06-29,713.99,724.58,705.17,724.08,44939100
2026-06-30,724.18,737.62,723.91,736.4,42121800
2026-07-01,729.19,731.92,724.6,725.17,40803800
2026-07-02,725.58,730.83,707.56,712.6,50959800
2026-07-06,719.93,726.08,718.45,722.82,30220400
2026-07-07,714.17,716.35,704.9,709.43,42483100
2026-07-08,704.95,712.26,700.91,711.44,35603200
2026-07-09,718.33,724.23,715.13,723.28,33654700
2026-07-10,720.7,726.39,717.0,725.51,26415900
2026-07-13,717.72,718.74,710.08,711.74,36552400
2026-07-14,720.22,722.29,714.34,719.69,29448100
2026-07-15,723.85,724.36,710.23,717.74,32627600
2026-07-16,712.01,713.6,702.61,705.94,39402000
2026-07-17,691.65,702.3,686.76,695.33,54109300
2026-07-20,702.16,705.8,695.51,696.06,29687600
2026-07-21,706.57,710.05,702.8,708.97,33728300
2026-07-22,703.62,709.65,703.62,705.35,23692200
2026-07-23,694.67,698.66,687.79,691.96,44028600
2026-07-24,690.41,692.63,682.48,684.23,42876700
2026-07-27,691.68,692.3,675.95,682.12,42681500
2026-07-28,676.23,679.4,667.88,675.49,51398700
2026-07-29,675.51,680.05,661.14,661.73,57233300
2026-07-30,674.76,685.12,673.3,683.55,66753700
2026-07-31,692.11,695.77,680.05,687.99,50540500
2026-08-03,688.3,701.59,685.82,700.07,44965100
2026-08-04,708.16,725.66,707.53,723.85,59778600
2026-08-05,726.25,728.54,716.92,717.3,33540200
2026-08-06,710.82,719.32,708.5,714.65,33035900
2026-08-07,720.15,723.63,716.51,723.03,31070400
2026-08-10,722.39,724.67,720.33,720.87,26243200
2026-08-11,723.29,723.35,715.5,718.45,29286100
2026-08-12,727.08,727.25,722.92,723.7,29066000
2026-08-13,725.15,733.96,724.03,732.07,31599700
2026-08-14,733.41,734.39,728.32,731.07,23790600
2026-08-17,732.95,734.58,729.27,729.87,26452600
2026-08-18,720.21,722.13,715.92,717.51,48997200
2026-08-19,720.39,721.5,712.61,716.08,35801700
2026-08-20,712.09,714.94,708.52,710.93,33396400
2026-08-21,715.23,715.67,709.2,713.44,33399400
2026-08-24,709.66,709.79,702.7,706.32,37443100
2026-08-25,711.22,714.04,707.45,710.72,23869600
2026-08-26,708.41,713.02,707.97,711.37,20392400
2026-08-27,716.93,721.35,714.53,721.11,28723500
2026-08-28,719.74,724.13,715.09,716.43,34105400
2026-08-31,715.17,717.58,713.16,716.76,32237200
2026-09-01,707.39,712.3,704.66,707.64,35236100
2026-09-02,707.1,709.8,705.1,709.24,23476200
2026-09-03,710.85,718.92,709.69,717.67,29449800
2026-09-04,719.35,721.86,716.56,718.96,32871100
2026-09-08,720.91,721.89,715.57,718.36,28341400
2026-09-09,716.4,719.7,714.02,716.31,26763400
2026-09-10,707.55,712.06,706.86,708.69,31414400
2026-09-11,715.68,717.63,713.63,714.88,26649100
2026-09-14,703.33,712.95,702.74,709.18,35219000
2026-09-15,708.8,709.53,703.64,704.54,26631700
2026-09-16,708.0,711.88,700.0,704.72,35688000
2026-09-17,715.95,718.04,713.32,716.92,37270300
2026-09-18,718.83,721.73,715.08,721.45,48277100
2026-09-21,727.95,735.8611,727.82,735.145,14598051
