Date,capital_100,fijo_10k,riesgo_1pct_atr,riesgo_2pct_atr,apalancado_x2
1999-12-21,1.0,1.0,1.0,1.0,1.0
1999-12-22,1.0,1.0,1.0,1.0,1.0
1999-12-23,1.0,1.0,1.0,1.0,1.0
1999-12-27,1.0,1.0,1.0,1.0,1.0
1999-12-28,1.0,1.0,1.0,1.0,1.0
1999-12-29,1.0,1.0,1.0,1.0,1.0
1999-12-30,1.0,1.0,1.0,1.0,1.0
1999-12-31,1.0,1.0,1.0,1.0,1.0
2000-01-03,1.0,1.0,1.0,1.0,1.0
2000-01-04,1.0,1.0,1.0,1.0,1.0
2000-01-05,1.0,1.0,1.0,1.0,1.0
2000-01-06,0.92148,0.92148,0.9886,0.97721,0.84296
2000-01-07,1.03545,1.04517,1.00635,1.01229,1.05149
2000-01-10,1.06422,1.07294,1.01041,1.02045,1.1099
2000-01-11,1.05506,1.06434,1.00915,1.01791,1.0908
2000-01-12,1.05506,1.06434,1.00915,1.01791,1.0908
2000-01-13,1.05506,1.06434,1.00915,1.01791,1.0908
2000-01-14,1.05506,1.06434,1.00915,1.01791,1.0908
2000-01-18,1.05506,1.06434,1.00915,1.01791,1.0908
2000-01-19,1.05506,1.06434,1.00915,1.01791,1.0908
2000-01-20,1.05506,1.06434,1.00915,1.01791,1.0908
2000-01-21,1.05506,1.06434,1.00915,1.01791,1.0908
2000-01-24,1.05506,1.06434,1.00915,1.01791,1.0908
2000-01-25,1.05506,1.06434,1.00915,1.01791,1.0908
2000-01-26,1.05506,1.06434,1.00915,1.01791,1.0908
2000-01-27,1.05506,1.06434,1.00915,1.01791,1.0908
2000-01-28,1.05506,1.06434,1.00915,1.01791,1.0908
2000-01-31,1.10135,1.10821,1.01376,1.02722,1.18652
2000-02-01,1.1309,1.13504,1.0166,1.03297,1.25018
2000-02-02,1.13225,1.13624,1.01673,1.03323,1.25317
2000-02-03,1.13225,1.13624,1.01673,1.03323,1.25317
2000-02-04,1.13225,1.13624,1.01673,1.03323,1.25317
2000-02-07,1.13225,1.13624,1.01673,1.03323,1.25317
2000-02-08,1.13225,1.13624,1.01673,1.03323,1.25317
2000-02-09,1.13225,1.13624,1.01673,1.03323,1.25317
2000-02-10,1.13225,1.13624,1.01673,1.03323,1.25317
2000-02-11,1.13225,1.13624,1.01673,1.03323,1.25317
2000-02-14,1.13225,1.13624,1.01673,1.03323,1.25317
2000-02-15,1.13225,1.13624,1.01673,1.03323,1.25317
2000-02-16,1.13225,1.13624,1.01673,1.03323,1.25317
2000-02-17,1.13225,1.13624,1.01673,1.03323,1.25317
2000-02-18,1.13225,1.13624,1.01673,1.03323,1.25317
2000-02-22,1.13225,1.13624,1.01673,1.03323,1.25317
2000-02-23,1.13225,1.13624,1.01673,1.03323,1.25317
2000-02-24,1.13225,1.13624,1.01673,1.03323,1.25317
2000-02-25,1.13225,1.13624,1.01673,1.03323,1.25317
2000-02-28,1.13225,1.13624,1.01673,1.03323,1.25317
2000-02-29,1.13225,1.13624,1.01673,1.03323,1.25317
2000-03-01,1.13225,1.13624,1.01673,1.03323,1.25317
2000-03-02,1.13225,1.13624,1.01673,1.03323,1.25317
2000-03-03,1.13225,1.13624,1.01673,1.03323,1.25317
2000-03-06,1.13225,1.13624,1.01673,1.03323,1.25317
2000-03-07,1.13225,1.13624,1.01673,1.03323,1.25317
2000-03-08,1.13225,1.13624,1.01673,1.03323,1.25317
2000-03-09,1.13225,1.13624,1.01673,1.03323,1.25317
2000-03-10,1.13225,1.13624,1.01673,1.03323,1.25317
2000-03-13,1.13225,1.13624,1.01673,1.03323,1.25317
2000-03-14,1.13225,1.13624,1.01673,1.03323,1.25317
2000-03-15,1.09317,1.10172,1.01262,1.02488,1.16666
2000-03-16,1.15559,1.15883,1.01939,1.03857,1.29991
2000-03-17,1.17751,1.17779,1.02165,1.04318,1.34921
2000-03-20,1.17891,1.17898,1.02179,1.04347,1.35243
2000-03-21,1.17891,1.17898,1.02179,1.04347,1.35243
2000-03-22,1.17891,1.17898,1.02179,1.04347,1.35243
2000-03-23,1.17891,1.17898,1.02179,1.04347,1.35243
2000-03-24,1.17891,1.17898,1.02179,1.04347,1.35243
2000-03-27,1.17891,1.17898,1.02179,1.04347,1.35243
2000-03-28,1.17891,1.17898,1.02179,1.04347,1.35243
2000-03-29,1.17891,1.17898,1.02179,1.04347,1.35243
2000-03-30,1.17832,1.17848,1.02173,1.04336,1.35108
2000-03-31,1.20304,1.19946,1.0241,1.04819,1.40776
2000-04-03,1.13094,1.13953,1.01732,1.03432,1.23903
2000-04-04,1.11996,1.12982,1.01623,1.0321,1.21496
2000-04-05,1.10004,1.11204,1.01423,1.02804,1.17175
2000-04-06,1.12614,1.13576,1.01689,1.03343,1.22734
2000-04-07,1.14342,1.1511,1.01861,1.03693,1.26501
2000-04-10,1.14342,1.1511,1.01861,1.03693,1.26501
2000-04-11,1.14342,1.1511,1.01861,1.03693,1.26501
2000-04-12,1.14342,1.1511,1.01861,1.03693,1.26501
2000-04-13,1.08359,1.09878,1.01477,1.0291,1.13262
2000-04-14,0.9897,1.01213,1.00843,1.01624,0.93634
2000-04-17,1.1036,1.12721,1.0168,1.03311,1.15186
2000-04-18,1.13284,1.15371,1.01874,1.03706,1.21291
2000-04-19,1.13843,1.15864,1.01911,1.0378,1.22487
2000-04-20,1.13843,1.15864,1.01911,1.0378,1.22487
2000-04-24,1.13843,1.15864,1.01911,1.0378,1.22487
2000-04-25,1.13843,1.15864,1.01911,1.0378,1.22487
2000-04-26,1.13843,1.15864,1.01911,1.0378,1.22487
2000-04-27,1.13843,1.15864,1.01911,1.0378,1.22487
2000-04-28,1.13843,1.15864,1.01911,1.0378,1.22487
2000-05-01,1.13843,1.15864,1.01911,1.0378,1.22487
2000-05-02,1.13843,1.15864,1.01911,1.0378,1.22487
2000-05-03,1.13843,1.15864,1.01911,1.0378,1.22487
2000-05-04,1.13843,1.15864,1.01911,1.0378,1.22487
2000-05-05,1.13843,1.15864,1.01911,1.0378,1.22487
2000-05-08,1.13843,1.15864,1.01911,1.0378,1.22487
2000-05-09,1.13843,1.15864,1.01911,1.0378,1.22487
2000-05-10,1.07549,1.10336,1.0149,1.02923,1.08943
2000-05-11,1.14123,1.16449,1.01953,1.03863,1.22262
2000-05-12,1.14123,1.16449,1.01953,1.03863,1.22262
2000-05-15,1.19096,1.20806,1.02285,1.04539,1.32917
2000-05-16,1.22467,1.23637,1.02501,1.04981,1.40442
2000-05-17,1.203,1.21867,1.02366,1.04704,1.35472
2000-05-18,1.203,1.21867,1.02366,1.04704,1.35472
2000-05-19,1.203,1.21867,1.02366,1.04704,1.35472
2000-05-22,1.203,1.21867,1.02366,1.04704,1.35472
2000-05-23,1.203,1.21867,1.02366,1.04704,1.35472
2000-05-24,1.203,1.21867,1.02366,1.04704,1.35472
2000-05-25,1.203,1.21867,1.02366,1.04704,1.35472
2000-05-26,1.203,1.21867,1.02366,1.04704,1.35472
2000-05-30,1.203,1.21867,1.02366,1.04704,1.35472
2000-05-31,1.203,1.21867,1.02366,1.04704,1.35472
2000-06-01,1.203,1.21867,1.02366,1.04704,1.35472
2000-06-02,1.203,1.21867,1.02366,1.04704,1.35472
2000-06-05,1.203,1.21867,1.02366,1.04704,1.35472
2000-06-06,1.203,1.21867,1.02366,1.04704,1.35472
2000-06-07,1.203,1.21867,1.02366,1.04704,1.35472
2000-06-08,1.203,1.21867,1.02366,1.04704,1.35472
2000-06-09,1.203,1.21867,1.02366,1.04704,1.35472
2000-06-12,1.203,1.21867,1.02366,1.04704,1.35472
2000-06-13,1.203,1.21867,1.02366,1.04704,1.35472
2000-06-14,1.203,1.21867,1.02366,1.04704,1.35472
2000-06-15,1.203,1.21867,1.02366,1.04704,1.35472
2000-06-16,1.203,1.21867,1.02366,1.04704,1.35472
2000-06-19,1.203,1.21867,1.02366,1.04704,1.35472
2000-06-20,1.203,1.21867,1.02366,1.04704,1.35472
2000-06-21,1.203,1.21867,1.02366,1.04704,1.35472
2000-06-22,1.203,1.21867,1.02366,1.04704,1.35472
2000-06-23,1.203,1.21867,1.02366,1.04704,1.35472
2000-06-26,1.21451,1.22824,1.02469,1.04915,1.38064
2000-06-27,1.19998,1.21627,1.0234,1.0465,1.3476
2000-06-28,1.21451,1.22839,1.0247,1.04917,1.38024
2000-06-29,1.18403,1.20329,1.022,1.04363,1.31096
2000-06-30,1.20724,1.22289,1.0241,1.04794,1.36237
2000-07-03,1.23066,1.24229,1.0262,1.05221,1.41522
2000-07-05,1.20906,1.22474,1.0243,1.04833,1.36554
2000-07-06,1.20906,1.22474,1.0243,1.04833,1.36554
2000-07-07,1.20906,1.22474,1.0243,1.04833,1.36554
2000-07-10,1.20906,1.22474,1.0243,1.04833,1.36554
2000-07-11,1.20906,1.22474,1.0243,1.04833,1.36554
2000-07-12,1.20906,1.22474,1.0243,1.04833,1.36554
2000-07-13,1.20906,1.22474,1.0243,1.04833,1.36554
2000-07-14,1.20906,1.22474,1.0243,1.04833,1.36554
2000-07-17,1.20906,1.22474,1.0243,1.04833,1.36554
2000-07-18,1.20906,1.22474,1.0243,1.04833,1.36554
2000-07-19,1.20906,1.22474,1.0243,1.04833,1.36554
2000-07-20,1.20906,1.22474,1.0243,1.04833,1.36554
2000-07-21,1.20906,1.22474,1.0243,1.04833,1.36554
2000-07-24,1.20906,1.22474,1.0243,1.04833,1.36554
2000-07-25,1.20906,1.22474,1.0243,1.04833,1.36554
2000-07-26,1.20906,1.22474,1.0243,1.04833,1.36554
2000-07-27,1.20906,1.22474,1.0243,1.04833,1.36554
2000-07-28,1.13882,1.16664,1.01642,1.03221,1.20687
2000-07-31,1.17241,1.19614,1.02039,1.04027,1.27807
2000-08-01,1.15684,1.18286,1.0186,1.03661,1.24413
2000-08-02,1.13636,1.16516,1.01621,1.03175,1.20007
2000-08-03,1.18552,1.20841,1.02203,1.04357,1.3039
2000-08-04,1.18142,1.20496,1.02156,1.04261,1.29489
2000-08-07,1.20928,1.22854,1.02475,1.04912,1.35595
2000-08-08,1.23386,1.24886,1.02751,1.05476,1.41107
2000-08-09,1.22751,1.24372,1.02681,1.05332,1.39655
2000-08-10,1.22751,1.24372,1.02681,1.05332,1.39655
2000-08-11,1.22751,1.24372,1.02681,1.05332,1.39655
2000-08-14,1.22751,1.24372,1.02681,1.05332,1.39655
2000-08-15,1.22751,1.24372,1.02681,1.05332,1.39655
2000-08-16,1.22751,1.24372,1.02681,1.05332,1.39655
2000-08-17,1.22751,1.24372,1.02681,1.05332,1.39655
2000-08-18,1.22751,1.24372,1.02681,1.05332,1.39655
2000-08-21,1.22751,1.24372,1.02681,1.05332,1.39655
2000-08-22,1.22751,1.24372,1.02681,1.05332,1.39655
2000-08-23,1.22751,1.24372,1.02681,1.05332,1.39655
2000-08-24,1.22751,1.24372,1.02681,1.05332,1.39655
2000-08-25,1.22751,1.24372,1.02681,1.05332,1.39655
2000-08-28,1.22751,1.24372,1.02681,1.05332,1.39655
2000-08-29,1.22751,1.24372,1.02681,1.05332,1.39655
2000-08-30,1.22751,1.24372,1.02681,1.05332,1.39655
2000-08-31,1.22751,1.24372,1.02681,1.05332,1.39655
2000-09-01,1.22751,1.24372,1.02681,1.05332,1.39655
2000-09-05,1.22751,1.24372,1.02681,1.05332,1.39655
2000-09-06,1.22751,1.24372,1.02681,1.05332,1.39655
2000-09-07,1.24353,1.25677,1.02902,1.05787,1.43301
2000-09-08,1.20551,1.2262,1.02382,1.04717,1.34538
2000-09-11,1.1762,1.20189,1.0197,1.03874,1.27997
2000-09-12,1.15799,1.1864,1.01709,1.03342,1.24032
2000-09-13,1.18492,1.20965,1.021,1.04137,1.29801
2000-09-14,1.17858,1.20431,1.0201,1.03953,1.28413
2000-09-15,1.15719,1.18616,1.01703,1.03329,1.23752
2000-09-18,1.13898,1.17042,1.01438,1.0279,1.19856
2000-09-19,1.18095,1.20727,1.02057,1.04044,1.28691
2000-09-20,1.19917,1.2227,1.02318,1.04575,1.32661
2000-09-21,1.18749,1.21296,1.02153,1.04238,1.30077
2000-09-22,1.18749,1.21296,1.02153,1.04238,1.30077
2000-09-25,1.18749,1.21296,1.02153,1.04238,1.30077
2000-09-26,1.18749,1.21296,1.02153,1.04238,1.30077
2000-09-27,1.18749,1.21296,1.02153,1.04238,1.30077
2000-09-28,1.18749,1.21296,1.02153,1.04238,1.30077
2000-09-29,1.18749,1.21296,1.02153,1.04238,1.30077
2000-10-02,1.18749,1.21296,1.02153,1.04238,1.30077
2000-10-03,1.18749,1.21296,1.02153,1.04238,1.30077
2000-10-04,1.18749,1.21296,1.02153,1.04238,1.30077
2000-10-05,1.18749,1.21296,1.02153,1.04238,1.30077
2000-10-06,1.18749,1.21296,1.02153,1.04238,1.30077
2000-10-09,1.18749,1.21296,1.02153,1.04238,1.30077
2000-10-10,1.18749,1.21296,1.02153,1.04238,1.30077
2000-10-11,1.18749,1.21296,1.02153,1.04238,1.30077
2000-10-12,1.18749,1.21296,1.02153,1.04238,1.30077
2000-10-13,1.18749,1.21296,1.02153,1.04238,1.30077
2000-10-16,1.18749,1.21296,1.02153,1.04238,1.30077
2000-10-17,1.18749,1.21296,1.02153,1.04238,1.30077
2000-10-18,1.18749,1.21296,1.02153,1.04238,1.30077
2000-10-19,1.18749,1.21296,1.02153,1.04238,1.30077
2000-10-20,1.18749,1.21296,1.02153,1.04238,1.30077
2000-10-23,1.18749,1.21296,1.02153,1.04238,1.30077
2000-10-24,1.18749,1.21296,1.02153,1.04238,1.30077
2000-10-25,1.18749,1.21296,1.02153,1.04238,1.30077
2000-10-26,1.18749,1.21296,1.02153,1.04238,1.30077
2000-10-27,1.18749,1.21296,1.02153,1.04238,1.30077
2000-10-30,1.18749,1.21296,1.02153,1.04238,1.30077
2000-10-31,1.18749,1.21296,1.02153,1.04238,1.30077
2000-11-01,1.18749,1.21296,1.02153,1.04238,1.30077
2000-11-02,1.18749,1.21296,1.02153,1.04238,1.30077
2000-11-03,1.18749,1.21296,1.02153,1.04238,1.30077
2000-11-06,1.18749,1.21296,1.02153,1.04238,1.30077
2000-11-07,1.18749,1.21296,1.02153,1.04238,1.30077
2000-11-08,1.18749,1.21296,1.02153,1.04238,1.30077
2000-11-09,1.18749,1.21296,1.02153,1.04238,1.30077
2000-11-10,1.18749,1.21296,1.02153,1.04238,1.30077
2000-11-13,1.18749,1.21296,1.02153,1.04238,1.30077
2000-11-14,1.18749,1.21296,1.02153,1.04238,1.30077
2000-11-15,1.18749,1.21296,1.02153,1.04238,1.30077
2000-11-16,1.18749,1.21296,1.02153,1.04238,1.30077
2000-11-17,1.18749,1.21296,1.02153,1.04238,1.30077
2000-11-20,1.18749,1.21296,1.02153,1.04238,1.30077
2000-11-21,1.18749,1.21296,1.02153,1.04238,1.30077
2000-11-22,1.18749,1.21296,1.02153,1.04238,1.30077
2000-11-24,1.18749,1.21296,1.02153,1.04238,1.30077
2000-11-27,1.18749,1.21296,1.02153,1.04238,1.30077
2000-11-28,1.18749,1.21296,1.02153,1.04238,1.30077
2000-11-29,1.18749,1.21296,1.02153,1.04238,1.30077
2000-11-30,1.18749,1.21296,1.02153,1.04238,1.30077
2000-12-01,1.18749,1.21296,1.02153,1.04238,1.30077
2000-12-04,1.18749,1.21296,1.02153,1.04238,1.30077
2000-12-05,1.18749,1.21296,1.02153,1.04238,1.30077
2000-12-06,1.18749,1.21296,1.02153,1.04238,1.30077
2000-12-07,1.18749,1.21296,1.02153,1.04238,1.30077
2000-12-08,1.18749,1.21296,1.02153,1.04238,1.30077
2000-12-11,1.18749,1.21296,1.02153,1.04238,1.30077
2000-12-12,1.18749,1.21296,1.02153,1.04238,1.30077
2000-12-13,1.18749,1.21296,1.02153,1.04238,1.30077
2000-12-14,1.18749,1.21296,1.02153,1.04238,1.30077
2000-12-15,1.18749,1.21296,1.02153,1.04238,1.30077
2000-12-18,1.18749,1.21296,1.02153,1.04238,1.30077
2000-12-19,1.18749,1.21296,1.02153,1.04238,1.30077
2000-12-20,1.18749,1.21296,1.02153,1.04238,1.30077
2000-12-21,1.18749,1.21296,1.02153,1.04238,1.30077
2000-12-22,1.18749,1.21296,1.02153,1.04238,1.30077
2000-12-26,1.18749,1.21296,1.02153,1.04238,1.30077
2000-12-27,1.18749,1.21296,1.02153,1.04238,1.30077
2000-12-28,1.18749,1.21296,1.02153,1.04238,1.30077
2000-12-29,1.18749,1.21296,1.02153,1.04238,1.30077
2001-01-02,1.18749,1.21296,1.02153,1.04238,1.30077
2001-01-03,1.18749,1.21296,1.02153,1.04238,1.30077
2001-01-04,1.18749,1.21296,1.02153,1.04238,1.30077
2001-01-05,1.18749,1.21296,1.02153,1.04238,1.30077
2001-01-08,1.18749,1.21296,1.02153,1.04238,1.30077
2001-01-09,1.18749,1.21296,1.02153,1.04238,1.30077
2001-01-10,1.18749,1.21296,1.02153,1.04238,1.30077
2001-01-11,1.18749,1.21296,1.02153,1.04238,1.30077
2001-01-12,1.18749,1.21296,1.02153,1.04238,1.30077
2001-01-16,1.18749,1.21296,1.02153,1.04238,1.30077
2001-01-17,1.18749,1.21296,1.02153,1.04238,1.30077
2001-01-18,1.18749,1.21296,1.02153,1.04238,1.30077
2001-01-19,1.18749,1.21296,1.02153,1.04238,1.30077
2001-01-22,1.18749,1.21296,1.02153,1.04238,1.30077
2001-01-23,1.18749,1.21296,1.02153,1.04238,1.30077
2001-01-24,1.18749,1.21296,1.02153,1.04238,1.30077
2001-01-25,1.18749,1.21296,1.02153,1.04238,1.30077
2001-01-26,1.18749,1.21296,1.02153,1.04238,1.30077
2001-01-29,1.18749,1.21296,1.02153,1.04238,1.30077
2001-01-30,1.18749,1.21296,1.02153,1.04238,1.30077
2001-01-31,1.18749,1.21296,1.02153,1.04238,1.30077
2001-02-01,1.18749,1.21296,1.02153,1.04238,1.30077
2001-02-02,1.18749,1.21296,1.02153,1.04238,1.30077
2001-02-05,1.18749,1.21296,1.02153,1.04238,1.30077
2001-02-06,1.18749,1.21296,1.02153,1.04238,1.30077
2001-02-07,1.18749,1.21296,1.02153,1.04238,1.30077
2001-02-08,1.18749,1.21296,1.02153,1.04238,1.30077
2001-02-09,1.18749,1.21296,1.02153,1.04238,1.30077
2001-02-12,1.18749,1.21296,1.02153,1.04238,1.30077
2001-02-13,1.18749,1.21296,1.02153,1.04238,1.30077
2001-02-14,1.18749,1.21296,1.02153,1.04238,1.30077
2001-02-15,1.18749,1.21296,1.02153,1.04238,1.30077
2001-02-16,1.18749,1.21296,1.02153,1.04238,1.30077
2001-02-20,1.18749,1.21296,1.02153,1.04238,1.30077
2001-02-21,1.18749,1.21296,1.02153,1.04238,1.30077
2001-02-22,1.18749,1.21296,1.02153,1.04238,1.30077
2001-02-23,1.18749,1.21296,1.02153,1.04238,1.30077
2001-02-26,1.18749,1.21296,1.02153,1.04238,1.30077
2001-02-27,1.18749,1.21296,1.02153,1.04238,1.30077
2001-02-28,1.18749,1.21296,1.02153,1.04238,1.30077
2001-03-01,1.18749,1.21296,1.02153,1.04238,1.30077
2001-03-02,1.18749,1.21296,1.02153,1.04238,1.30077
2001-03-05,1.18749,1.21296,1.02153,1.04238,1.30077
2001-03-06,1.18749,1.21296,1.02153,1.04238,1.30077
2001-03-07,1.18749,1.21296,1.02153,1.04238,1.30077
2001-03-08,1.18749,1.21296,1.02153,1.04238,1.30077
2001-03-09,1.18749,1.21296,1.02153,1.04238,1.30077
2001-03-12,1.18749,1.21296,1.02153,1.04238,1.30077
2001-03-13,1.18749,1.21296,1.02153,1.04238,1.30077
2001-03-14,1.18749,1.21296,1.02153,1.04238,1.30077
2001-03-15,1.18749,1.21296,1.02153,1.04238,1.30077
2001-03-16,1.18749,1.21296,1.02153,1.04238,1.30077
2001-03-19,1.18749,1.21296,1.02153,1.04238,1.30077
2001-03-20,1.18749,1.21296,1.02153,1.04238,1.30077
2001-03-21,1.18749,1.21296,1.02153,1.04238,1.30077
2001-03-22,1.18749,1.21296,1.02153,1.04238,1.30077
2001-03-23,1.18749,1.21296,1.02153,1.04238,1.30077
2001-03-26,1.18749,1.21296,1.02153,1.04238,1.30077
2001-03-27,1.18749,1.21296,1.02153,1.04238,1.30077
2001-03-28,1.18749,1.21296,1.02153,1.04238,1.30077
2001-03-29,1.18749,1.21296,1.02153,1.04238,1.30077
2001-03-30,1.18749,1.21296,1.02153,1.04238,1.30077
2001-04-02,1.18749,1.21296,1.02153,1.04238,1.30077
2001-04-03,1.18749,1.21296,1.02153,1.04238,1.30077
2001-04-04,1.18749,1.21296,1.02153,1.04238,1.30077
2001-04-05,1.18749,1.21296,1.02153,1.04238,1.30077
2001-04-06,1.18749,1.21296,1.02153,1.04238,1.30077
2001-04-09,1.18749,1.21296,1.02153,1.04238,1.30077
2001-04-10,1.18749,1.21296,1.02153,1.04238,1.30077
2001-04-11,1.18749,1.21296,1.02153,1.04238,1.30077
2001-04-12,1.18749,1.21296,1.02153,1.04238,1.30077
2001-04-16,1.18749,1.21296,1.02153,1.04238,1.30077
2001-04-17,1.18749,1.21296,1.02153,1.04238,1.30077
2001-04-18,1.18749,1.21296,1.02153,1.04238,1.30077
2001-04-19,1.18749,1.21296,1.02153,1.04238,1.30077
2001-04-20,1.18749,1.21296,1.02153,1.04238,1.30077
2001-04-23,1.18749,1.21296,1.02153,1.04238,1.30077
2001-04-24,1.18749,1.21296,1.02153,1.04238,1.30077
2001-04-25,1.18749,1.21296,1.02153,1.04238,1.30077
2001-04-26,1.18749,1.21296,1.02153,1.04238,1.30077
2001-04-27,1.18749,1.21296,1.02153,1.04238,1.30077
2001-04-30,1.18749,1.21296,1.02153,1.04238,1.30077
2001-05-01,1.18749,1.21296,1.02153,1.04238,1.30077
2001-05-02,1.18749,1.21296,1.02153,1.04238,1.30077
2001-05-03,1.18749,1.21296,1.02153,1.04238,1.30077
2001-05-04,1.18749,1.21296,1.02153,1.04238,1.30077
2001-05-07,1.18749,1.21296,1.02153,1.04238,1.30077
2001-05-08,1.18749,1.21296,1.02153,1.04238,1.30077
2001-05-09,1.18749,1.21296,1.02153,1.04238,1.30077
2001-05-10,1.18749,1.21296,1.02153,1.04238,1.30077
2001-05-11,1.18749,1.21296,1.02153,1.04238,1.30077
2001-05-14,1.18749,1.21296,1.02153,1.04238,1.30077
2001-05-15,1.18749,1.21296,1.02153,1.04238,1.30077
2001-05-16,1.18749,1.21296,1.02153,1.04238,1.30077
2001-05-17,1.18749,1.21296,1.02153,1.04238,1.30077
2001-05-18,1.18749,1.21296,1.02153,1.04238,1.30077
2001-05-21,1.18749,1.21296,1.02153,1.04238,1.30077
2001-05-22,1.18749,1.21296,1.02153,1.04238,1.30077
2001-05-23,1.18749,1.21296,1.02153,1.04238,1.30077
2001-05-24,1.18749,1.21296,1.02153,1.04238,1.30077
2001-05-25,1.18749,1.21296,1.02153,1.04238,1.30077
2001-05-29,1.18749,1.21296,1.02153,1.04238,1.30077
2001-05-30,1.18749,1.21296,1.02153,1.04238,1.30077
2001-05-31,1.18749,1.21296,1.02153,1.04238,1.30077
2001-06-01,1.18749,1.21296,1.02153,1.04238,1.30077
2001-06-04,1.18749,1.21296,1.02153,1.04238,1.30077
2001-06-05,1.18749,1.21296,1.02153,1.04238,1.30077
2001-06-06,1.18749,1.21296,1.02153,1.04238,1.30077
2001-06-07,1.18749,1.21296,1.02153,1.04238,1.30077
2001-06-08,1.18749,1.21296,1.02153,1.04238,1.30077
2001-06-11,1.18749,1.21296,1.02153,1.04238,1.30077
2001-06-12,1.18749,1.21296,1.02153,1.04238,1.30077
2001-06-13,1.18749,1.21296,1.02153,1.04238,1.30077
2001-06-14,1.18749,1.21296,1.02153,1.04238,1.30077
2001-06-15,1.18749,1.21296,1.02153,1.04238,1.30077
2001-06-18,1.18749,1.21296,1.02153,1.04238,1.30077
2001-06-19,1.18749,1.21296,1.02153,1.04238,1.30077
2001-06-20,1.18749,1.21296,1.02153,1.04238,1.30077
2001-06-21,1.18749,1.21296,1.02153,1.04238,1.30077
2001-06-22,1.18749,1.21296,1.02153,1.04238,1.30077
2001-06-25,1.18749,1.21296,1.02153,1.04238,1.30077
2001-06-26,1.18749,1.21296,1.02153,1.04238,1.30077
2001-06-27,1.18749,1.21296,1.02153,1.04238,1.30077
2001-06-28,1.18749,1.21296,1.02153,1.04238,1.30077
2001-06-29,1.18749,1.21296,1.02153,1.04238,1.30077
2001-07-02,1.18749,1.21296,1.02153,1.04238,1.30077
2001-07-03,1.18749,1.21296,1.02153,1.04238,1.30077
2001-07-05,1.18749,1.21296,1.02153,1.04238,1.30077
2001-07-06,1.18749,1.21296,1.02153,1.04238,1.30077
2001-07-09,1.18749,1.21296,1.02153,1.04238,1.30077
2001-07-10,1.18749,1.21296,1.02153,1.04238,1.30077
2001-07-11,1.18749,1.21296,1.02153,1.04238,1.30077
2001-07-12,1.18749,1.21296,1.02153,1.04238,1.30077
2001-07-13,1.18749,1.21296,1.02153,1.04238,1.30077
2001-07-16,1.18749,1.21296,1.02153,1.04238,1.30077
2001-07-17,1.18749,1.21296,1.02153,1.04238,1.30077
2001-07-18,1.18749,1.21296,1.02153,1.04238,1.30077
2001-07-19,1.18749,1.21296,1.02153,1.04238,1.30077
2001-07-20,1.18749,1.21296,1.02153,1.04238,1.30077
2001-07-23,1.18749,1.21296,1.02153,1.04238,1.30077
2001-07-24,1.18749,1.21296,1.02153,1.04238,1.30077
2001-07-25,1.18749,1.21296,1.02153,1.04238,1.30077
2001-07-26,1.18749,1.21296,1.02153,1.04238,1.30077
2001-07-27,1.18749,1.21296,1.02153,1.04238,1.30077
2001-07-30,1.18749,1.21296,1.02153,1.04238,1.30077
2001-07-31,1.18749,1.21296,1.02153,1.04238,1.30077
2001-08-01,1.18749,1.21296,1.02153,1.04238,1.30077
2001-08-02,1.18749,1.21296,1.02153,1.04238,1.30077
2001-08-03,1.18749,1.21296,1.02153,1.04238,1.30077
2001-08-06,1.18749,1.21296,1.02153,1.04238,1.30077
2001-08-07,1.18749,1.21296,1.02153,1.04238,1.30077
2001-08-08,1.18749,1.21296,1.02153,1.04238,1.30077
2001-08-09,1.18749,1.21296,1.02153,1.04238,1.30077
2001-08-10,1.18749,1.21296,1.02153,1.04238,1.30077
2001-08-13,1.18749,1.21296,1.02153,1.04238,1.30077
2001-08-14,1.18749,1.21296,1.02153,1.04238,1.30077
2001-08-15,1.18749,1.21296,1.02153,1.04238,1.30077
2001-08-16,1.18749,1.21296,1.02153,1.04238,1.30077
2001-08-17,1.18749,1.21296,1.02153,1.04238,1.30077
2001-08-20,1.18749,1.21296,1.02153,1.04238,1.30077
2001-08-21,1.18749,1.21296,1.02153,1.04238,1.30077
2001-08-22,1.18749,1.21296,1.02153,1.04238,1.30077
2001-08-23,1.18749,1.21296,1.02153,1.04238,1.30077
2001-08-24,1.18749,1.21296,1.02153,1.04238,1.30077
2001-08-27,1.18749,1.21296,1.02153,1.04238,1.30077
2001-08-28,1.18749,1.21296,1.02153,1.04238,1.30077
2001-08-29,1.18749,1.21296,1.02153,1.04238,1.30077
2001-08-30,1.18749,1.21296,1.02153,1.04238,1.30077
2001-08-31,1.18749,1.21296,1.02153,1.04238,1.30077
2001-09-04,1.18749,1.21296,1.02153,1.04238,1.30077
2001-09-05,1.18749,1.21296,1.02153,1.04238,1.30077
2001-09-06,1.18749,1.21296,1.02153,1.04238,1.30077
2001-09-07,1.18749,1.21296,1.02153,1.04238,1.30077
2001-09-10,1.18749,1.21296,1.02153,1.04238,1.30077
2001-09-17,1.18749,1.21296,1.02153,1.04238,1.30077
2001-09-18,1.18749,1.21296,1.02153,1.04238,1.30077
2001-09-19,1.18749,1.21296,1.02153,1.04238,1.30077
2001-09-20,1.18749,1.21296,1.02153,1.04238,1.30077
2001-09-21,1.18749,1.21296,1.02153,1.04238,1.30077
2001-09-24,1.18749,1.21296,1.02153,1.04238,1.30077
2001-09-25,1.18749,1.21296,1.02153,1.04238,1.30077
2001-09-26,1.18749,1.21296,1.02153,1.04238,1.30077
2001-09-27,1.18749,1.21296,1.02153,1.04238,1.30077
2001-09-28,1.18749,1.21296,1.02153,1.04238,1.30077
2001-10-01,1.18749,1.21296,1.02153,1.04238,1.30077
2001-10-02,1.18749,1.21296,1.02153,1.04238,1.30077
2001-10-03,1.18749,1.21296,1.02153,1.04238,1.30077
2001-10-04,1.18749,1.21296,1.02153,1.04238,1.30077
2001-10-05,1.18749,1.21296,1.02153,1.04238,1.30077
2001-10-08,1.18749,1.21296,1.02153,1.04238,1.30077
2001-10-09,1.18749,1.21296,1.02153,1.04238,1.30077
2001-10-10,1.18749,1.21296,1.02153,1.04238,1.30077
2001-10-11,1.18749,1.21296,1.02153,1.04238,1.30077
2001-10-12,1.18749,1.21296,1.02153,1.04238,1.30077
2001-10-15,1.18749,1.21296,1.02153,1.04238,1.30077
2001-10-16,1.18749,1.21296,1.02153,1.04238,1.30077
2001-10-17,1.18749,1.21296,1.02153,1.04238,1.30077
2001-10-18,1.18749,1.21296,1.02153,1.04238,1.30077
2001-10-19,1.18749,1.21296,1.02153,1.04238,1.30077
2001-10-22,1.18749,1.21296,1.02153,1.04238,1.30077
2001-10-23,1.18749,1.21296,1.02153,1.04238,1.30077
2001-10-24,1.18749,1.21296,1.02153,1.04238,1.30077
2001-10-25,1.18749,1.21296,1.02153,1.04238,1.30077
2001-10-26,1.18749,1.21296,1.02153,1.04238,1.30077
2001-10-29,1.18749,1.21296,1.02153,1.04238,1.30077
2001-10-30,1.18749,1.21296,1.02153,1.04238,1.30077
2001-10-31,1.18749,1.21296,1.02153,1.04238,1.30077
2001-11-01,1.18749,1.21296,1.02153,1.04238,1.30077
2001-11-02,1.18749,1.21296,1.02153,1.04238,1.30077
2001-11-05,1.18749,1.21296,1.02153,1.04238,1.30077
2001-11-06,1.18749,1.21296,1.02153,1.04238,1.30077
2001-11-07,1.18749,1.21296,1.02153,1.04238,1.30077
2001-11-08,1.18749,1.21296,1.02153,1.04238,1.30077
2001-11-09,1.18749,1.21296,1.02153,1.04238,1.30077
2001-11-12,1.18749,1.21296,1.02153,1.04238,1.30077
2001-11-13,1.18749,1.21296,1.02153,1.04238,1.30077
2001-11-14,1.18749,1.21296,1.02153,1.04238,1.30077
2001-11-15,1.18749,1.21296,1.02153,1.04238,1.30077
2001-11-16,1.18749,1.21296,1.02153,1.04238,1.30077
2001-11-19,1.18749,1.21296,1.02153,1.04238,1.30077
2001-11-20,1.18749,1.21296,1.02153,1.04238,1.30077
2001-11-21,1.18749,1.21296,1.02153,1.04238,1.30077
2001-11-23,1.18749,1.21296,1.02153,1.04238,1.30077
2001-11-26,1.18749,1.21296,1.02153,1.04238,1.30077
2001-11-27,1.18749,1.21296,1.02153,1.04238,1.30077
2001-11-28,1.18749,1.21296,1.02153,1.04238,1.30077
2001-11-29,1.18749,1.21296,1.02153,1.04238,1.30077
2001-11-30,1.18749,1.21296,1.02153,1.04238,1.30077
2001-12-03,1.18749,1.21296,1.02153,1.04238,1.30077
2001-12-04,1.18749,1.21296,1.02153,1.04238,1.30077
2001-12-05,1.18749,1.21296,1.02153,1.04238,1.30077
2001-12-06,1.18749,1.21296,1.02153,1.04238,1.30077
2001-12-07,1.18749,1.21296,1.02153,1.04238,1.30077
2001-12-10,1.18749,1.21296,1.02153,1.04238,1.30077
2001-12-11,1.18749,1.21296,1.02153,1.04238,1.30077
2001-12-12,1.18749,1.21296,1.02153,1.04238,1.30077
2001-12-13,1.18749,1.21296,1.02153,1.04238,1.30077
2001-12-14,1.18749,1.21296,1.02153,1.04238,1.30077
2001-12-17,1.18749,1.21296,1.02153,1.04238,1.30077
2001-12-18,1.18749,1.21296,1.02153,1.04238,1.30077
2001-12-19,1.18749,1.21296,1.02153,1.04238,1.30077
2001-12-20,1.18749,1.21296,1.02153,1.04238,1.30077
2001-12-21,1.18749,1.21296,1.02153,1.04238,1.30077
2001-12-24,1.18749,1.21296,1.02153,1.04238,1.30077
2001-12-26,1.18749,1.21296,1.02153,1.04238,1.30077
2001-12-27,1.18749,1.21296,1.02153,1.04238,1.30077
2001-12-28,1.18749,1.21296,1.02153,1.04238,1.30077
2001-12-31,1.18749,1.21296,1.02153,1.04238,1.30077
2002-01-02,1.18749,1.21296,1.02153,1.04238,1.30077
2002-01-03,1.18749,1.21296,1.02153,1.04238,1.30077
2002-01-04,1.18749,1.21296,1.02153,1.04238,1.30077
2002-01-07,1.18749,1.21296,1.02153,1.04238,1.30077
2002-01-08,1.18749,1.21296,1.02153,1.04238,1.30077
2002-01-09,1.18749,1.21296,1.02153,1.04238,1.30077
2002-01-10,1.18749,1.21296,1.02153,1.04238,1.30077
2002-01-11,1.18749,1.21296,1.02153,1.04238,1.30077
2002-01-14,1.18749,1.21296,1.02153,1.04238,1.30077
2002-01-15,1.18749,1.21296,1.02153,1.04238,1.30077
2002-01-16,1.18749,1.21296,1.02153,1.04238,1.30077
2002-01-17,1.18749,1.21296,1.02153,1.04238,1.30077
2002-01-18,1.18749,1.21296,1.02153,1.04238,1.30077
2002-01-22,1.18749,1.21296,1.02153,1.04238,1.30077
2002-01-23,1.18749,1.21296,1.02153,1.04238,1.30077
2002-01-24,1.18749,1.21296,1.02153,1.04238,1.30077
2002-01-25,1.18749,1.21296,1.02153,1.04238,1.30077
2002-01-28,1.18749,1.21296,1.02153,1.04238,1.30077
2002-01-29,1.18749,1.21296,1.02153,1.04238,1.30077
2002-01-30,1.18749,1.21296,1.02153,1.04238,1.30077
2002-01-31,1.18749,1.21296,1.02153,1.04238,1.30077
2002-02-01,1.18749,1.21296,1.02153,1.04238,1.30077
2002-02-04,1.18749,1.21296,1.02153,1.04238,1.30077
2002-02-05,1.18749,1.21296,1.02153,1.04238,1.30077
2002-02-06,1.18749,1.21296,1.02153,1.04238,1.30077
2002-02-07,1.18749,1.21296,1.02153,1.04238,1.30077
2002-02-08,1.18749,1.21296,1.02153,1.04238,1.30077
2002-02-11,1.18749,1.21296,1.02153,1.04238,1.30077
2002-02-12,1.18749,1.21296,1.02153,1.04238,1.30077
2002-02-13,1.18749,1.21296,1.02153,1.04238,1.30077
2002-02-14,1.18749,1.21296,1.02153,1.04238,1.30077
2002-02-15,1.18749,1.21296,1.02153,1.04238,1.30077
2002-02-19,1.18749,1.21296,1.02153,1.04238,1.30077
2002-02-20,1.18749,1.21296,1.02153,1.04238,1.30077
2002-02-21,1.18749,1.21296,1.02153,1.04238,1.30077
2002-02-22,1.18749,1.21296,1.02153,1.04238,1.30077
2002-02-25,1.18749,1.21296,1.02153,1.04238,1.30077
2002-02-26,1.18749,1.21296,1.02153,1.04238,1.30077
2002-02-27,1.18749,1.21296,1.02153,1.04238,1.30077
2002-02-28,1.18749,1.21296,1.02153,1.04238,1.30077
2002-03-01,1.18749,1.21296,1.02153,1.04238,1.30077
2002-03-04,1.18749,1.21296,1.02153,1.04238,1.30077
2002-03-05,1.18749,1.21296,1.02153,1.04238,1.30077
2002-03-06,1.18749,1.21296,1.02153,1.04238,1.30077
2002-03-07,1.18749,1.21296,1.02153,1.04238,1.30077
2002-03-08,1.18749,1.21296,1.02153,1.04238,1.30077
2002-03-11,1.18749,1.21296,1.02153,1.04238,1.30077
2002-03-12,1.18749,1.21296,1.02153,1.04238,1.30077
2002-03-13,1.18749,1.21296,1.02153,1.04238,1.30077
2002-03-14,1.18749,1.21296,1.02153,1.04238,1.30077
2002-03-15,1.18749,1.21296,1.02153,1.04238,1.30077
2002-03-18,1.18749,1.21296,1.02153,1.04238,1.30077
2002-03-19,1.18749,1.21296,1.02153,1.04238,1.30077
2002-03-20,1.18749,1.21296,1.02153,1.04238,1.30077
2002-03-21,1.18749,1.21296,1.02153,1.04238,1.30077
2002-03-22,1.18749,1.21296,1.02153,1.04238,1.30077
2002-03-25,1.18749,1.21296,1.02153,1.04238,1.30077
2002-03-26,1.18749,1.21296,1.02153,1.04238,1.30077
2002-03-27,1.18749,1.21296,1.02153,1.04238,1.30077
2002-03-28,1.18749,1.21296,1.02153,1.04238,1.30077
2002-04-01,1.18749,1.21296,1.02153,1.04238,1.30077
2002-04-02,1.18749,1.21296,1.02153,1.04238,1.30077
2002-04-03,1.18749,1.21296,1.02153,1.04238,1.30077
2002-04-04,1.18749,1.21296,1.02153,1.04238,1.30077
2002-04-05,1.18749,1.21296,1.02153,1.04238,1.30077
2002-04-08,1.18749,1.21296,1.02153,1.04238,1.30077
2002-04-09,1.18749,1.21296,1.02153,1.04238,1.30077
2002-04-10,1.18749,1.21296,1.02153,1.04238,1.30077
2002-04-11,1.18749,1.21296,1.02153,1.04238,1.30077
2002-04-12,1.18749,1.21296,1.02153,1.04238,1.30077
2002-04-15,1.18749,1.21296,1.02153,1.04238,1.30077
2002-04-16,1.18749,1.21296,1.02153,1.04238,1.30077
2002-04-17,1.18749,1.21296,1.02153,1.04238,1.30077
2002-04-18,1.18749,1.21296,1.02153,1.04238,1.30077
2002-04-19,1.18749,1.21296,1.02153,1.04238,1.30077
2002-04-22,1.18749,1.21296,1.02153,1.04238,1.30077
2002-04-23,1.18749,1.21296,1.02153,1.04238,1.30077
2002-04-24,1.18749,1.21296,1.02153,1.04238,1.30077
2002-04-25,1.18749,1.21296,1.02153,1.04238,1.30077
2002-04-26,1.18749,1.21296,1.02153,1.04238,1.30077
2002-04-29,1.18749,1.21296,1.02153,1.04238,1.30077
2002-04-30,1.18749,1.21296,1.02153,1.04238,1.30077
2002-05-01,1.18749,1.21296,1.02153,1.04238,1.30077
2002-05-02,1.18749,1.21296,1.02153,1.04238,1.30077
2002-05-03,1.18749,1.21296,1.02153,1.04238,1.30077
2002-05-06,1.18749,1.21296,1.02153,1.04238,1.30077
2002-05-07,1.18749,1.21296,1.02153,1.04238,1.30077
2002-05-08,1.18749,1.21296,1.02153,1.04238,1.30077
2002-05-09,1.18749,1.21296,1.02153,1.04238,1.30077
2002-05-10,1.18749,1.21296,1.02153,1.04238,1.30077
2002-05-13,1.18749,1.21296,1.02153,1.04238,1.30077
2002-05-14,1.18749,1.21296,1.02153,1.04238,1.30077
2002-05-15,1.18749,1.21296,1.02153,1.04238,1.30077
2002-05-16,1.18749,1.21296,1.02153,1.04238,1.30077
2002-05-17,1.18749,1.21296,1.02153,1.04238,1.30077
2002-05-20,1.18749,1.21296,1.02153,1.04238,1.30077
2002-05-21,1.18749,1.21296,1.02153,1.04238,1.30077
2002-05-22,1.18749,1.21296,1.02153,1.04238,1.30077
2002-05-23,1.18749,1.21296,1.02153,1.04238,1.30077
2002-05-24,1.18749,1.21296,1.02153,1.04238,1.30077
2002-05-28,1.18749,1.21296,1.02153,1.04238,1.30077
2002-05-29,1.18749,1.21296,1.02153,1.04238,1.30077
2002-05-30,1.18749,1.21296,1.02153,1.04238,1.30077
2002-05-31,1.18749,1.21296,1.02153,1.04238,1.30077
2002-06-03,1.18749,1.21296,1.02153,1.04238,1.30077
2002-06-04,1.18749,1.21296,1.02153,1.04238,1.30077
2002-06-05,1.18749,1.21296,1.02153,1.04238,1.30077
2002-06-06,1.18749,1.21296,1.02153,1.04238,1.30077
2002-06-07,1.18749,1.21296,1.02153,1.04238,1.30077
2002-06-10,1.18749,1.21296,1.02153,1.04238,1.30077
2002-06-11,1.18749,1.21296,1.02153,1.04238,1.30077
2002-06-12,1.18749,1.21296,1.02153,1.04238,1.30077
2002-06-13,1.18749,1.21296,1.02153,1.04238,1.30077
2002-06-14,1.18749,1.21296,1.02153,1.04238,1.30077
2002-06-17,1.18749,1.21296,1.02153,1.04238,1.30077
2002-06-18,1.18749,1.21296,1.02153,1.04238,1.30077
2002-06-19,1.18749,1.21296,1.02153,1.04238,1.30077
2002-06-20,1.18749,1.21296,1.02153,1.04238,1.30077
2002-06-21,1.18749,1.21296,1.02153,1.04238,1.30077
2002-06-24,1.18749,1.21296,1.02153,1.04238,1.30077
2002-06-25,1.18749,1.21296,1.02153,1.04238,1.30077
2002-06-26,1.18749,1.21296,1.02153,1.04238,1.30077
2002-06-27,1.18749,1.21296,1.02153,1.04238,1.30077
2002-06-28,1.18749,1.21296,1.02153,1.04238,1.30077
2002-07-01,1.18749,1.21296,1.02153,1.04238,1.30077
2002-07-02,1.18749,1.21296,1.02153,1.04238,1.30077
2002-07-03,1.18749,1.21296,1.02153,1.04238,1.30077
2002-07-05,1.18749,1.21296,1.02153,1.04238,1.30077
2002-07-08,1.18749,1.21296,1.02153,1.04238,1.30077
2002-07-09,1.18749,1.21296,1.02153,1.04238,1.30077
2002-07-10,1.18749,1.21296,1.02153,1.04238,1.30077
2002-07-11,1.18749,1.21296,1.02153,1.04238,1.30077
2002-07-12,1.18749,1.21296,1.02153,1.04238,1.30077
2002-07-15,1.18749,1.21296,1.02153,1.04238,1.30077
2002-07-16,1.18749,1.21296,1.02153,1.04238,1.30077
2002-07-17,1.18749,1.21296,1.02153,1.04238,1.30077
2002-07-18,1.18749,1.21296,1.02153,1.04238,1.30077
2002-07-19,1.18749,1.21296,1.02153,1.04238,1.30077
2002-07-22,1.18749,1.21296,1.02153,1.04238,1.30077
2002-07-23,1.18749,1.21296,1.02153,1.04238,1.30077
2002-07-24,1.18749,1.21296,1.02153,1.04238,1.30077
2002-07-25,1.18749,1.21296,1.02153,1.04238,1.30077
2002-07-26,1.18749,1.21296,1.02153,1.04238,1.30077
2002-07-29,1.18749,1.21296,1.02153,1.04238,1.30077
2002-07-30,1.18749,1.21296,1.02153,1.04238,1.30077
2002-07-31,1.18749,1.21296,1.02153,1.04238,1.30077
2002-08-01,1.18749,1.21296,1.02153,1.04238,1.30077
2002-08-02,1.18749,1.21296,1.02153,1.04238,1.30077
2002-08-05,1.18749,1.21296,1.02153,1.04238,1.30077
2002-08-06,1.18749,1.21296,1.02153,1.04238,1.30077
2002-08-07,1.18749,1.21296,1.02153,1.04238,1.30077
2002-08-08,1.18749,1.21296,1.02153,1.04238,1.30077
2002-08-09,1.18749,1.21296,1.02153,1.04238,1.30077
2002-08-12,1.18749,1.21296,1.02153,1.04238,1.30077
2002-08-13,1.18749,1.21296,1.02153,1.04238,1.30077
2002-08-14,1.18749,1.21296,1.02153,1.04238,1.30077
2002-08-15,1.18749,1.21296,1.02153,1.04238,1.30077
2002-08-16,1.18749,1.21296,1.02153,1.04238,1.30077
2002-08-19,1.18749,1.21296,1.02153,1.04238,1.30077
2002-08-20,1.18749,1.21296,1.02153,1.04238,1.30077
2002-08-21,1.18749,1.21296,1.02153,1.04238,1.30077
2002-08-22,1.18749,1.21296,1.02153,1.04238,1.30077
2002-08-23,1.18749,1.21296,1.02153,1.04238,1.30077
2002-08-26,1.18749,1.21296,1.02153,1.04238,1.30077
2002-08-27,1.18749,1.21296,1.02153,1.04238,1.30077
2002-08-28,1.18749,1.21296,1.02153,1.04238,1.30077
2002-08-29,1.18749,1.21296,1.02153,1.04238,1.30077
2002-08-30,1.18749,1.21296,1.02153,1.04238,1.30077
2002-09-03,1.18749,1.21296,1.02153,1.04238,1.30077
2002-09-04,1.18749,1.21296,1.02153,1.04238,1.30077
2002-09-05,1.18749,1.21296,1.02153,1.04238,1.30077
2002-09-06,1.18749,1.21296,1.02153,1.04238,1.30077
2002-09-09,1.18749,1.21296,1.02153,1.04238,1.30077
2002-09-10,1.18749,1.21296,1.02153,1.04238,1.30077
2002-09-11,1.18749,1.21296,1.02153,1.04238,1.30077
2002-09-12,1.18749,1.21296,1.02153,1.04238,1.30077
2002-09-13,1.18749,1.21296,1.02153,1.04238,1.30077
2002-09-16,1.18749,1.21296,1.02153,1.04238,1.30077
2002-09-17,1.18749,1.21296,1.02153,1.04238,1.30077
2002-09-18,1.18749,1.21296,1.02153,1.04238,1.30077
2002-09-19,1.18749,1.21296,1.02153,1.04238,1.30077
2002-09-20,1.18749,1.21296,1.02153,1.04238,1.30077
2002-09-23,1.18749,1.21296,1.02153,1.04238,1.30077
2002-09-24,1.18749,1.21296,1.02153,1.04238,1.30077
2002-09-25,1.18749,1.21296,1.02153,1.04238,1.30077
2002-09-26,1.18749,1.21296,1.02153,1.04238,1.30077
2002-09-27,1.18749,1.21296,1.02153,1.04238,1.30077
2002-09-30,1.18749,1.21296,1.02153,1.04238,1.30077
2002-10-01,1.18749,1.21296,1.02153,1.04238,1.30077
2002-10-02,1.18749,1.21296,1.02153,1.04238,1.30077
2002-10-03,1.18749,1.21296,1.02153,1.04238,1.30077
2002-10-04,1.18749,1.21296,1.02153,1.04238,1.30077
2002-10-07,1.18749,1.21296,1.02153,1.04238,1.30077
2002-10-08,1.18749,1.21296,1.02153,1.04238,1.30077
2002-10-09,1.18749,1.21296,1.02153,1.04238,1.30077
2002-10-10,1.18749,1.21296,1.02153,1.04238,1.30077
2002-10-11,1.18749,1.21296,1.02153,1.04238,1.30077
2002-10-14,1.18749,1.21296,1.02153,1.04238,1.30077
2002-10-15,1.18749,1.21296,1.02153,1.04238,1.30077
2002-10-16,1.18749,1.21296,1.02153,1.04238,1.30077
2002-10-17,1.18749,1.21296,1.02153,1.04238,1.30077
2002-10-18,1.18749,1.21296,1.02153,1.04238,1.30077
2002-10-21,1.18749,1.21296,1.02153,1.04238,1.30077
2002-10-22,1.18749,1.21296,1.02153,1.04238,1.30077
2002-10-23,1.18749,1.21296,1.02153,1.04238,1.30077
2002-10-24,1.18749,1.21296,1.02153,1.04238,1.30077
2002-10-25,1.18749,1.21296,1.02153,1.04238,1.30077
2002-10-28,1.18749,1.21296,1.02153,1.04238,1.30077
2002-10-29,1.18749,1.21296,1.02153,1.04238,1.30077
2002-10-30,1.18749,1.21296,1.02153,1.04238,1.30077
2002-10-31,1.18749,1.21296,1.02153,1.04238,1.30077
2002-11-01,1.18749,1.21296,1.02153,1.04238,1.30077
2002-11-04,1.18749,1.21296,1.02153,1.04238,1.30077
2002-11-05,1.18749,1.21296,1.02153,1.04238,1.30077
2002-11-06,1.18749,1.21296,1.02153,1.04238,1.30077
2002-11-07,1.18749,1.21296,1.02153,1.04238,1.30077
2002-11-08,1.18749,1.21296,1.02153,1.04238,1.30077
2002-11-11,1.18749,1.21296,1.02153,1.04238,1.30077
2002-11-12,1.18749,1.21296,1.02153,1.04238,1.30077
2002-11-13,1.18749,1.21296,1.02153,1.04238,1.30077
2002-11-14,1.18749,1.21296,1.02153,1.04238,1.30077
2002-11-15,1.18749,1.21296,1.02153,1.04238,1.30077
2002-11-18,1.18749,1.21296,1.02153,1.04238,1.30077
2002-11-19,1.18749,1.21296,1.02153,1.04238,1.30077
2002-11-20,1.18749,1.21296,1.02153,1.04238,1.30077
2002-11-21,1.18749,1.21296,1.02153,1.04238,1.30077
2002-11-22,1.18749,1.21296,1.02153,1.04238,1.30077
2002-11-25,1.18749,1.21296,1.02153,1.04238,1.30077
2002-11-26,1.18749,1.21296,1.02153,1.04238,1.30077
2002-11-27,1.18749,1.21296,1.02153,1.04238,1.30077
2002-11-29,1.18749,1.21296,1.02153,1.04238,1.30077
2002-12-02,1.18749,1.21296,1.02153,1.04238,1.30077
2002-12-03,1.18749,1.21296,1.02153,1.04238,1.30077
2002-12-04,1.18749,1.21296,1.02153,1.04238,1.30077
2002-12-05,1.18749,1.21296,1.02153,1.04238,1.30077
2002-12-06,1.18749,1.21296,1.02153,1.04238,1.30077
2002-12-09,1.18749,1.21296,1.02153,1.04238,1.30077
2002-12-10,1.18749,1.21296,1.02153,1.04238,1.30077
2002-12-11,1.18749,1.21296,1.02153,1.04238,1.30077
2002-12-12,1.18749,1.21296,1.02153,1.04238,1.30077
2002-12-13,1.18749,1.21296,1.02153,1.04238,1.30077
2002-12-16,1.18749,1.21296,1.02153,1.04238,1.30077
2002-12-17,1.18749,1.21296,1.02153,1.04238,1.30077
2002-12-18,1.18749,1.21296,1.02153,1.04238,1.30077
2002-12-19,1.18749,1.21296,1.02153,1.04238,1.30077
2002-12-20,1.18749,1.21296,1.02153,1.04238,1.30077
2002-12-23,1.18749,1.21296,1.02153,1.04238,1.30077
2002-12-24,1.18749,1.21296,1.02153,1.04238,1.30077
2002-12-26,1.18749,1.21296,1.02153,1.04238,1.30077
2002-12-27,1.18749,1.21296,1.02153,1.04238,1.30077
2002-12-30,1.18749,1.21296,1.02153,1.04238,1.30077
2002-12-31,1.18749,1.21296,1.02153,1.04238,1.30077
2003-01-02,1.18749,1.21296,1.02153,1.04238,1.30077
2003-01-03,1.18749,1.21296,1.02153,1.04238,1.30077
2003-01-06,1.18749,1.21296,1.02153,1.04238,1.30077
2003-01-07,1.18749,1.21296,1.02153,1.04238,1.30077
2003-01-08,1.18749,1.21296,1.02153,1.04238,1.30077
2003-01-09,1.18749,1.21296,1.02153,1.04238,1.30077
2003-01-10,1.18749,1.21296,1.02153,1.04238,1.30077
2003-01-13,1.18749,1.21296,1.02153,1.04238,1.30077
2003-01-14,1.18749,1.21296,1.02153,1.04238,1.30077
2003-01-15,1.18749,1.21296,1.02153,1.04238,1.30077
2003-01-16,1.18749,1.21296,1.02153,1.04238,1.30077
2003-01-17,1.18749,1.21296,1.02153,1.04238,1.30077
2003-01-21,1.18749,1.21296,1.02153,1.04238,1.30077
2003-01-22,1.18749,1.21296,1.02153,1.04238,1.30077
2003-01-23,1.18749,1.21296,1.02153,1.04238,1.30077
2003-01-24,1.18749,1.21296,1.02153,1.04238,1.30077
2003-01-27,1.18749,1.21296,1.02153,1.04238,1.30077
2003-01-28,1.18749,1.21296,1.02153,1.04238,1.30077
2003-01-29,1.18749,1.21296,1.02153,1.04238,1.30077
2003-01-30,1.18749,1.21296,1.02153,1.04238,1.30077
2003-01-31,1.18749,1.21296,1.02153,1.04238,1.30077
2003-02-03,1.18749,1.21296,1.02153,1.04238,1.30077
2003-02-04,1.18749,1.21296,1.02153,1.04238,1.30077
2003-02-05,1.18749,1.21296,1.02153,1.04238,1.30077
2003-02-06,1.18749,1.21296,1.02153,1.04238,1.30077
2003-02-07,1.18749,1.21296,1.02153,1.04238,1.30077
2003-02-10,1.18749,1.21296,1.02153,1.04238,1.30077
2003-02-11,1.18749,1.21296,1.02153,1.04238,1.30077
2003-02-12,1.18749,1.21296,1.02153,1.04238,1.30077
2003-02-13,1.18749,1.21296,1.02153,1.04238,1.30077
2003-02-14,1.18749,1.21296,1.02153,1.04238,1.30077
2003-02-18,1.18749,1.21296,1.02153,1.04238,1.30077
2003-02-19,1.18749,1.21296,1.02153,1.04238,1.30077
2003-02-20,1.18749,1.21296,1.02153,1.04238,1.30077
2003-02-21,1.18749,1.21296,1.02153,1.04238,1.30077
2003-02-24,1.18749,1.21296,1.02153,1.04238,1.30077
2003-02-25,1.18749,1.21296,1.02153,1.04238,1.30077
2003-02-26,1.18749,1.21296,1.02153,1.04238,1.30077
2003-02-27,1.18749,1.21296,1.02153,1.04238,1.30077
2003-02-28,1.18749,1.21296,1.02153,1.04238,1.30077
2003-03-03,1.18749,1.21296,1.02153,1.04238,1.30077
2003-03-04,1.18749,1.21296,1.02153,1.04238,1.30077
2003-03-05,1.18749,1.21296,1.02153,1.04238,1.30077
2003-03-06,1.18749,1.21296,1.02153,1.04238,1.30077
2003-03-07,1.18749,1.21296,1.02153,1.04238,1.30077
2003-03-10,1.18749,1.21296,1.02153,1.04238,1.30077
2003-03-11,1.18749,1.21296,1.02153,1.04238,1.30077
2003-03-12,1.18749,1.21296,1.02153,1.04238,1.30077
2003-03-13,1.18749,1.21296,1.02153,1.04238,1.30077
2003-03-14,1.18749,1.21296,1.02153,1.04238,1.30077
2003-03-17,1.18749,1.21296,1.02153,1.04238,1.30077
2003-03-18,1.18749,1.21296,1.02153,1.04238,1.30077
2003-03-19,1.18749,1.21296,1.02153,1.04238,1.30077
2003-03-20,1.18749,1.21296,1.02153,1.04238,1.30077
2003-03-21,1.18749,1.21296,1.02153,1.04238,1.30077
2003-03-24,1.18749,1.21296,1.02153,1.04238,1.30077
2003-03-25,1.18749,1.21296,1.02153,1.04238,1.30077
2003-03-26,1.18749,1.21296,1.02153,1.04238,1.30077
2003-03-27,1.18749,1.21296,1.02153,1.04238,1.30077
2003-03-28,1.18749,1.21296,1.02153,1.04238,1.30077
2003-03-31,1.18749,1.21296,1.02153,1.04238,1.30077
2003-04-01,1.18737,1.21285,1.02151,1.04235,1.3005
2003-04-02,1.22002,1.24036,1.02627,1.05207,1.37203
2003-04-03,1.24226,1.25859,1.02944,1.05857,1.42206
2003-04-04,1.24226,1.25859,1.02944,1.05857,1.42206
2003-04-07,1.24226,1.25859,1.02944,1.05857,1.42206
2003-04-08,1.24226,1.25859,1.02944,1.05857,1.42206
2003-04-09,1.24226,1.25859,1.02944,1.05857,1.42206
2003-04-10,1.25676,1.27026,1.03147,1.06274,1.45524
2003-04-11,1.24408,1.26017,1.02972,1.05912,1.42588
2003-04-14,1.26944,1.28055,1.03326,1.06641,1.48401
2003-04-15,1.28164,1.29016,1.03494,1.06987,1.51252
2003-04-16,1.29903,1.30373,1.03731,1.07478,1.55357
2003-04-17,1.29903,1.30373,1.03731,1.07478,1.55357
2003-04-21,1.29903,1.30373,1.03731,1.07478,1.55357
2003-04-22,1.29903,1.30373,1.03731,1.07478,1.55357
2003-04-23,1.29903,1.30373,1.03731,1.07478,1.55357
2003-04-24,1.29903,1.30373,1.03731,1.07478,1.55357
2003-04-25,1.29903,1.30373,1.03731,1.07478,1.55357
2003-04-28,1.29903,1.30373,1.03731,1.07478,1.55357
2003-04-29,1.29903,1.30373,1.03731,1.07478,1.55357
2003-04-30,1.29903,1.30373,1.03731,1.07478,1.55357
2003-05-01,1.29903,1.30373,1.03731,1.07478,1.55357
2003-05-02,1.29903,1.30373,1.03731,1.07478,1.55357
2003-05-05,1.29903,1.30373,1.03731,1.07478,1.55357
2003-05-06,1.29903,1.30373,1.03731,1.07478,1.55357
2003-05-07,1.29903,1.30373,1.03731,1.07478,1.55357
2003-05-08,1.29903,1.30373,1.03731,1.07478,1.55357
2003-05-09,1.29903,1.30373,1.03731,1.07478,1.55357
2003-05-12,1.29903,1.30373,1.03731,1.07478,1.55357
2003-05-13,1.29903,1.30373,1.03731,1.07478,1.55357
2003-05-14,1.29903,1.30373,1.03731,1.07478,1.55357
2003-05-15,1.29903,1.30373,1.03731,1.07478,1.55357
2003-05-16,1.29903,1.30373,1.03731,1.07478,1.55357
2003-05-19,1.29903,1.30373,1.03731,1.07478,1.55357
2003-05-20,1.29885,1.30359,1.03728,1.07471,1.55314
2003-05-21,1.29511,1.30071,1.03664,1.07338,1.5442
2003-05-22,1.29773,1.30274,1.03709,1.07432,1.55046
2003-05-23,1.29773,1.30274,1.03709,1.07432,1.55046
2003-05-27,1.29773,1.30274,1.03709,1.07432,1.55046
2003-05-28,1.29773,1.30274,1.03709,1.07432,1.55046
2003-05-29,1.29773,1.30274,1.03709,1.07432,1.55046
2003-05-30,1.29773,1.30274,1.03709,1.07432,1.55046
2003-06-02,1.29773,1.30274,1.03709,1.07432,1.55046
2003-06-03,1.29773,1.30274,1.03709,1.07432,1.55046
2003-06-04,1.29773,1.30274,1.03709,1.07432,1.55046
2003-06-05,1.29773,1.30274,1.03709,1.07432,1.55046
2003-06-06,1.29773,1.30274,1.03709,1.07432,1.55046
2003-06-09,1.29773,1.30274,1.03709,1.07432,1.55046
2003-06-10,1.29773,1.30274,1.03709,1.07432,1.55046
2003-06-11,1.29773,1.30274,1.03709,1.07432,1.55046
2003-06-12,1.29773,1.30274,1.03709,1.07432,1.55046
2003-06-13,1.29773,1.30274,1.03709,1.07432,1.55046
2003-06-16,1.29773,1.30274,1.03709,1.07432,1.55046
2003-06-17,1.29773,1.30274,1.03709,1.07432,1.55046
2003-06-18,1.29773,1.30274,1.03709,1.07432,1.55046
2003-06-19,1.29773,1.30274,1.03709,1.07432,1.55046
2003-06-20,1.29773,1.30274,1.03709,1.07432,1.55046
2003-06-23,1.29773,1.30274,1.03709,1.07432,1.55046
2003-06-24,1.2949,1.30056,1.03662,1.07335,1.5437
2003-06-25,1.28792,1.29517,1.03547,1.07096,1.52706
2003-06-26,1.31846,1.31888,1.04053,1.08144,1.59948
2003-06-27,1.30145,1.30597,1.03776,1.07568,1.5582
2003-06-30,1.30668,1.31,1.03862,1.07747,1.57073
2003-07-01,1.32414,1.32335,1.04149,1.08341,1.61269
2003-07-02,1.35119,1.34378,1.04588,1.09254,1.67858
2003-07-03,1.33874,1.33457,1.04389,1.08839,1.64765
2003-07-07,1.33874,1.33457,1.04389,1.08839,1.64765
2003-07-08,1.33874,1.33457,1.04389,1.08839,1.64765
2003-07-09,1.33874,1.33457,1.04389,1.08839,1.64765
2003-07-10,1.33874,1.33457,1.04389,1.08839,1.64765
2003-07-11,1.33874,1.33457,1.04389,1.08839,1.64765
2003-07-14,1.33874,1.33457,1.04389,1.08839,1.64765
2003-07-15,1.33874,1.33457,1.04389,1.08839,1.64765
2003-07-16,1.33874,1.33457,1.04389,1.08839,1.64765
2003-07-17,1.33874,1.33457,1.04389,1.08839,1.64765
2003-07-18,1.33295,1.33025,1.04297,1.08647,1.63341
2003-07-21,1.31591,1.31746,1.04024,1.08079,1.59165
2003-07-22,1.33551,1.33236,1.04341,1.08737,1.63906
2003-07-23,1.34659,1.34066,1.04518,1.09105,1.66626
2003-07-24,1.35657,1.34806,1.04676,1.09435,1.69094
2003-07-25,1.35657,1.34806,1.04676,1.09435,1.69094
2003-07-28,1.35657,1.34806,1.04676,1.09435,1.69094
2003-07-29,1.35657,1.34806,1.04676,1.09435,1.69094
2003-07-30,1.35657,1.34806,1.04676,1.09435,1.69094
2003-07-31,1.35657,1.34806,1.04676,1.09435,1.69094
2003-08-01,1.35657,1.34806,1.04676,1.09435,1.69094
2003-08-04,1.35657,1.34806,1.04676,1.09435,1.69094
2003-08-05,1.35657,1.34806,1.04676,1.09435,1.69094
2003-08-06,1.3483,1.34197,1.04552,1.09177,1.67033
2003-08-07,1.35366,1.34594,1.04633,1.09345,1.6836
2003-08-08,1.34293,1.33802,1.04472,1.0901,1.65693
2003-08-11,1.35767,1.34899,1.04694,1.09473,1.69331
2003-08-12,1.37822,1.36413,1.05,1.10113,1.74455
2003-08-13,1.38288,1.36751,1.05069,1.10258,1.75636
2003-08-14,1.38288,1.36751,1.05069,1.10258,1.75636
2003-08-15,1.38288,1.36751,1.05069,1.10258,1.75636
2003-08-18,1.38288,1.36751,1.05069,1.10258,1.75636
2003-08-19,1.38288,1.36751,1.05069,1.10258,1.75636
2003-08-20,1.38288,1.36751,1.05069,1.10258,1.75636
2003-08-21,1.38288,1.36751,1.05069,1.10258,1.75636
2003-08-22,1.38288,1.36751,1.05069,1.10258,1.75636
2003-08-25,1.38288,1.36751,1.05069,1.10258,1.75636
2003-08-26,1.38288,1.36751,1.05069,1.10258,1.75636
2003-08-27,1.38288,1.36751,1.05069,1.10258,1.75636
2003-08-28,1.38288,1.36751,1.05069,1.10258,1.75636
2003-08-29,1.38288,1.36751,1.05069,1.10258,1.75636
2003-09-02,1.38288,1.36751,1.05069,1.10258,1.75636
2003-09-03,1.38288,1.36751,1.05069,1.10258,1.75636
2003-09-04,1.38288,1.36751,1.05069,1.10258,1.75636
2003-09-05,1.38288,1.36751,1.05069,1.10258,1.75636
2003-09-08,1.38288,1.36751,1.05069,1.10258,1.75636
2003-09-09,1.38288,1.36751,1.05069,1.10258,1.75636
2003-09-10,1.38288,1.36751,1.05069,1.10258,1.75636
2003-09-11,1.39714,1.37782,1.05348,1.10842,1.79258
2003-09-12,1.40462,1.38317,1.05493,1.11147,1.81177
2003-09-15,1.40475,1.38327,1.05495,1.11153,1.8121
2003-09-16,1.40475,1.38327,1.05495,1.11153,1.8121
2003-09-17,1.40475,1.38327,1.05495,1.11153,1.8121
2003-09-18,1.40475,1.38327,1.05495,1.11153,1.8121
2003-09-19,1.40475,1.38327,1.05495,1.11153,1.8121
2003-09-22,1.40475,1.38327,1.05495,1.11153,1.8121
2003-09-23,1.40475,1.38327,1.05495,1.11153,1.8121
2003-09-24,1.40475,1.38327,1.05495,1.11153,1.8121
2003-09-25,1.40475,1.38327,1.05495,1.11153,1.8121
2003-09-26,1.39081,1.37334,1.05261,1.1066,1.77614
2003-09-29,1.41472,1.39053,1.05665,1.11509,1.8372
2003-09-30,1.38398,1.36881,1.05153,1.10428,1.75737
2003-10-01,1.41515,1.39133,1.05682,1.11538,1.83652
2003-10-02,1.41984,1.39464,1.0576,1.11703,1.8487
2003-10-03,1.4443,1.41187,1.06167,1.12563,1.91241
2003-10-06,1.4443,1.41187,1.06167,1.12563,1.91241
2003-10-07,1.4443,1.41187,1.06167,1.12563,1.91241
2003-10-08,1.4443,1.41187,1.06167,1.12563,1.91241
2003-10-09,1.4443,1.41187,1.06167,1.12563,1.91241
2003-10-10,1.4443,1.41187,1.06167,1.12563,1.91241
2003-10-13,1.4443,1.41187,1.06167,1.12563,1.91241
2003-10-14,1.4443,1.41187,1.06167,1.12563,1.91241
2003-10-15,1.4443,1.41187,1.06167,1.12563,1.91241
2003-10-16,1.4443,1.41187,1.06167,1.12563,1.91241
2003-10-17,1.4443,1.41187,1.06167,1.12563,1.91241
2003-10-20,1.4443,1.41187,1.06167,1.12563,1.91241
2003-10-21,1.4443,1.41187,1.06167,1.12563,1.91241
2003-10-22,1.4443,1.41187,1.06167,1.12563,1.91241
2003-10-23,1.4443,1.41187,1.06167,1.12563,1.91241
2003-10-24,1.4611,1.4235,1.06482,1.13232,1.95689
2003-10-27,1.46379,1.42534,1.06532,1.13338,1.96408
2003-10-28,1.46379,1.42534,1.06532,1.13338,1.96408
2003-10-29,1.46379,1.42534,1.06532,1.13338,1.96408
2003-10-30,1.46379,1.42534,1.06532,1.13338,1.96408
2003-10-31,1.46379,1.42534,1.06532,1.13338,1.96408
2003-11-03,1.46379,1.42534,1.06532,1.13338,1.96408
2003-11-04,1.46379,1.42534,1.06532,1.13338,1.96408
2003-11-05,1.46379,1.42534,1.06532,1.13338,1.96408
2003-11-06,1.46379,1.42534,1.06532,1.13338,1.96408
2003-11-07,1.46379,1.42534,1.06532,1.13338,1.96408
2003-11-10,1.46379,1.42534,1.06532,1.13338,1.96408
2003-11-11,1.45931,1.42228,1.06444,1.13151,1.95207
2003-11-12,1.49053,1.44367,1.07059,1.14459,2.03559
2003-11-13,1.48886,1.44256,1.07027,1.1439,2.03104
2003-11-14,1.48978,1.44318,1.07045,1.14428,2.03355
2003-11-17,1.48978,1.44318,1.07045,1.14428,2.03355
2003-11-18,1.44676,1.4143,1.06244,1.12715,1.91611
2003-11-19,1.46085,1.42404,1.06512,1.13284,1.95342
2003-11-20,1.44676,1.41439,1.06246,1.12718,1.91575
2003-11-21,1.46171,1.42472,1.0653,1.13321,1.95533
2003-11-24,1.50228,1.45248,1.07296,1.14952,2.06386
2003-11-25,1.50622,1.4551,1.07369,1.15108,2.0747
2003-11-26,1.50622,1.4551,1.07369,1.15108,2.0747
2003-11-28,1.50622,1.4551,1.07369,1.15108,2.0747
2003-12-01,1.50622,1.4551,1.07369,1.15108,2.0747
2003-12-02,1.50622,1.4551,1.07369,1.15108,2.0747
2003-12-03,1.50622,1.4551,1.07369,1.15108,2.0747
2003-12-04,1.50622,1.4551,1.07369,1.15108,2.0747
2003-12-05,1.50622,1.4551,1.07369,1.15108,2.0747
2003-12-08,1.50622,1.4551,1.07369,1.15108,2.0747
2003-12-09,1.50622,1.4551,1.07369,1.15108,2.0747
2003-12-10,1.50809,1.45634,1.07403,1.1518,2.07984
2003-12-11,1.54038,1.47775,1.07981,1.16419,2.1689
2003-12-12,1.54005,1.47754,1.07975,1.16407,2.16797
2003-12-15,1.54005,1.47754,1.07975,1.16407,2.16797
2003-12-16,1.54005,1.47754,1.07975,1.16407,2.16797
2003-12-17,1.54005,1.47754,1.07975,1.16407,2.16797
2003-12-18,1.54005,1.47754,1.07975,1.16407,2.16797
2003-12-19,1.54005,1.47754,1.07975,1.16407,2.16797
2003-12-22,1.54005,1.47754,1.07975,1.16407,2.16797
2003-12-23,1.54005,1.47754,1.07975,1.16407,2.16797
2003-12-24,1.54005,1.47754,1.07975,1.16407,2.16797
2003-12-26,1.54005,1.47754,1.07975,1.16407,2.16797
2003-12-29,1.54005,1.47754,1.07975,1.16407,2.16797
2003-12-30,1.54005,1.47754,1.07975,1.16407,2.16797
2003-12-31,1.54005,1.47754,1.07975,1.16407,2.16797
2004-01-02,1.54005,1.47754,1.07975,1.16407,2.16797
2004-01-05,1.54005,1.47754,1.07975,1.16407,2.16797
2004-01-06,1.54005,1.47754,1.07975,1.16407,2.16797
2004-01-07,1.54005,1.47754,1.07975,1.16407,2.16797
2004-01-08,1.54005,1.47754,1.07975,1.16407,2.16797
2004-01-09,1.54005,1.47754,1.07975,1.16407,2.16797
2004-01-12,1.54005,1.47754,1.07975,1.16407,2.16797
2004-01-13,1.54005,1.47754,1.07975,1.16407,2.16797
2004-01-14,1.54005,1.47754,1.07975,1.16407,2.16797
2004-01-15,1.54005,1.47754,1.07975,1.16407,2.16797
2004-01-16,1.54005,1.47754,1.07975,1.16407,2.16797
2004-01-20,1.54005,1.47754,1.07975,1.16407,2.16797
2004-01-21,1.54005,1.47754,1.07975,1.16407,2.16797
2004-01-22,1.54005,1.47754,1.07975,1.16407,2.16797
2004-01-23,1.54005,1.47754,1.07975,1.16407,2.16797
2004-01-26,1.564,1.49309,1.08495,1.17528,2.23541
2004-01-27,1.52955,1.47106,1.07755,1.15924,2.13693
2004-01-28,1.50361,1.45411,1.07189,1.14707,2.06446
2004-01-29,1.50928,1.45788,1.07314,1.14975,2.08004
2004-01-30,1.50239,1.45331,1.07162,1.14649,2.06105
2004-02-02,1.49834,1.45062,1.07073,1.14458,2.04993
2004-02-03,1.49672,1.44954,1.07037,1.14381,2.04549
2004-02-04,1.4724,1.43329,1.06498,1.1323,1.97902
2004-02-05,1.47808,1.43714,1.06625,1.135,1.99427
2004-02-06,1.50483,1.45524,1.07223,1.14773,2.06646
2004-02-09,1.50442,1.45497,1.07214,1.14753,2.06534
2004-02-10,1.50685,1.45659,1.07268,1.14868,2.07202
2004-02-11,1.52306,1.46734,1.07625,1.15634,2.1166
2004-02-12,1.51987,1.46525,1.07555,1.15484,2.10773
2004-02-13,1.51987,1.46525,1.07555,1.15484,2.10773
2004-02-17,1.51987,1.46525,1.07555,1.15484,2.10773
2004-02-18,1.51987,1.46525,1.07555,1.15484,2.10773
2004-02-19,1.51987,1.46525,1.07555,1.15484,2.10773
2004-02-20,1.51987,1.46525,1.07555,1.15484,2.10773
2004-02-23,1.51987,1.46525,1.07555,1.15484,2.10773
2004-02-24,1.52162,1.4664,1.07589,1.15557,2.11259
2004-02-25,1.53083,1.47245,1.07767,1.15939,2.13815
2004-02-26,1.52546,1.46894,1.07664,1.15717,2.12316
2004-02-27,1.52546,1.46894,1.07664,1.15717,2.12316
2004-03-01,1.52546,1.46894,1.07664,1.15717,2.12316
2004-03-02,1.52546,1.46894,1.07664,1.15717,2.12316
2004-03-03,1.52546,1.46894,1.07664,1.15717,2.12316
2004-03-04,1.52546,1.46894,1.07664,1.15717,2.12316
2004-03-05,1.52546,1.46894,1.07664,1.15717,2.12316
2004-03-08,1.52546,1.46894,1.07664,1.15717,2.12316
2004-03-09,1.51831,1.46426,1.07524,1.15415,2.10325
2004-03-10,1.4983,1.45108,1.0713,1.1457,2.04781
2004-03-11,1.48468,1.44198,1.06859,1.13991,2.01057
2004-03-12,1.51193,1.46034,1.07404,1.15154,2.08438
2004-03-15,1.48552,1.44288,1.06883,1.14036,2.01158
2004-03-16,1.48808,1.4446,1.06934,1.14145,2.0185
2004-03-17,1.5115,1.46033,1.07402,1.15143,2.08203
2004-03-18,1.50469,1.45583,1.07267,1.14855,2.06327
2004-03-19,1.47956,1.43913,1.0677,1.13789,1.99437
2004-03-22,1.46083,1.42647,1.06394,1.12988,1.94387
2004-03-23,1.44891,1.41831,1.06153,1.12476,1.91214
2004-03-24,1.46551,1.42977,1.06491,1.13192,1.95597
2004-03-25,1.50469,1.4565,1.07282,1.14874,2.06054
2004-03-26,1.50223,1.45487,1.07233,1.1477,2.0538
2004-03-29,1.50223,1.45487,1.07233,1.1477,2.0538
2004-03-30,1.50223,1.45487,1.07233,1.1477,2.0538
2004-03-31,1.50223,1.45487,1.07233,1.1477,2.0538
2004-04-01,1.50223,1.45487,1.07233,1.1477,2.0538
2004-04-02,1.50223,1.45487,1.07233,1.1477,2.0538
2004-04-05,1.50223,1.45487,1.07233,1.1477,2.0538
2004-04-06,1.50223,1.45487,1.07233,1.1477,2.0538
2004-04-07,1.50223,1.45487,1.07233,1.1477,2.0538
2004-04-08,1.50223,1.45487,1.07233,1.1477,2.0538
2004-04-12,1.50223,1.45487,1.07233,1.1477,2.0538
2004-04-13,1.50223,1.45487,1.07233,1.1477,2.0538
2004-04-14,1.50223,1.45487,1.07233,1.1477,2.0538
2004-04-15,1.50223,1.45487,1.07233,1.1477,2.0538
2004-04-16,1.49692,1.45133,1.07125,1.14538,2.03928
2004-04-19,1.51517,1.46352,1.07498,1.15336,2.089
2004-04-20,1.47991,1.44025,1.06783,1.13802,1.99179
2004-04-21,1.49277,1.44894,1.07048,1.14367,2.0264
2004-04-22,1.53134,1.47478,1.07839,1.16057,2.13111
2004-04-23,1.53721,1.47861,1.07957,1.16311,2.14745
2004-04-26,1.53721,1.47861,1.07957,1.16311,2.14745
2004-04-27,1.53721,1.47861,1.07957,1.16311,2.14745
2004-04-28,1.53721,1.47861,1.07957,1.16311,2.14745
2004-04-29,1.51728,1.46565,1.07572,1.15481,2.09177
2004-04-30,1.48025,1.44124,1.06849,1.1393,1.98966
2004-05-03,1.4943,1.45073,1.07129,1.14525,2.02743
2004-05-04,1.50068,1.455,1.07254,1.14794,2.04475
2004-05-05,1.50716,1.45932,1.07382,1.15067,2.06241
2004-05-06,1.50716,1.45932,1.07382,1.15067,2.06241
2004-05-07,1.50716,1.45932,1.07382,1.15067,2.06241
2004-05-10,1.50716,1.45932,1.07382,1.15067,2.06241
2004-05-11,1.50716,1.45932,1.07382,1.15067,2.06241
2004-05-12,1.50716,1.45932,1.07382,1.15067,2.06241
2004-05-13,1.50716,1.45932,1.07382,1.15067,2.06241
2004-05-14,1.50716,1.45932,1.07382,1.15067,2.06241
2004-05-17,1.50716,1.45932,1.07382,1.15067,2.06241
2004-05-18,1.50716,1.45932,1.07382,1.15067,2.06241
2004-05-19,1.50716,1.45932,1.07382,1.15067,2.06241
2004-05-20,1.50716,1.45932,1.07382,1.15067,2.06241
2004-05-21,1.50716,1.45932,1.07382,1.15067,2.06241
2004-05-24,1.50716,1.45932,1.07382,1.15067,2.06241
2004-05-25,1.50716,1.45932,1.07382,1.15067,2.06241
2004-05-26,1.50716,1.45932,1.07382,1.15067,2.06241
2004-05-27,1.50716,1.45932,1.07382,1.15067,2.06241
2004-05-28,1.50716,1.45932,1.07382,1.15067,2.06241
2004-06-01,1.50716,1.45932,1.07382,1.15067,2.06241
2004-06-02,1.50716,1.45932,1.07382,1.15067,2.06241
2004-06-03,1.50716,1.45932,1.07382,1.15067,2.06241
2004-06-04,1.50019,1.4547,1.07232,1.14745,2.04334
2004-06-07,1.53584,1.47846,1.08003,1.16397,2.14045
2004-06-08,1.53792,1.47981,1.08048,1.16492,2.14623
2004-06-09,1.53217,1.47608,1.07925,1.16229,2.1302
2004-06-10,1.53217,1.47608,1.07925,1.16229,2.1302
2004-06-14,1.53217,1.47608,1.07925,1.16229,2.1302
2004-06-15,1.53217,1.47608,1.07925,1.16229,2.1302
2004-06-16,1.53217,1.47608,1.07925,1.16229,2.1302
2004-06-17,1.53217,1.47608,1.07925,1.16229,2.1302
2004-06-18,1.53217,1.47608,1.07925,1.16229,2.1302
2004-06-21,1.53217,1.47608,1.07925,1.16229,2.1302
2004-06-22,1.55343,1.48995,1.08402,1.17255,2.18931
2004-06-23,1.57206,1.50195,1.08816,1.18151,2.24183
2004-06-24,1.56704,1.49875,1.08705,1.1791,2.22751
2004-06-25,1.56704,1.49875,1.08705,1.1791,2.22751
2004-06-28,1.56704,1.49875,1.08705,1.1791,2.22751
2004-06-29,1.56704,1.49875,1.08705,1.1791,2.22751
2004-06-30,1.56704,1.49875,1.08705,1.1791,2.22751
2004-07-01,1.56704,1.49875,1.08705,1.1791,2.22751
2004-07-02,1.56704,1.49875,1.08705,1.1791,2.22751
2004-07-06,1.56704,1.49875,1.08705,1.1791,2.22751
2004-07-07,1.57236,1.50214,1.08814,1.18146,2.24262
2004-07-08,1.55493,1.49106,1.08459,1.17374,2.19292
2004-07-09,1.55711,1.49247,1.08504,1.17472,2.19907
2004-07-12,1.55058,1.48827,1.08369,1.17181,2.18061
2004-07-13,1.5484,1.48686,1.08324,1.17084,2.17449
2004-07-14,1.53272,1.47674,1.08001,1.16385,2.13045
2004-07-15,1.52749,1.47333,1.07893,1.16151,2.11591
2004-07-16,1.51007,1.46192,1.0753,1.1537,2.06765
2004-07-19,1.50703,1.4599,1.07466,1.15233,2.05931
2004-07-20,1.54317,1.48389,1.08226,1.16862,2.1581
2004-07-21,1.49831,1.45482,1.07299,1.1486,2.03263
2004-07-22,1.51879,1.46848,1.07731,1.15785,2.08817
2004-07-23,1.49004,1.44955,1.0713,1.14493,2.00912
2004-07-26,1.48351,1.44517,1.06991,1.14197,1.9915
2004-07-27,1.50398,1.45897,1.07426,1.15126,2.04647
2004-07-28,1.49744,1.45462,1.07289,1.14831,2.02868
2004-07-29,1.51486,1.46626,1.07657,1.15619,2.07589
2004-07-30,1.51965,1.46942,1.07757,1.15834,2.08902
2004-08-02,1.50671,1.4609,1.07486,1.15253,2.05342
2004-08-03,1.50671,1.4609,1.07486,1.15253,2.05342
2004-08-04,1.50671,1.4609,1.07486,1.15253,2.05342
2004-08-05,1.50671,1.4609,1.07486,1.15253,2.05342
2004-08-06,1.50671,1.4609,1.07486,1.15253,2.05342
2004-08-09,1.50671,1.4609,1.07486,1.15253,2.05342
2004-08-10,1.50671,1.4609,1.07486,1.15253,2.05342
2004-08-11,1.50671,1.4609,1.07486,1.15253,2.05342
2004-08-12,1.50671,1.4609,1.07486,1.15253,2.05342
2004-08-13,1.50671,1.4609,1.07486,1.15253,2.05342
2004-08-16,1.50671,1.4609,1.07486,1.15253,2.05342
2004-08-17,1.50671,1.4609,1.07486,1.15253,2.05342
2004-08-18,1.50671,1.4609,1.07486,1.15253,2.05342
2004-08-19,1.50671,1.4609,1.07486,1.15253,2.05342
2004-08-20,1.50671,1.4609,1.07486,1.15253,2.05342
2004-08-23,1.50671,1.4609,1.07486,1.15253,2.05342
2004-08-24,1.50671,1.4609,1.07486,1.15253,2.05342
2004-08-25,1.50671,1.4609,1.07486,1.15253,2.05342
2004-08-26,1.50671,1.4609,1.07486,1.15253,2.05342
2004-08-27,1.50671,1.4609,1.07486,1.15253,2.05342
2004-08-30,1.50671,1.4609,1.07486,1.15253,2.05342
2004-08-31,1.50671,1.4609,1.07486,1.15253,2.05342
2004-09-01,1.50671,1.4609,1.07486,1.15253,2.05342
2004-09-02,1.50671,1.4609,1.07486,1.15253,2.05342
2004-09-03,1.50671,1.4609,1.07486,1.15253,2.05342
2004-09-07,1.50671,1.4609,1.07486,1.15253,2.05342
2004-09-08,1.50671,1.4609,1.07486,1.15253,2.05342
2004-09-09,1.50671,1.4609,1.07486,1.15253,2.05342
2004-09-10,1.50671,1.4609,1.07486,1.15253,2.05342
2004-09-13,1.50671,1.4609,1.07486,1.15253,2.05342
2004-09-14,1.50671,1.4609,1.07486,1.15253,2.05342
2004-09-15,1.50671,1.4609,1.07486,1.15253,2.05342
2004-09-16,1.50671,1.4609,1.07486,1.15253,2.05342
2004-09-17,1.50671,1.4609,1.07486,1.15253,2.05342
2004-09-20,1.50671,1.4609,1.07486,1.15253,2.05342
2004-09-21,1.50671,1.4609,1.07486,1.15253,2.05342
2004-09-22,1.50671,1.4609,1.07486,1.15253,2.05342
2004-09-23,1.50671,1.4609,1.07486,1.15253,2.05342
2004-09-24,1.50671,1.4609,1.07486,1.15253,2.05342
2004-09-27,1.50671,1.4609,1.07486,1.15253,2.05342
2004-09-28,1.50671,1.4609,1.07486,1.15253,2.05342
2004-09-29,1.50671,1.4609,1.07486,1.15253,2.05342
2004-09-30,1.50671,1.4609,1.07486,1.15253,2.05342
2004-10-01,1.50671,1.4609,1.07486,1.15253,2.05342
2004-10-04,1.50671,1.4609,1.07486,1.15253,2.05342
2004-10-05,1.50671,1.4609,1.07486,1.15253,2.05342
2004-10-06,1.50671,1.4609,1.07486,1.15253,2.05342
2004-10-07,1.50671,1.4609,1.07486,1.15253,2.05342
2004-10-08,1.50671,1.4609,1.07486,1.15253,2.05342
2004-10-11,1.50671,1.4609,1.07486,1.15253,2.05342
2004-10-12,1.50671,1.4609,1.07486,1.15253,2.05342
2004-10-13,1.50671,1.4609,1.07486,1.15253,2.05342
2004-10-14,1.50671,1.4609,1.07486,1.15253,2.05342
2004-10-15,1.50671,1.4609,1.07486,1.15253,2.05342
2004-10-18,1.50671,1.4609,1.07486,1.15253,2.05342
2004-10-19,1.50671,1.4609,1.07486,1.15253,2.05342
2004-10-20,1.50671,1.4609,1.07486,1.15253,2.05342
2004-10-21,1.50671,1.4609,1.07486,1.15253,2.05342
2004-10-22,1.50671,1.4609,1.07486,1.15253,2.05342
2004-10-25,1.50671,1.4609,1.07486,1.15253,2.05342
2004-10-26,1.50671,1.4609,1.07486,1.15253,2.05342
2004-10-27,1.50671,1.4609,1.07486,1.15253,2.05342
2004-10-28,1.50671,1.4609,1.07486,1.15253,2.05342
2004-10-29,1.50671,1.4609,1.07486,1.15253,2.05342
2004-11-01,1.50671,1.4609,1.07486,1.15253,2.05342
2004-11-02,1.50671,1.4609,1.07486,1.15253,2.05342
2004-11-03,1.50671,1.4609,1.07486,1.15253,2.05342
2004-11-04,1.50671,1.4609,1.07486,1.15253,2.05342
2004-11-05,1.50671,1.4609,1.07486,1.15253,2.05342
2004-11-08,1.50671,1.4609,1.07486,1.15253,2.05342
2004-11-09,1.50671,1.4609,1.07486,1.15253,2.05342
2004-11-10,1.50671,1.4609,1.07486,1.15253,2.05342
2004-11-11,1.50671,1.4609,1.07486,1.15253,2.05342
2004-11-12,1.50671,1.4609,1.07486,1.15253,2.05342
2004-11-15,1.50671,1.4609,1.07486,1.15253,2.05342
2004-11-16,1.50671,1.4609,1.07486,1.15253,2.05342
2004-11-17,1.50671,1.4609,1.07486,1.15253,2.05342
2004-11-18,1.50671,1.4609,1.07486,1.15253,2.05342
2004-11-19,1.50671,1.4609,1.07486,1.15253,2.05342
2004-11-22,1.50671,1.4609,1.07486,1.15253,2.05342
2004-11-23,1.50671,1.4609,1.07486,1.15253,2.05342
2004-11-24,1.50671,1.4609,1.07486,1.15253,2.05342
2004-11-26,1.50671,1.4609,1.07486,1.15253,2.05342
2004-11-29,1.50671,1.4609,1.07486,1.15253,2.05342
2004-11-30,1.50671,1.4609,1.07486,1.15253,2.05342
2004-12-01,1.50671,1.4609,1.07486,1.15253,2.05342
2004-12-02,1.50671,1.4609,1.07486,1.15253,2.05342
2004-12-03,1.50671,1.4609,1.07486,1.15253,2.05342
2004-12-06,1.50671,1.4609,1.07486,1.15253,2.05342
2004-12-07,1.50671,1.4609,1.07486,1.15253,2.05342
2004-12-08,1.50671,1.4609,1.07486,1.15253,2.05342
2004-12-09,1.50671,1.4609,1.07486,1.15253,2.05342
2004-12-10,1.50671,1.4609,1.07486,1.15253,2.05342
2004-12-13,1.50671,1.4609,1.07486,1.15253,2.05342
2004-12-14,1.50671,1.4609,1.07486,1.15253,2.05342
2004-12-15,1.50671,1.4609,1.07486,1.15253,2.05342
2004-12-16,1.50671,1.4609,1.07486,1.15253,2.05342
2004-12-17,1.50671,1.4609,1.07486,1.15253,2.05342
2004-12-20,1.49187,1.45106,1.07098,1.14419,2.01298
2004-12-21,1.51014,1.4633,1.07579,1.15448,2.06228
2004-12-22,1.51204,1.46456,1.07629,1.15555,2.06747
2004-12-23,1.50672,1.46104,1.0749,1.15256,2.05292
2004-12-27,1.50672,1.46104,1.0749,1.15256,2.05292
2004-12-28,1.50672,1.46104,1.0749,1.15256,2.05292
2004-12-29,1.50672,1.46104,1.0749,1.15256,2.05292
2004-12-30,1.50672,1.46104,1.0749,1.15256,2.05292
2004-12-31,1.50672,1.46104,1.0749,1.15256,2.05292
2005-01-03,1.50672,1.46104,1.0749,1.15256,2.05292
2005-01-04,1.47218,1.43812,1.06521,1.13179,1.9588
2005-01-05,1.46307,1.43193,1.06262,1.12628,1.93455
2005-01-06,1.45586,1.427,1.06056,1.12192,1.91548
2005-01-07,1.46345,1.43221,1.06274,1.12652,1.93546
2005-01-10,1.46269,1.43169,1.06252,1.12606,1.93345
2005-01-11,1.45244,1.42469,1.05959,1.11985,1.90635
2005-01-12,1.46458,1.43305,1.06308,1.12722,1.93824
2005-01-13,1.44523,1.41983,1.05755,1.1155,1.887
2005-01-14,1.45889,1.42929,1.06148,1.1238,1.92269
2005-01-18,1.4699,1.43683,1.06463,1.13046,1.9517
2005-01-19,1.46955,1.43659,1.06453,1.13025,1.95076
2005-01-20,1.46955,1.43659,1.06453,1.13025,1.95076
2005-01-21,1.45196,1.42463,1.0604,1.12147,1.90408
2005-01-24,1.43158,1.41059,1.05557,1.11125,1.85062
2005-01-25,1.43864,1.41552,1.05725,1.1148,1.86886
2005-01-26,1.45588,1.4275,1.06137,1.12348,1.91367
2005-01-27,1.45392,1.42616,1.0609,1.1225,1.90851
2005-01-28,1.45789,1.42889,1.06184,1.12449,1.91894
2005-01-31,1.45789,1.42889,1.06184,1.12449,1.91894
2005-02-01,1.45789,1.42889,1.06184,1.12449,1.91894
2005-02-02,1.45789,1.42889,1.06184,1.12449,1.91894
2005-02-03,1.45789,1.42889,1.06184,1.12449,1.91894
2005-02-04,1.45789,1.42889,1.06184,1.12449,1.91894
2005-02-07,1.45789,1.42889,1.06184,1.12449,1.91894
2005-02-08,1.45789,1.42889,1.06184,1.12449,1.91894
2005-02-09,1.45789,1.42889,1.06184,1.12449,1.91894
2005-02-10,1.45286,1.42544,1.0606,1.12186,1.9057
2005-02-11,1.47437,1.44024,1.06592,1.1331,1.96211
2005-02-14,1.48102,1.44475,1.06754,1.13656,1.97981
2005-02-15,1.48145,1.44504,1.06765,1.13678,1.98096
2005-02-16,1.48145,1.44504,1.06765,1.13678,1.98096
2005-02-17,1.48145,1.44504,1.06765,1.13678,1.98096
2005-02-18,1.48145,1.44504,1.06765,1.13678,1.98096
2005-02-22,1.47511,1.44077,1.06606,1.13341,1.96402
2005-02-23,1.47711,1.44212,1.06657,1.13447,1.96935
2005-02-24,1.4959,1.45484,1.07127,1.14448,2.01945
2005-02-25,1.5043,1.46046,1.07336,1.14894,2.04213
2005-02-28,1.49716,1.45571,1.07159,1.14516,2.02272
2005-03-01,1.49716,1.45571,1.07159,1.14516,2.02272
2005-03-02,1.49716,1.45571,1.07159,1.14516,2.02272
2005-03-03,1.49716,1.45571,1.07159,1.14516,2.02272
2005-03-04,1.49716,1.45571,1.07159,1.14516,2.02272
2005-03-07,1.49716,1.45571,1.07159,1.14516,2.02272
2005-03-08,1.49716,1.45571,1.07159,1.14516,2.02272
2005-03-09,1.49716,1.45571,1.07159,1.14516,2.02272
2005-03-10,1.49716,1.45571,1.07159,1.14516,2.02272
2005-03-11,1.49716,1.45571,1.07159,1.14516,2.02272
2005-03-14,1.50043,1.45789,1.07234,1.14676,2.03156
2005-03-15,1.48837,1.44985,1.06958,1.14085,1.9989
2005-03-16,1.47149,1.43852,1.06569,1.13256,1.95358
2005-03-17,1.47511,1.44097,1.06653,1.13435,1.96318
2005-03-18,1.46707,1.43553,1.06467,1.13039,1.94179
2005-03-21,1.46989,1.43744,1.06532,1.13178,1.94924
2005-03-22,1.4518,1.42514,1.06112,1.12285,1.90128
2005-03-23,1.45702,1.42874,1.06235,1.12544,1.91496
2005-03-24,1.45743,1.42902,1.06244,1.12564,1.91602
2005-03-28,1.46024,1.43094,1.0631,1.12703,1.92341
2005-03-29,1.44859,1.42296,1.06038,1.12127,1.89271
2005-03-30,1.47591,1.44183,1.06679,1.13482,1.96411
2005-03-31,1.46948,1.43747,1.0653,1.13166,1.94701
2005-04-01,1.45462,1.42735,1.06185,1.12432,1.90761
2005-04-04,1.46506,1.43453,1.06429,1.12949,1.935
2005-04-05,1.46908,1.43728,1.06522,1.13148,1.94562
2005-04-06,1.47236,1.43951,1.06599,1.1331,1.95432
2005-04-07,1.47236,1.43951,1.06599,1.1331,1.95432
2005-04-08,1.47236,1.43951,1.06599,1.1331,1.95432
2005-04-11,1.47236,1.43951,1.06599,1.1331,1.95432
2005-04-12,1.47236,1.43951,1.06599,1.1331,1.95432
2005-04-13,1.47236,1.43951,1.06599,1.1331,1.95432
2005-04-14,1.47236,1.43951,1.06599,1.1331,1.95432
2005-04-15,1.47236,1.43951,1.06599,1.1331,1.95432
2005-04-18,1.47236,1.43951,1.06599,1.1331,1.95432
2005-04-19,1.47236,1.43951,1.06599,1.1331,1.95432
2005-04-20,1.47236,1.43951,1.06599,1.1331,1.95432
2005-04-21,1.47236,1.43951,1.06599,1.1331,1.95432
2005-04-22,1.47236,1.43951,1.06599,1.1331,1.95432
2005-04-25,1.47236,1.43951,1.06599,1.1331,1.95432
2005-04-26,1.47236,1.43951,1.06599,1.1331,1.95432
2005-04-27,1.47236,1.43951,1.06599,1.1331,1.95432
2005-04-28,1.47236,1.43951,1.06599,1.1331,1.95432
2005-04-29,1.47236,1.43951,1.06599,1.1331,1.95432
2005-05-02,1.47236,1.43951,1.06599,1.1331,1.95432
2005-05-03,1.47236,1.43951,1.06599,1.1331,1.95432
2005-05-04,1.47236,1.43951,1.06599,1.1331,1.95432
2005-05-05,1.47236,1.43951,1.06599,1.1331,1.95432
2005-05-06,1.47236,1.43951,1.06599,1.1331,1.95432
2005-05-09,1.47236,1.43951,1.06599,1.1331,1.95432
2005-05-10,1.47236,1.43951,1.06599,1.1331,1.95432
2005-05-11,1.47236,1.43951,1.06599,1.1331,1.95432
2005-05-12,1.47236,1.43951,1.06599,1.1331,1.95432
2005-05-13,1.47236,1.43951,1.06599,1.1331,1.95432
2005-05-16,1.47236,1.43951,1.06599,1.1331,1.95432
2005-05-17,1.47236,1.43951,1.06599,1.1331,1.95432
2005-05-18,1.47236,1.43951,1.06599,1.1331,1.95432
2005-05-19,1.47236,1.43951,1.06599,1.1331,1.95432
2005-05-20,1.47236,1.43951,1.06599,1.1331,1.95432
2005-05-23,1.47236,1.43951,1.06599,1.1331,1.95432
2005-05-24,1.47236,1.43951,1.06599,1.1331,1.95432
2005-05-25,1.47236,1.43951,1.06599,1.1331,1.95432
2005-05-26,1.47236,1.43951,1.06599,1.1331,1.95432
2005-05-27,1.47236,1.43951,1.06599,1.1331,1.95432
2005-05-31,1.47236,1.43951,1.06599,1.1331,1.95432
2005-06-01,1.47236,1.43951,1.06599,1.1331,1.95432
2005-06-02,1.47236,1.43951,1.06599,1.1331,1.95432
2005-06-03,1.47236,1.43951,1.06599,1.1331,1.95432
2005-06-06,1.47236,1.43951,1.06599,1.1331,1.95432
2005-06-07,1.47236,1.43951,1.06599,1.1331,1.95432
2005-06-08,1.46503,1.43453,1.06385,1.12856,1.93485
2005-06-09,1.47435,1.44089,1.06657,1.13433,1.95947
2005-06-10,1.45881,1.43035,1.06206,1.12473,1.91816
2005-06-13,1.4658,1.43515,1.0641,1.12906,1.93655
2005-06-14,1.45997,1.43117,1.0624,1.12545,1.92115
2005-06-15,1.46464,1.43436,1.06377,1.12834,1.93342
2005-06-16,1.47241,1.43967,1.06603,1.13315,1.95393
2005-06-17,1.4726,1.4398,1.06609,1.13327,1.95445
2005-06-20,1.4726,1.4398,1.06609,1.13327,1.95445
2005-06-21,1.47183,1.43928,1.06586,1.13279,1.95239
2005-06-22,1.47692,1.44273,1.06734,1.13594,1.9659
2005-06-23,1.47692,1.44273,1.06734,1.13594,1.9659
2005-06-24,1.45999,1.43127,1.06267,1.12598,1.92083
2005-06-27,1.45327,1.42667,1.0608,1.12202,1.90316
2005-06-28,1.4671,1.43618,1.06466,1.13018,1.93937
2005-06-29,1.46393,1.43403,1.06378,1.12832,1.93101
2005-06-30,1.45248,1.42621,1.0606,1.12157,1.9008
2005-07-01,1.45051,1.42485,1.06004,1.1204,1.89563
2005-07-05,1.46552,1.43519,1.06424,1.12926,1.93485
2005-07-06,1.45841,1.43034,1.06226,1.12508,1.91609
2005-07-07,1.46354,1.43386,1.06369,1.1281,1.92957
2005-07-08,1.49158,1.45302,1.07149,1.14463,2.00351
2005-07-11,1.49478,1.45517,1.07237,1.14651,2.01211
2005-07-12,1.49478,1.45517,1.07237,1.14651,2.01211
2005-07-13,1.49478,1.45517,1.07237,1.14651,2.01211
2005-07-14,1.49478,1.45517,1.07237,1.14651,2.01211
2005-07-15,1.49478,1.45517,1.07237,1.14651,2.01211
2005-07-18,1.49478,1.45517,1.07237,1.14651,2.01211
2005-07-19,1.49478,1.45517,1.07237,1.14651,2.01211
2005-07-20,1.49478,1.45517,1.07237,1.14651,2.01211
2005-07-21,1.49478,1.45517,1.07237,1.14651,2.01211
2005-07-22,1.49478,1.45517,1.07237,1.14651,2.01211
2005-07-25,1.49478,1.45517,1.07237,1.14651,2.01211
2005-07-26,1.49478,1.45517,1.07237,1.14651,2.01211
2005-07-27,1.49478,1.45517,1.07237,1.14651,2.01211
2005-07-28,1.49478,1.45517,1.07237,1.14651,2.01211
2005-07-29,1.49478,1.45517,1.07237,1.14651,2.01211
2005-08-01,1.49478,1.45517,1.07237,1.14651,2.01211
2005-08-02,1.49478,1.45517,1.07237,1.14651,2.01211
2005-08-03,1.49478,1.45517,1.07237,1.14651,2.01211
2005-08-04,1.49478,1.45517,1.07237,1.14651,2.01211
2005-08-05,1.49478,1.45517,1.07237,1.14651,2.01211
2005-08-08,1.48156,1.44632,1.06789,1.13694,1.97651
2005-08-09,1.49139,1.45296,1.07123,1.14406,2.00274
2005-08-10,1.47854,1.44434,1.06687,1.13475,1.96822
2005-08-11,1.49063,1.45252,1.07099,1.14351,2.00042
2005-08-12,1.48231,1.44694,1.06817,1.13749,1.9781
2005-08-15,1.47893,1.44466,1.06702,1.13504,1.96906
2005-08-16,1.47893,1.44466,1.06702,1.13504,1.96906
2005-08-17,1.47893,1.44466,1.06702,1.13504,1.96906
2005-08-18,1.47893,1.44466,1.06702,1.13504,1.96906
2005-08-19,1.47893,1.44466,1.06702,1.13504,1.96906
2005-08-22,1.47893,1.44466,1.06702,1.13504,1.96906
2005-08-23,1.47893,1.44466,1.06702,1.13504,1.96906
2005-08-24,1.47893,1.44466,1.06702,1.13504,1.96906
2005-08-25,1.47895,1.44467,1.06703,1.13505,1.96913
2005-08-26,1.47397,1.44131,1.06551,1.13183,1.95587
2005-08-29,1.48547,1.4491,1.06902,1.13928,1.98638
2005-08-30,1.48011,1.44549,1.06739,1.13581,1.97203
2005-08-31,1.48013,1.44551,1.0674,1.13582,1.9721
2005-09-01,1.48013,1.44551,1.0674,1.13582,1.9721
2005-09-02,1.48013,1.44551,1.0674,1.13582,1.9721
2005-09-06,1.48013,1.44551,1.0674,1.13582,1.9721
2005-09-07,1.48013,1.44551,1.0674,1.13582,1.9721
2005-09-08,1.48013,1.44551,1.0674,1.13582,1.9721
2005-09-09,1.48013,1.44551,1.0674,1.13582,1.9721
2005-09-12,1.48013,1.44551,1.0674,1.13582,1.9721
2005-09-13,1.48013,1.44551,1.0674,1.13582,1.9721
2005-09-14,1.48013,1.44551,1.0674,1.13582,1.9721
2005-09-15,1.47563,1.44247,1.06587,1.13257,1.9601
2005-09-16,1.48467,1.4486,1.06894,1.1391,1.98412
2005-09-19,1.47299,1.44073,1.06498,1.13066,1.95289
2005-09-20,1.46696,1.43664,1.06293,1.12631,1.93692
2005-09-21,1.45076,1.42559,1.05741,1.11459,1.89413
2005-09-22,1.45603,1.42922,1.05921,1.11841,1.90789
2005-09-23,1.46017,1.43207,1.06063,1.1214,1.91876
2005-09-26,1.46773,1.43725,1.06322,1.12687,1.93861
2005-09-27,1.46773,1.43725,1.06322,1.12687,1.93861
2005-09-28,1.46773,1.43725,1.06322,1.12687,1.93861
2005-09-29,1.46773,1.43725,1.06322,1.12687,1.93861
2005-09-30,1.46773,1.43725,1.06322,1.12687,1.93861
2005-10-03,1.46773,1.43725,1.06322,1.12687,1.93861
2005-10-04,1.46773,1.43725,1.06322,1.12687,1.93861
2005-10-05,1.46773,1.43725,1.06322,1.12687,1.93861
2005-10-06,1.44881,1.42436,1.05748,1.1147,1.88865
2005-10-07,1.45222,1.42671,1.05852,1.1169,1.89754
2005-10-10,1.44427,1.42123,1.05609,1.11177,1.87675
2005-10-11,1.43707,1.41625,1.05388,1.10712,1.85804
2005-10-12,1.42003,1.40439,1.04865,1.09612,1.81397
2005-10-13,1.43101,1.41212,1.05205,1.10323,1.84203
2005-10-14,1.44162,1.41954,1.05531,1.11008,1.86934
2005-10-17,1.44128,1.4193,1.05521,1.10986,1.86845
2005-10-18,1.44128,1.4193,1.05521,1.10986,1.86845
2005-10-19,1.44128,1.4193,1.05521,1.10986,1.86845
2005-10-20,1.44128,1.4193,1.05521,1.10986,1.86845
2005-10-21,1.44128,1.4193,1.05521,1.10986,1.86845
2005-10-24,1.44128,1.4193,1.05521,1.10986,1.86845
2005-10-25,1.44128,1.4193,1.05521,1.10986,1.86845
2005-10-26,1.44128,1.4193,1.05521,1.10986,1.86845
2005-10-27,1.44128,1.4193,1.05521,1.10986,1.86845
2005-10-28,1.4466,1.42299,1.05658,1.11274,1.88224
2005-10-31,1.46736,1.43734,1.0619,1.12395,1.93628
2005-11-01,1.46323,1.43453,1.06085,1.12173,1.92538
2005-11-02,1.46323,1.43453,1.06085,1.12173,1.92538
2005-11-03,1.46323,1.43453,1.06085,1.12173,1.92538
2005-11-04,1.46323,1.43453,1.06085,1.12173,1.92538
2005-11-07,1.46323,1.43453,1.06085,1.12173,1.92538
2005-11-08,1.46323,1.43453,1.06085,1.12173,1.92538
2005-11-09,1.46323,1.43453,1.06085,1.12173,1.92538
2005-11-10,1.46323,1.43453,1.06085,1.12173,1.92538
2005-11-11,1.46323,1.43453,1.06085,1.12173,1.92538
2005-11-14,1.46323,1.43453,1.06085,1.12173,1.92538
2005-11-15,1.46323,1.43453,1.06085,1.12173,1.92538
2005-11-16,1.46323,1.43453,1.06085,1.12173,1.92538
2005-11-17,1.46323,1.43453,1.06085,1.12173,1.92538
2005-11-18,1.46323,1.43453,1.06085,1.12173,1.92538
2005-11-21,1.46323,1.43453,1.06085,1.12173,1.92538
2005-11-22,1.46323,1.43453,1.06085,1.12173,1.92538
2005-11-23,1.46323,1.43453,1.06085,1.12173,1.92538
2005-11-25,1.46323,1.43453,1.06085,1.12173,1.92538
2005-11-28,1.46323,1.43453,1.06085,1.12173,1.92538
2005-11-29,1.46323,1.43453,1.06085,1.12173,1.92538
2005-11-30,1.46109,1.43307,1.06014,1.12023,1.91974
2005-12-01,1.48837,1.45174,1.06918,1.13932,1.99143
2005-12-02,1.49191,1.45411,1.07034,1.1418,2.0009
2005-12-05,1.48939,1.45243,1.06951,1.14004,1.99415
2005-12-06,1.48939,1.45243,1.06951,1.14004,1.99415
2005-12-07,1.48939,1.45243,1.06951,1.14004,1.99415
2005-12-08,1.48939,1.45243,1.06951,1.14004,1.99415
2005-12-09,1.49438,1.45578,1.07108,1.14338,2.0075
2005-12-12,1.49975,1.45937,1.07277,1.14699,2.02194
2005-12-13,1.50584,1.46343,1.07468,1.15107,2.03836
2005-12-14,1.50083,1.4601,1.07311,1.14771,2.02479
2005-12-15,1.50333,1.46177,1.0739,1.14939,2.03155
2005-12-16,1.49296,1.45487,1.07065,1.14244,2.0035
2005-12-19,1.46926,1.439,1.0632,1.12654,1.9399
2005-12-20,1.47034,1.43973,1.06354,1.12727,1.94275
2005-12-21,1.4768,1.44413,1.06559,1.13161,1.95983
2005-12-22,1.48649,1.45069,1.06866,1.13812,1.98555
2005-12-23,1.4897,1.45285,1.06967,1.14027,1.99411
2005-12-27,1.4897,1.45285,1.06967,1.14027,1.99411
2005-12-28,1.4897,1.45285,1.06967,1.14027,1.99411
2005-12-29,1.4897,1.45285,1.06967,1.14027,1.99411
2005-12-30,1.48418,1.44914,1.06791,1.13653,1.97933
2006-01-03,1.51723,1.47141,1.07844,1.15894,2.0675
2006-01-04,1.53302,1.48182,1.08341,1.16962,2.11053
2006-01-05,1.53263,1.48156,1.08329,1.16936,2.10944
2006-01-06,1.53263,1.48156,1.08329,1.16936,2.10944
2006-01-09,1.53263,1.48156,1.08329,1.16936,2.10944
2006-01-10,1.53263,1.48156,1.08329,1.16936,2.10944
2006-01-11,1.53263,1.48156,1.08329,1.16936,2.10944
2006-01-12,1.53263,1.48156,1.08329,1.16936,2.10944
2006-01-13,1.53263,1.48156,1.08329,1.16936,2.10944
2006-01-17,1.53263,1.48156,1.08329,1.16936,2.10944
2006-01-18,1.53263,1.48156,1.08329,1.16936,2.10944
2006-01-19,1.53547,1.48342,1.08416,1.17123,2.11727
2006-01-20,1.53254,1.48151,1.08326,1.1693,2.10918
2006-01-23,1.52807,1.47859,1.0821,1.16679,2.09689
2006-01-24,1.53474,1.48295,1.08384,1.17054,2.11518
2006-01-25,1.52807,1.47861,1.0821,1.16679,2.09681
2006-01-26,1.53881,1.48564,1.0849,1.17283,2.12628
2006-01-27,1.55955,1.49912,1.09029,1.18449,2.1836
2006-01-30,1.56136,1.50028,1.09076,1.1855,2.18866
2006-01-31,1.56136,1.50028,1.09076,1.1855,2.18866
2006-02-01,1.56136,1.50028,1.09076,1.1855,2.18866
2006-02-02,1.56136,1.50028,1.09076,1.1855,2.18866
2006-02-03,1.55299,1.49492,1.08854,1.18068,2.1652
2006-02-06,1.54881,1.49223,1.08743,1.17827,2.15355
2006-02-07,1.54198,1.48782,1.08561,1.17433,2.13456
2006-02-08,1.55982,1.49938,1.09038,1.18463,2.18394
2006-02-09,1.54502,1.48989,1.08645,1.17611,2.14249
2006-02-10,1.55451,1.49604,1.08898,1.18159,2.16881
2006-02-13,1.53667,1.48456,1.08425,1.17131,2.11904
2006-02-14,1.55223,1.49469,1.08841,1.1803,2.16195
2006-02-15,1.5621,1.50105,1.09103,1.18599,2.18944
2006-02-16,1.56701,1.50419,1.09233,1.18881,2.2032
2006-02-17,1.56701,1.50419,1.09233,1.18881,2.2032
2006-02-21,1.56701,1.50419,1.09233,1.18881,2.2032
2006-02-22,1.56701,1.50419,1.09233,1.18881,2.2032
2006-02-23,1.56701,1.50419,1.09233,1.18881,2.2032
2006-02-24,1.56701,1.50419,1.09233,1.18881,2.2032
2006-02-27,1.56701,1.50419,1.09233,1.18881,2.2032
2006-02-28,1.56701,1.50419,1.09233,1.18881,2.2032
2006-03-01,1.56701,1.50419,1.09233,1.18881,2.2032
2006-03-02,1.56701,1.50419,1.09233,1.18881,2.2032
2006-03-03,1.56701,1.50419,1.09233,1.18881,2.2032
2006-03-06,1.56701,1.50419,1.09233,1.18881,2.2032
2006-03-07,1.56701,1.50419,1.09233,1.18881,2.2032
2006-03-08,1.57045,1.50639,1.0932,1.1907,2.2129
2006-03-09,1.557,1.49782,1.08982,1.18334,2.17499
2006-03-10,1.55854,1.49881,1.09021,1.18418,2.17928
2006-03-13,1.56315,1.50177,1.09137,1.18671,2.19218
2006-03-14,1.58967,1.51873,1.09805,1.20124,2.26655
2006-03-15,1.60312,1.52719,1.10141,1.20858,2.3049
2006-03-16,1.60731,1.52981,1.10244,1.21086,2.31695
2006-03-17,1.60731,1.52981,1.10244,1.21086,2.31695
2006-03-20,1.60731,1.52981,1.10244,1.21086,2.31695
2006-03-21,1.60731,1.52981,1.10244,1.21086,2.31695
2006-03-22,1.60731,1.52981,1.10244,1.21086,2.31695
2006-03-23,1.60731,1.52981,1.10244,1.21086,2.31695
2006-03-24,1.60731,1.52981,1.10244,1.21086,2.31695
2006-03-27,1.60731,1.52981,1.10244,1.21086,2.31695
2006-03-28,1.60731,1.52981,1.10244,1.21086,2.31695
2006-03-29,1.60731,1.52981,1.10244,1.21086,2.31695
2006-03-30,1.60731,1.52981,1.10244,1.21086,2.31695
2006-03-31,1.60731,1.52981,1.10244,1.21086,2.31695
2006-04-03,1.60731,1.52981,1.10244,1.21086,2.31695
2006-04-04,1.60731,1.52981,1.10244,1.21086,2.31695
2006-04-05,1.60731,1.52981,1.10244,1.21086,2.31695
2006-04-06,1.60731,1.52981,1.10244,1.21086,2.31695
2006-04-07,1.60731,1.52981,1.10244,1.21086,2.31695
2006-04-10,1.60731,1.52981,1.10244,1.21086,2.31695
2006-04-11,1.60731,1.52981,1.10244,1.21086,2.31695
2006-04-12,1.60612,1.52907,1.10213,1.21017,2.31354
2006-04-13,1.61263,1.53312,1.10386,1.21397,2.33229
2006-04-17,1.59578,1.52267,1.09939,1.20412,2.28355
2006-04-18,1.62643,1.54188,1.10758,1.22208,2.37125
2006-04-19,1.6337,1.54635,1.10951,1.22633,2.39247
2006-04-20,1.6325,1.54562,1.10919,1.22563,2.38896
2006-04-21,1.6325,1.54562,1.10919,1.22563,2.38896
2006-04-24,1.6325,1.54562,1.10919,1.22563,2.38896
2006-04-25,1.6325,1.54562,1.10919,1.22563,2.38896
2006-04-26,1.63169,1.54512,1.10898,1.22516,2.38657
2006-04-27,1.64728,1.55467,1.11303,1.23411,2.43218
2006-04-28,1.6313,1.54497,1.1089,1.22495,2.38498
2006-05-01,1.61532,1.53517,1.10475,1.21578,2.33826
2006-05-02,1.6196,1.53783,1.10587,1.21825,2.35067
2006-05-03,1.61726,1.53638,1.10526,1.2169,2.34388
2006-05-04,1.63052,1.54458,1.10872,1.22453,2.38229
2006-05-05,1.64338,1.55247,1.11206,1.23191,2.41988
2006-05-08,1.63944,1.55007,1.11105,1.22965,2.40829
2006-05-09,1.63944,1.55007,1.11105,1.22965,2.40829
2006-05-10,1.63944,1.55007,1.11105,1.22965,2.40829
2006-05-11,1.6036,1.52821,1.10063,1.20661,2.30297
2006-05-12,1.58195,1.51471,1.09427,1.19265,2.24079
2006-05-15,1.58077,1.51396,1.09392,1.19188,2.23745
2006-05-16,1.56896,1.50649,1.09041,1.18425,2.20401
2006-05-17,1.5477,1.49294,1.08408,1.1705,2.1443
2006-05-18,1.53707,1.48607,1.08089,1.16361,2.11485
2006-05-19,1.54888,1.49376,1.08445,1.17127,2.14734
2006-05-22,1.53392,1.4841,1.07996,1.16158,2.10586
2006-05-23,1.51897,1.47435,1.07545,1.15187,2.0648
2006-05-24,1.5292,1.48109,1.07856,1.15852,2.09262
2006-05-25,1.54928,1.49421,1.08462,1.17156,2.14757
2006-05-26,1.55204,1.496,1.08545,1.17335,2.15524
2006-05-30,1.55204,1.496,1.08545,1.17335,2.15524
2006-05-31,1.55204,1.496,1.08545,1.17335,2.15524
2006-06-01,1.55204,1.496,1.08545,1.17335,2.15524
2006-06-02,1.55204,1.496,1.08545,1.17335,2.15524
2006-06-05,1.55204,1.496,1.08545,1.17335,2.15524
2006-06-06,1.55204,1.496,1.08545,1.17335,2.15524
2006-06-07,1.55204,1.496,1.08545,1.17335,2.15524
2006-06-08,1.55204,1.496,1.08545,1.17335,2.15524
2006-06-09,1.55204,1.496,1.08545,1.17335,2.15524
2006-06-12,1.55204,1.496,1.08545,1.17335,2.15524
2006-06-13,1.55204,1.496,1.08545,1.17335,2.15524
2006-06-14,1.55204,1.496,1.08545,1.17335,2.15524
2006-06-15,1.55204,1.496,1.08545,1.17335,2.15524
2006-06-16,1.55204,1.496,1.08545,1.17335,2.15524
2006-06-19,1.55204,1.496,1.08545,1.17335,2.15524
2006-06-20,1.55204,1.496,1.08545,1.17335,2.15524
2006-06-21,1.55204,1.496,1.08545,1.17335,2.15524
2006-06-22,1.55204,1.496,1.08545,1.17335,2.15524
2006-06-23,1.55204,1.496,1.08545,1.17335,2.15524
2006-06-26,1.55204,1.496,1.08545,1.17335,2.15524
2006-06-27,1.55204,1.496,1.08545,1.17335,2.15524
2006-06-28,1.55204,1.496,1.08545,1.17335,2.15524
2006-06-29,1.55204,1.496,1.08545,1.17335,2.15524
2006-06-30,1.55204,1.496,1.08545,1.17335,2.15524
2006-07-03,1.55204,1.496,1.08545,1.17335,2.15524
2006-07-05,1.55204,1.496,1.08545,1.17335,2.15524
2006-07-06,1.55204,1.496,1.08545,1.17335,2.15524
2006-07-07,1.55204,1.496,1.08545,1.17335,2.15524
2006-07-10,1.55204,1.496,1.08545,1.17335,2.15524
2006-07-11,1.55204,1.496,1.08545,1.17335,2.15524
2006-07-12,1.55204,1.496,1.08545,1.17335,2.15524
2006-07-13,1.55204,1.496,1.08545,1.17335,2.15524
2006-07-14,1.55204,1.496,1.08545,1.17335,2.15524
2006-07-17,1.55204,1.496,1.08545,1.17335,2.15524
2006-07-18,1.55204,1.496,1.08545,1.17335,2.15524
2006-07-19,1.55204,1.496,1.08545,1.17335,2.15524
2006-07-20,1.55204,1.496,1.08545,1.17335,2.15524
2006-07-21,1.55204,1.496,1.08545,1.17335,2.15524
2006-07-24,1.55204,1.496,1.08545,1.17335,2.15524
2006-07-25,1.55204,1.496,1.08545,1.17335,2.15524
2006-07-26,1.55204,1.496,1.08545,1.17335,2.15524
2006-07-27,1.55204,1.496,1.08545,1.17335,2.15524
2006-07-28,1.55204,1.496,1.08545,1.17335,2.15524
2006-07-31,1.55204,1.496,1.08545,1.17335,2.15524
2006-08-01,1.55204,1.496,1.08545,1.17335,2.15524
2006-08-02,1.55204,1.496,1.08545,1.17335,2.15524
2006-08-03,1.55204,1.496,1.08545,1.17335,2.15524
2006-08-04,1.55204,1.496,1.08545,1.17335,2.15524
2006-08-07,1.55204,1.496,1.08545,1.17335,2.15524
2006-08-08,1.55204,1.496,1.08545,1.17335,2.15524
2006-08-09,1.55204,1.496,1.08545,1.17335,2.15524
2006-08-10,1.55204,1.496,1.08545,1.17335,2.15524
2006-08-11,1.55204,1.496,1.08545,1.17335,2.15524
2006-08-14,1.55204,1.496,1.08545,1.17335,2.15524
2006-08-15,1.55204,1.496,1.08545,1.17335,2.15524
2006-08-16,1.55204,1.496,1.08545,1.17335,2.15524
2006-08-17,1.55204,1.496,1.08545,1.17335,2.15524
2006-08-18,1.55204,1.496,1.08545,1.17335,2.15524
2006-08-21,1.55204,1.496,1.08545,1.17335,2.15524
2006-08-22,1.55204,1.496,1.08545,1.17335,2.15524
2006-08-23,1.55204,1.496,1.08545,1.17335,2.15524
2006-08-24,1.55204,1.496,1.08545,1.17335,2.15524
2006-08-25,1.55204,1.496,1.08545,1.17335,2.15524
2006-08-28,1.55204,1.496,1.08545,1.17335,2.15524
2006-08-29,1.55204,1.496,1.08545,1.17335,2.15524
2006-08-30,1.55204,1.496,1.08545,1.17335,2.15524
2006-08-31,1.55204,1.496,1.08545,1.17335,2.15524
2006-09-01,1.55204,1.496,1.08545,1.17335,2.15524
2006-09-05,1.55204,1.496,1.08545,1.17335,2.15524
2006-09-06,1.55204,1.496,1.08545,1.17335,2.15524
2006-09-07,1.55204,1.496,1.08545,1.17335,2.15524
2006-09-08,1.55204,1.496,1.08545,1.17335,2.15524
2006-09-11,1.55204,1.496,1.08545,1.17335,2.15524
2006-09-12,1.55204,1.496,1.08545,1.17335,2.15524
2006-09-13,1.55204,1.496,1.08545,1.17335,2.15524
2006-09-14,1.55204,1.496,1.08545,1.17335,2.15524
2006-09-15,1.55204,1.496,1.08545,1.17335,2.15524
2006-09-18,1.55204,1.496,1.08545,1.17335,2.15524
2006-09-19,1.55204,1.496,1.08545,1.17335,2.15524
2006-09-20,1.55204,1.496,1.08545,1.17335,2.15524
2006-09-21,1.55204,1.496,1.08545,1.17335,2.15524
2006-09-22,1.55204,1.496,1.08545,1.17335,2.15524
2006-09-25,1.55204,1.496,1.08545,1.17335,2.15524
2006-09-26,1.55204,1.496,1.08545,1.17335,2.15524
2006-09-27,1.55204,1.496,1.08545,1.17335,2.15524
2006-09-28,1.55204,1.496,1.08545,1.17335,2.15524
2006-09-29,1.55204,1.496,1.08545,1.17335,2.15524
2006-10-02,1.55204,1.496,1.08545,1.17335,2.15524
2006-10-03,1.56251,1.50274,1.08806,1.17898,2.1843
2006-10-04,1.60088,1.5273,1.09756,1.19958,2.29159
2006-10-05,1.60008,1.5268,1.09737,1.19915,2.2893
2006-10-06,1.60008,1.5268,1.09737,1.19915,2.2893
2006-10-09,1.60008,1.5268,1.09737,1.19915,2.2893
2006-10-10,1.60008,1.5268,1.09737,1.19915,2.2893
2006-10-11,1.60008,1.5268,1.09737,1.19915,2.2893
2006-10-12,1.60008,1.5268,1.09737,1.19915,2.2893
2006-10-13,1.60008,1.5268,1.09737,1.19915,2.2893
2006-10-16,1.60008,1.5268,1.09737,1.19915,2.2893
2006-10-17,1.60008,1.5268,1.09737,1.19915,2.2893
2006-10-18,1.60008,1.5268,1.09737,1.19915,2.2893
2006-10-19,1.60008,1.5268,1.09737,1.19915,2.2893
2006-10-20,1.60008,1.5268,1.09737,1.19915,2.2893
2006-10-23,1.60008,1.5268,1.09737,1.19915,2.2893
2006-10-24,1.60008,1.5268,1.09737,1.19915,2.2893
2006-10-25,1.60008,1.5268,1.09737,1.19915,2.2893
2006-10-26,1.60008,1.5268,1.09737,1.19915,2.2893
2006-10-27,1.60008,1.5268,1.09737,1.19915,2.2893
2006-10-30,1.60008,1.5268,1.09737,1.19915,2.2893
2006-10-31,1.60008,1.5268,1.09737,1.19915,2.2893
2006-11-01,1.60008,1.5268,1.09737,1.19915,2.2893
2006-11-02,1.60008,1.5268,1.09737,1.19915,2.2893
2006-11-03,1.60008,1.5268,1.09737,1.19915,2.2893
2006-11-06,1.60008,1.5268,1.09737,1.19915,2.2893
2006-11-07,1.60008,1.5268,1.09737,1.19915,2.2893
2006-11-08,1.60008,1.5268,1.09737,1.19915,2.2893
2006-11-09,1.60008,1.5268,1.09737,1.19915,2.2893
2006-11-10,1.60008,1.5268,1.09737,1.19915,2.2893
2006-11-13,1.60008,1.5268,1.09737,1.19915,2.2893
2006-11-14,1.60008,1.5268,1.09737,1.19915,2.2893
2006-11-15,1.60008,1.5268,1.09737,1.19915,2.2893
2006-11-16,1.60008,1.5268,1.09737,1.19915,2.2893
2006-11-17,1.60008,1.5268,1.09737,1.19915,2.2893
2006-11-20,1.60008,1.5268,1.09737,1.19915,2.2893
2006-11-21,1.60008,1.5268,1.09737,1.19915,2.2893
2006-11-22,1.60008,1.5268,1.09737,1.19915,2.2893
2006-11-24,1.60008,1.5268,1.09737,1.19915,2.2893
2006-11-27,1.60008,1.5268,1.09737,1.19915,2.2893
2006-11-28,1.60884,1.53227,1.09969,1.20424,2.31435
2006-11-29,1.61987,1.53913,1.10261,1.21063,2.34608
2006-11-30,1.61832,1.53818,1.10221,1.20974,2.34161
2006-12-01,1.61832,1.53818,1.10221,1.20974,2.34161
2006-12-04,1.61832,1.53818,1.10221,1.20974,2.34161
2006-12-05,1.61832,1.53818,1.10221,1.20974,2.34161
2006-12-06,1.61832,1.53818,1.10221,1.20974,2.34161
2006-12-07,1.61832,1.53818,1.10221,1.20974,2.34161
2006-12-08,1.61832,1.53818,1.10221,1.20974,2.34161
2006-12-11,1.61832,1.53818,1.10221,1.20974,2.34161
2006-12-12,1.61832,1.53818,1.10221,1.20974,2.34161
2006-12-13,1.61832,1.53818,1.10221,1.20974,2.34161
2006-12-14,1.61832,1.53818,1.10221,1.20974,2.34161
2006-12-15,1.61832,1.53818,1.10221,1.20974,2.34161
2006-12-18,1.61832,1.53818,1.10221,1.20974,2.34161
2006-12-19,1.61832,1.53818,1.10221,1.20974,2.34161
2006-12-20,1.61832,1.53818,1.10221,1.20974,2.34161
2006-12-21,1.6042,1.52945,1.09873,1.2021,2.30074
2006-12-22,1.58756,1.51908,1.09461,1.19309,2.253
2006-12-26,1.59421,1.52327,1.09627,1.1967,2.2719
2006-12-27,1.60235,1.52837,1.09829,1.20112,2.29509
2006-12-28,1.59674,1.52487,1.0969,1.19808,2.27903
2006-12-29,1.59674,1.52487,1.0969,1.19808,2.27903
2007-01-03,1.59674,1.52487,1.0969,1.19808,2.27903
2007-01-04,1.59674,1.52487,1.0969,1.19808,2.27903
2007-01-05,1.59674,1.52487,1.0969,1.19808,2.27903
2007-01-08,1.59674,1.52487,1.0969,1.19808,2.27903
2007-01-09,1.59674,1.52487,1.0969,1.19808,2.27903
2007-01-10,1.59674,1.52487,1.0969,1.19808,2.27903
2007-01-11,1.59674,1.52487,1.0969,1.19808,2.27903
2007-01-12,1.59674,1.52487,1.0969,1.19808,2.27903
2007-01-16,1.59674,1.52487,1.0969,1.19808,2.27903
2007-01-17,1.59674,1.52487,1.0969,1.19808,2.27903
2007-01-18,1.59674,1.52487,1.0969,1.19808,2.27903
2007-01-19,1.6032,1.52892,1.0985,1.20157,2.29747
2007-01-22,1.58578,1.51805,1.0942,1.19218,2.24753
2007-01-23,1.58179,1.51553,1.09321,1.19002,2.23622
2007-01-24,1.60792,1.53206,1.09971,1.20416,2.31011
2007-01-25,1.58723,1.51919,1.09462,1.19302,2.25066
2007-01-26,1.58143,1.51553,1.09318,1.18988,2.2342
2007-01-29,1.58288,1.51645,1.09354,1.19066,2.23829
2007-01-30,1.58361,1.51691,1.09372,1.19106,2.24035
2007-01-31,1.59957,1.52699,1.09769,1.19969,2.28553
2007-02-01,1.59703,1.5254,1.09706,1.19832,2.27828
2007-02-02,1.60284,1.52904,1.09849,1.20145,2.29484
2007-02-05,1.60139,1.52813,1.09814,1.20067,2.29069
2007-02-06,1.59921,1.52677,1.0976,1.1995,2.28446
2007-02-07,1.61373,1.53585,1.10118,1.20733,2.32593
2007-02-08,1.61336,1.53563,1.10109,1.20713,2.32488
2007-02-09,1.61692,1.53783,1.10196,1.20904,2.33512
2007-02-12,1.61692,1.53783,1.10196,1.20904,2.33512
2007-02-13,1.61906,1.53916,1.10253,1.21028,2.34132
2007-02-14,1.64638,1.55603,1.1097,1.22603,2.42032
2007-02-15,1.64666,1.5562,1.10978,1.2262,2.42115
2007-02-16,1.64666,1.5562,1.10978,1.2262,2.42115
2007-02-20,1.64666,1.5562,1.10978,1.2262,2.42115
2007-02-21,1.64666,1.5562,1.10978,1.2262,2.42115
2007-02-22,1.64666,1.5562,1.10978,1.2262,2.42115
2007-02-23,1.64666,1.5562,1.10978,1.2262,2.42115
2007-02-26,1.64666,1.5562,1.10978,1.2262,2.42115
2007-02-27,1.64666,1.5562,1.10978,1.2262,2.42115
2007-02-28,1.6527,1.55987,1.11115,1.22924,2.43892
2007-03-01,1.64508,1.55525,1.10942,1.2254,2.41641
2007-03-02,1.63091,1.54664,1.10619,1.21827,2.37478
2007-03-05,1.63009,1.54614,1.10602,1.2179,2.37241
2007-03-06,1.65716,1.56275,1.11158,1.23014,2.45121
2007-03-07,1.65059,1.55878,1.11025,1.22719,2.43176
2007-03-08,1.6618,1.56557,1.11253,1.23224,2.46481
2007-03-09,1.66026,1.56464,1.11222,1.23154,2.46021
2007-03-12,1.67109,1.57117,1.11441,1.2364,2.49231
2007-03-13,1.6386,1.55172,1.10785,1.22185,2.3954
2007-03-14,1.66258,1.56636,1.11276,1.23268,2.46551
2007-03-15,1.65871,1.56403,1.11198,1.23094,2.45405
2007-03-16,1.65743,1.56326,1.11172,1.23037,2.45026
2007-03-19,1.67446,1.57354,1.11518,1.23802,2.5006
2007-03-20,1.68646,1.5807,1.11759,1.24339,2.53643
2007-03-21,1.68794,1.58158,1.11789,1.24405,2.54089
2007-03-22,1.68794,1.58158,1.11789,1.24405,2.54089
2007-03-23,1.68794,1.58158,1.11789,1.24405,2.54089
2007-03-26,1.68794,1.58158,1.11789,1.24405,2.54089
2007-03-27,1.68794,1.58158,1.11789,1.24405,2.54089
2007-03-28,1.68794,1.58158,1.11789,1.24405,2.54089
2007-03-29,1.67747,1.57537,1.11533,1.23834,2.50937
2007-03-30,1.67593,1.57446,1.11495,1.2375,2.50476
2007-04-02,1.67823,1.57583,1.11552,1.23876,2.51166
2007-04-03,1.70018,1.58891,1.12091,1.25074,2.57735
2007-04-04,1.70711,1.59299,1.1226,1.25451,2.59836
2007-04-05,1.70433,1.59136,1.12193,1.253,2.5899
2007-04-09,1.70433,1.59136,1.12193,1.253,2.5899
2007-04-10,1.70433,1.59136,1.12193,1.253,2.5899
2007-04-11,1.70433,1.59136,1.12193,1.253,2.5899
2007-04-12,1.70433,1.59136,1.12193,1.253,2.5899
2007-04-13,1.70433,1.59136,1.12193,1.253,2.5899
2007-04-16,1.70433,1.59136,1.12193,1.253,2.5899
2007-04-17,1.70433,1.59136,1.12193,1.253,2.5899
2007-04-18,1.70433,1.59136,1.12193,1.253,2.5899
2007-04-19,1.70433,1.59136,1.12193,1.253,2.5899
2007-04-20,1.70433,1.59136,1.12193,1.253,2.5899
2007-04-23,1.70433,1.59136,1.12193,1.253,2.5899
2007-04-24,1.70433,1.59136,1.12193,1.253,2.5899
2007-04-25,1.70433,1.59136,1.12193,1.253,2.5899
2007-04-26,1.70433,1.59136,1.12193,1.253,2.5899
2007-04-27,1.70433,1.59136,1.12193,1.253,2.5899
2007-04-30,1.70433,1.59136,1.12193,1.253,2.5899
2007-05-01,1.70433,1.59136,1.12193,1.253,2.5899
2007-05-02,1.70433,1.59136,1.12193,1.253,2.5899
2007-05-03,1.70433,1.59136,1.12193,1.253,2.5899
2007-05-04,1.70433,1.59136,1.12193,1.253,2.5899
2007-05-07,1.70433,1.59136,1.12193,1.253,2.5899
2007-05-08,1.70433,1.59136,1.12193,1.253,2.5899
2007-05-09,1.70433,1.59136,1.12193,1.253,2.5899
2007-05-10,1.70433,1.59136,1.12193,1.253,2.5899
2007-05-11,1.72337,1.60253,1.1278,1.26613,2.64777
2007-05-14,1.71159,1.59569,1.12419,1.25801,2.61155
2007-05-15,1.69832,1.58794,1.1201,1.24887,2.57108
2007-05-16,1.7149,1.5977,1.12523,1.2603,2.62127
2007-05-17,1.7068,1.59298,1.12273,1.25471,2.59649
2007-05-18,1.7208,1.60118,1.12705,1.26437,2.6391
2007-05-21,1.73185,1.6076,1.13045,1.27198,2.67299
2007-05-22,1.73209,1.60774,1.13052,1.27215,2.67373
2007-05-23,1.73209,1.60774,1.13052,1.27215,2.67373
2007-05-24,1.73209,1.60774,1.13052,1.27215,2.67373
2007-05-25,1.73833,1.61135,1.13223,1.27601,2.69301
2007-05-29,1.75181,1.6191,1.13592,1.28432,2.73476
2007-05-30,1.73859,1.61155,1.13232,1.27617,2.69348
2007-05-31,1.73859,1.61155,1.13232,1.27617,2.69348
2007-06-01,1.73859,1.61155,1.13232,1.27617,2.69348
2007-06-04,1.73859,1.61155,1.13232,1.27617,2.69348
2007-06-05,1.73859,1.61155,1.13232,1.27617,2.69348
2007-06-06,1.73859,1.61155,1.13232,1.27617,2.69348
2007-06-07,1.7166,1.59891,1.126,1.26193,2.62536
2007-06-08,1.73772,1.61121,1.13211,1.27563,2.68995
2007-06-11,1.73438,1.60929,1.13115,1.27347,2.67962
2007-06-12,1.72401,1.60331,1.12817,1.26674,2.64757
2007-06-13,1.7429,1.61427,1.13363,1.279,2.7056
2007-06-14,1.75439,1.62085,1.13692,1.28644,2.74125
2007-06-15,1.7697,1.62959,1.1413,1.29635,2.78912
2007-06-18,1.7697,1.62959,1.1413,1.29635,2.78912
2007-06-19,1.7697,1.62959,1.1413,1.29635,2.78912
2007-06-20,1.7697,1.62959,1.1413,1.29635,2.78912
2007-06-21,1.7697,1.62959,1.1413,1.29635,2.78912
2007-06-22,1.7697,1.62959,1.1413,1.29635,2.78912
2007-06-25,1.7697,1.62959,1.1413,1.29635,2.78912
2007-06-26,1.7697,1.62959,1.1413,1.29635,2.78912
2007-06-27,1.79794,1.64554,1.14889,1.31358,2.87812
2007-06-28,1.79719,1.64512,1.14869,1.31313,2.87571
2007-06-29,1.80021,1.6468,1.14949,1.31497,2.88539
2007-07-02,1.81647,1.65584,1.15382,1.32486,2.93751
2007-07-03,1.82706,1.66167,1.15662,1.3313,2.97176
2007-07-05,1.82728,1.66179,1.15668,1.33143,2.97249
2007-07-06,1.82728,1.66179,1.15668,1.33143,2.97249
2007-07-09,1.82728,1.66179,1.15668,1.33143,2.97249
2007-07-10,1.82728,1.66179,1.15668,1.33143,2.97249
2007-07-11,1.82728,1.66179,1.15668,1.33143,2.97249
2007-07-12,1.82728,1.66179,1.15668,1.33143,2.97249
2007-07-13,1.82728,1.66179,1.15668,1.33143,2.97249
2007-07-16,1.82728,1.66179,1.15668,1.33143,2.97249
2007-07-17,1.82728,1.66179,1.15668,1.33143,2.97249
2007-07-18,1.82728,1.66179,1.15668,1.33143,2.97249
2007-07-19,1.82728,1.66179,1.15668,1.33143,2.97249
2007-07-20,1.82728,1.66179,1.15668,1.33143,2.97249
2007-07-23,1.82728,1.66179,1.15668,1.33143,2.97249
2007-07-24,1.82728,1.66179,1.15668,1.33143,2.97249
2007-07-25,1.81974,1.65766,1.15452,1.32646,2.94795
2007-07-26,1.80427,1.64916,1.15008,1.31625,2.89782
2007-07-27,1.7678,1.62895,1.13955,1.29216,2.78068
2007-07-30,1.78843,1.64062,1.14557,1.30582,2.84558
2007-07-31,1.75086,1.61961,1.13468,1.28098,2.726
2007-08-01,1.76449,1.62739,1.13868,1.29001,2.76845
2007-08-02,1.7807,1.63658,1.14341,1.30074,2.81932
2007-08-03,1.77649,1.63422,1.14219,1.29796,2.80601
2007-08-06,1.77649,1.63422,1.14219,1.29796,2.80601
2007-08-07,1.77649,1.63422,1.14219,1.29796,2.80601
2007-08-08,1.77649,1.63422,1.14219,1.29796,2.80601
2007-08-09,1.77649,1.63422,1.14219,1.29796,2.80601
2007-08-10,1.77649,1.63422,1.14219,1.29796,2.80601
2007-08-13,1.77649,1.63422,1.14219,1.29796,2.80601
2007-08-14,1.77649,1.63422,1.14219,1.29796,2.80601
2007-08-15,1.77649,1.63422,1.14219,1.29796,2.80601
2007-08-16,1.77249,1.63196,1.14153,1.29645,2.79335
2007-08-17,1.80602,1.65088,1.14707,1.30905,2.89906
2007-08-20,1.8146,1.65563,1.14847,1.31224,2.9266
2007-08-21,1.83372,1.66617,1.15158,1.31934,2.98825
2007-08-22,1.84683,1.67332,1.15369,1.32418,3.031
2007-08-23,1.84683,1.67332,1.15369,1.32418,3.031
2007-08-24,1.84683,1.67332,1.15369,1.32418,3.031
2007-08-27,1.84683,1.67332,1.15369,1.32418,3.031
2007-08-28,1.84683,1.67332,1.15369,1.32418,3.031
2007-08-29,1.84683,1.67332,1.15369,1.32418,3.031
2007-08-30,1.84683,1.67332,1.15369,1.32418,3.031
2007-08-31,1.84683,1.67332,1.15369,1.32418,3.031
2007-09-04,1.84683,1.67332,1.15369,1.32418,3.031
2007-09-05,1.84683,1.67332,1.15369,1.32418,3.031
2007-09-06,1.84683,1.67332,1.15369,1.32418,3.031
2007-09-07,1.84683,1.67332,1.15369,1.32418,3.031
2007-09-10,1.82997,1.66419,1.15085,1.31766,2.97564
2007-09-11,1.85768,1.67933,1.15555,1.32843,3.06577
2007-09-12,1.85806,1.67954,1.15562,1.32857,3.06702
2007-09-13,1.87041,1.68619,1.15769,1.33334,3.10781
2007-09-14,1.87041,1.68619,1.15769,1.33334,3.10781
2007-09-17,1.87041,1.68619,1.15769,1.33334,3.10781
2007-09-18,1.87041,1.68619,1.15769,1.33334,3.10781
2007-09-19,1.87041,1.68619,1.15769,1.33334,3.10781
2007-09-20,1.87041,1.68619,1.15769,1.33334,3.10781
2007-09-21,1.87041,1.68619,1.15769,1.33334,3.10781
2007-09-24,1.87041,1.68619,1.15769,1.33334,3.10781
2007-09-25,1.87041,1.68619,1.15769,1.33334,3.10781
2007-09-26,1.87041,1.68619,1.15769,1.33334,3.10781
2007-09-27,1.87041,1.68619,1.15769,1.33334,3.10781
2007-09-28,1.87041,1.68619,1.15769,1.33334,3.10781
2007-10-01,1.87041,1.68619,1.15769,1.33334,3.10781
2007-10-02,1.87041,1.68619,1.15769,1.33334,3.10781
2007-10-03,1.87041,1.68619,1.15769,1.33334,3.10781
2007-10-04,1.87041,1.68619,1.15769,1.33334,3.10781
2007-10-05,1.87041,1.68619,1.15769,1.33334,3.10781
2007-10-08,1.87041,1.68619,1.15769,1.33334,3.10781
2007-10-09,1.87041,1.68619,1.15769,1.33334,3.10781
2007-10-10,1.87041,1.68619,1.15769,1.33334,3.10781
2007-10-11,1.87041,1.68619,1.15769,1.33334,3.10781
2007-10-12,1.87041,1.68619,1.15769,1.33334,3.10781
2007-10-15,1.87041,1.68619,1.15769,1.33334,3.10781
2007-10-16,1.87041,1.68619,1.15769,1.33334,3.10781
2007-10-17,1.87041,1.68619,1.15769,1.33334,3.10781
2007-10-18,1.87041,1.68619,1.15769,1.33334,3.10781
2007-10-19,1.87041,1.68619,1.15769,1.33334,3.10781
2007-10-22,1.87041,1.68619,1.15769,1.33334,3.10781
2007-10-23,1.87041,1.68619,1.15769,1.33334,3.10781
2007-10-24,1.87041,1.68619,1.15769,1.33334,3.10781
2007-10-25,1.87041,1.68619,1.15769,1.33334,3.10781
2007-10-26,1.87041,1.68619,1.15769,1.33334,3.10781
2007-10-29,1.87041,1.68619,1.15769,1.33334,3.10781
2007-10-30,1.87041,1.68619,1.15769,1.33334,3.10781
2007-10-31,1.87041,1.68619,1.15769,1.33334,3.10781
2007-11-01,1.87041,1.68619,1.15769,1.33334,3.10781
2007-11-02,1.87041,1.68619,1.15769,1.33334,3.10781
2007-11-05,1.87041,1.68619,1.15769,1.33334,3.10781
2007-11-06,1.87041,1.68619,1.15769,1.33334,3.10781
2007-11-07,1.87041,1.68619,1.15769,1.33334,3.10781
2007-11-08,1.87041,1.68619,1.15769,1.33334,3.10781
2007-11-09,1.84258,1.6713,1.15354,1.32377,3.0153
2007-11-12,1.79578,1.6459,1.14647,1.30756,2.86212
2007-11-13,1.86985,1.68715,1.15787,1.33356,3.09824
2007-11-14,1.84589,1.67434,1.1543,1.32533,3.01885
2007-11-15,1.83594,1.66895,1.1528,1.32188,2.98631
2007-11-16,1.8529,1.67818,1.15536,1.32777,3.04146
2007-11-19,1.83152,1.66665,1.15215,1.32038,2.97129
2007-11-20,1.83889,1.67067,1.15327,1.32295,2.99521
2007-11-21,1.81715,1.65885,1.14998,1.31541,2.92438
2007-11-23,1.83668,1.6696,1.15296,1.32222,2.98724
2007-11-26,1.80499,1.65234,1.14817,1.31122,2.88415
2007-11-27,1.84111,1.67235,1.1537,1.32387,2.99957
2007-11-28,1.89712,1.70277,1.16216,1.34329,3.18208
2007-11-29,1.8888,1.69839,1.16094,1.34045,3.15418
2007-11-30,1.8888,1.69839,1.16094,1.34045,3.15418
2007-12-03,1.8888,1.69839,1.16094,1.34045,3.15418
2007-12-04,1.8888,1.69839,1.16094,1.34045,3.15418
2007-12-05,1.8888,1.69839,1.16094,1.34045,3.15418
2007-12-06,1.8888,1.69839,1.16094,1.34045,3.15418
2007-12-07,1.8888,1.69839,1.16094,1.34045,3.15418
2007-12-10,1.8888,1.69839,1.16094,1.34045,3.15418
2007-12-11,1.8888,1.69839,1.16094,1.34045,3.15418
2007-12-12,1.8888,1.69839,1.16094,1.34045,3.15418
2007-12-13,1.8888,1.69839,1.16094,1.34045,3.15418
2007-12-14,1.8888,1.69839,1.16094,1.34045,3.15418
2007-12-17,1.8888,1.69839,1.16094,1.34045,3.15418
2007-12-18,1.8747,1.69093,1.1589,1.33576,3.1071
2007-12-19,1.87433,1.69073,1.15885,1.33563,3.10585
2007-12-20,1.91266,1.71117,1.1644,1.34844,3.23288
2007-12-21,1.95039,1.7309,1.16979,1.36091,3.36043
2007-12-24,1.95543,1.73349,1.1705,1.36256,3.37779
2007-12-26,1.95543,1.73349,1.1705,1.36256,3.37779
2007-12-27,1.95543,1.73349,1.1705,1.36256,3.37779
2007-12-28,1.95543,1.73349,1.1705,1.36256,3.37779
2007-12-31,1.95543,1.73349,1.1705,1.36256,3.37779
2008-01-02,1.92167,1.71622,1.1649,1.34951,3.26116
2008-01-03,1.92967,1.72039,1.16624,1.35263,3.28833
2008-01-04,1.84504,1.67653,1.15206,1.31974,2.9999
2008-01-07,1.83628,1.67178,1.15054,1.31626,2.97139
2008-01-08,1.78863,1.64583,1.14227,1.29732,2.81718
2008-01-09,1.82674,1.66714,1.14902,1.31265,2.93726
2008-01-10,1.82942,1.6686,1.14948,1.31372,2.94585
2008-01-11,1.81859,1.66269,1.1476,1.30941,2.91099
2008-01-14,1.81859,1.66269,1.1476,1.30941,2.91099
2008-01-15,1.81859,1.66269,1.1476,1.30941,2.91099
2008-01-16,1.81859,1.66269,1.1476,1.30941,2.91099
2008-01-17,1.81859,1.66269,1.1476,1.30941,2.91099
2008-01-18,1.81859,1.66269,1.1476,1.30941,2.91099
2008-01-22,1.81859,1.66269,1.1476,1.30941,2.91099
2008-01-23,1.81859,1.66269,1.1476,1.30941,2.91099
2008-01-24,1.81859,1.66269,1.1476,1.30941,2.91099
2008-01-25,1.81859,1.66269,1.1476,1.30941,2.91099
2008-01-28,1.81859,1.66269,1.1476,1.30941,2.91099
2008-01-29,1.81859,1.66269,1.1476,1.30941,2.91099
2008-01-30,1.81859,1.66269,1.1476,1.30941,2.91099
2008-01-31,1.81859,1.66269,1.1476,1.30941,2.91099
2008-02-01,1.81859,1.66269,1.1476,1.30941,2.91099
2008-02-04,1.81859,1.66269,1.1476,1.30941,2.91099
2008-02-05,1.81859,1.66269,1.1476,1.30941,2.91099
2008-02-06,1.81859,1.66269,1.1476,1.30941,2.91099
2008-02-07,1.81859,1.66269,1.1476,1.30941,2.91099
2008-02-08,1.81859,1.66269,1.1476,1.30941,2.91099
2008-02-11,1.81859,1.66269,1.1476,1.30941,2.91099
2008-02-12,1.81859,1.66269,1.1476,1.30941,2.91099
2008-02-13,1.81859,1.66269,1.1476,1.30941,2.91099
2008-02-14,1.81859,1.66269,1.1476,1.30941,2.91099
2008-02-15,1.81859,1.66269,1.1476,1.30941,2.91099
2008-02-19,1.81859,1.66269,1.1476,1.30941,2.91099
2008-02-20,1.81859,1.66269,1.1476,1.30941,2.91099
2008-02-21,1.81859,1.66269,1.1476,1.30941,2.91099
2008-02-22,1.81859,1.66269,1.1476,1.30941,2.91099
2008-02-25,1.81859,1.66269,1.1476,1.30941,2.91099
2008-02-26,1.81859,1.66269,1.1476,1.30941,2.91099
2008-02-27,1.81859,1.66269,1.1476,1.30941,2.91099
2008-02-28,1.81859,1.66269,1.1476,1.30941,2.91099
2008-02-29,1.81859,1.66269,1.1476,1.30941,2.91099
2008-03-03,1.81859,1.66269,1.1476,1.30941,2.91099
2008-03-04,1.81859,1.66269,1.1476,1.30941,2.91099
2008-03-05,1.81859,1.66269,1.1476,1.30941,2.91099
2008-03-06,1.81859,1.66269,1.1476,1.30941,2.91099
2008-03-07,1.81859,1.66269,1.1476,1.30941,2.91099
2008-03-10,1.81859,1.66269,1.1476,1.30941,2.91099
2008-03-11,1.81859,1.66269,1.1476,1.30941,2.91099
2008-03-12,1.81859,1.66269,1.1476,1.30941,2.91099
2008-03-13,1.81859,1.66269,1.1476,1.30941,2.91099
2008-03-14,1.81859,1.66269,1.1476,1.30941,2.91099
2008-03-17,1.81859,1.66269,1.1476,1.30941,2.91099
2008-03-18,1.81859,1.66269,1.1476,1.30941,2.91099
2008-03-19,1.81859,1.66269,1.1476,1.30941,2.91099
2008-03-20,1.81859,1.66269,1.1476,1.30941,2.91099
2008-03-24,1.81859,1.66269,1.1476,1.30941,2.91099
2008-03-25,1.81859,1.66269,1.1476,1.30941,2.91099
2008-03-26,1.81859,1.66269,1.1476,1.30941,2.91099
2008-03-27,1.81859,1.66269,1.1476,1.30941,2.91099
2008-03-28,1.81859,1.66269,1.1476,1.30941,2.91099
2008-03-31,1.81859,1.66269,1.1476,1.30941,2.91099
2008-04-01,1.81859,1.66269,1.1476,1.30941,2.91099
2008-04-02,1.81859,1.66269,1.1476,1.30941,2.91099
2008-04-03,1.81859,1.66269,1.1476,1.30941,2.91099
2008-04-04,1.81859,1.66269,1.1476,1.30941,2.91099
2008-04-07,1.81859,1.66269,1.1476,1.30941,2.91099
2008-04-08,1.81859,1.66269,1.1476,1.30941,2.91099
2008-04-09,1.81859,1.66269,1.1476,1.30941,2.91099
2008-04-10,1.81859,1.66269,1.1476,1.30941,2.91099
2008-04-11,1.81859,1.66269,1.1476,1.30941,2.91099
2008-04-14,1.81859,1.66269,1.1476,1.30941,2.91099
2008-04-15,1.81859,1.66269,1.1476,1.30941,2.91099
2008-04-16,1.81859,1.66269,1.1476,1.30941,2.91099
2008-04-17,1.81859,1.66269,1.1476,1.30941,2.91099
2008-04-18,1.81859,1.66269,1.1476,1.30941,2.91099
2008-04-21,1.81859,1.66269,1.1476,1.30941,2.91099
2008-04-22,1.81859,1.66269,1.1476,1.30941,2.91099
2008-04-23,1.81859,1.66269,1.1476,1.30941,2.91099
2008-04-24,1.81859,1.66269,1.1476,1.30941,2.91099
2008-04-25,1.81859,1.66269,1.1476,1.30941,2.91099
2008-04-28,1.81859,1.66269,1.1476,1.30941,2.91099
2008-04-29,1.81859,1.66269,1.1476,1.30941,2.91099
2008-04-30,1.81859,1.66269,1.1476,1.30941,2.91099
2008-05-01,1.81859,1.66269,1.1476,1.30941,2.91099
2008-05-02,1.81859,1.66269,1.1476,1.30941,2.91099
2008-05-05,1.81859,1.66269,1.1476,1.30941,2.91099
2008-05-06,1.81859,1.66269,1.1476,1.30941,2.91099
2008-05-07,1.81859,1.66269,1.1476,1.30941,2.91099
2008-05-08,1.81859,1.66269,1.1476,1.30941,2.91099
2008-05-09,1.81859,1.66269,1.1476,1.30941,2.91099
2008-05-12,1.81859,1.66269,1.1476,1.30941,2.91099
2008-05-13,1.81859,1.66269,1.1476,1.30941,2.91099
2008-05-14,1.81859,1.66269,1.1476,1.30941,2.91099
2008-05-15,1.81859,1.66269,1.1476,1.30941,2.91099
2008-05-16,1.81859,1.66269,1.1476,1.30941,2.91099
2008-05-19,1.81859,1.66269,1.1476,1.30941,2.91099
2008-05-20,1.81859,1.66269,1.1476,1.30941,2.91099
2008-05-21,1.81859,1.66269,1.1476,1.30941,2.91099
2008-05-22,1.81957,1.66322,1.14775,1.30976,2.91411
2008-05-23,1.81392,1.66012,1.14685,1.3077,2.89602
2008-05-27,1.81678,1.66169,1.14731,1.30875,2.90514
2008-05-28,1.81678,1.66169,1.14731,1.30875,2.90514
2008-05-29,1.81678,1.66169,1.14731,1.30875,2.90514
2008-05-30,1.81678,1.66169,1.14731,1.30875,2.90514
2008-06-02,1.81678,1.66169,1.14731,1.30875,2.90514
2008-06-03,1.81678,1.66169,1.14731,1.30875,2.90514
2008-06-04,1.81678,1.66169,1.14731,1.30875,2.90514
2008-06-05,1.81678,1.66169,1.14731,1.30875,2.90514
2008-06-06,1.81678,1.66169,1.14731,1.30875,2.90514
2008-06-09,1.81678,1.66169,1.14731,1.30875,2.90514
2008-06-10,1.81678,1.66169,1.14731,1.30875,2.90514
2008-06-11,1.81678,1.66169,1.14731,1.30875,2.90514
2008-06-12,1.81678,1.66169,1.14731,1.30875,2.90514
2008-06-13,1.81678,1.66169,1.14731,1.30875,2.90514
2008-06-16,1.81678,1.66169,1.14731,1.30875,2.90514
2008-06-17,1.81678,1.66169,1.14731,1.30875,2.90514
2008-06-18,1.81678,1.66169,1.14731,1.30875,2.90514
2008-06-19,1.81678,1.66169,1.14731,1.30875,2.90514
2008-06-20,1.81678,1.66169,1.14731,1.30875,2.90514
2008-06-23,1.81678,1.66169,1.14731,1.30875,2.90514
2008-06-24,1.81678,1.66169,1.14731,1.30875,2.90514
2008-06-25,1.81678,1.66169,1.14731,1.30875,2.90514
2008-06-26,1.81678,1.66169,1.14731,1.30875,2.90514
2008-06-27,1.81678,1.66169,1.14731,1.30875,2.90514
2008-06-30,1.81678,1.66169,1.14731,1.30875,2.90514
2008-07-01,1.81678,1.66169,1.14731,1.30875,2.90514
2008-07-02,1.81678,1.66169,1.14731,1.30875,2.90514
2008-07-03,1.81678,1.66169,1.14731,1.30875,2.90514
2008-07-07,1.81678,1.66169,1.14731,1.30875,2.90514
2008-07-08,1.81678,1.66169,1.14731,1.30875,2.90514
2008-07-09,1.81678,1.66169,1.14731,1.30875,2.90514
2008-07-10,1.81678,1.66169,1.14731,1.30875,2.90514
2008-07-11,1.81678,1.66169,1.14731,1.30875,2.90514
2008-07-14,1.81678,1.66169,1.14731,1.30875,2.90514
2008-07-15,1.81678,1.66169,1.14731,1.30875,2.90514
2008-07-16,1.81678,1.66169,1.14731,1.30875,2.90514
2008-07-17,1.81678,1.66169,1.14731,1.30875,2.90514
2008-07-18,1.81678,1.66169,1.14731,1.30875,2.90514
2008-07-21,1.81678,1.66169,1.14731,1.30875,2.90514
2008-07-22,1.81678,1.66169,1.14731,1.30875,2.90514
2008-07-23,1.81678,1.66169,1.14731,1.30875,2.90514
2008-07-24,1.81678,1.66169,1.14731,1.30875,2.90514
2008-07-25,1.81678,1.66169,1.14731,1.30875,2.90514
2008-07-28,1.81678,1.66169,1.14731,1.30875,2.90514
2008-07-29,1.81678,1.66169,1.14731,1.30875,2.90514
2008-07-30,1.81678,1.66169,1.14731,1.30875,2.90514
2008-07-31,1.81678,1.66169,1.14731,1.30875,2.90514
2008-08-01,1.81678,1.66169,1.14731,1.30875,2.90514
2008-08-04,1.81678,1.66169,1.14731,1.30875,2.90514
2008-08-05,1.81678,1.66169,1.14731,1.30875,2.90514
2008-08-06,1.81678,1.66169,1.14731,1.30875,2.90514
2008-08-07,1.81678,1.66169,1.14731,1.30875,2.90514
2008-08-08,1.81678,1.66169,1.14731,1.30875,2.90514
2008-08-11,1.81678,1.66169,1.14731,1.30875,2.90514
2008-08-12,1.81678,1.66169,1.14731,1.30875,2.90514
2008-08-13,1.81678,1.66169,1.14731,1.30875,2.90514
2008-08-14,1.81678,1.66169,1.14731,1.30875,2.90514
2008-08-15,1.81678,1.66169,1.14731,1.30875,2.90514
2008-08-18,1.81678,1.66169,1.14731,1.30875,2.90514
2008-08-19,1.81678,1.66169,1.14731,1.30875,2.90514
2008-08-20,1.80628,1.65592,1.14574,1.30518,2.87157
2008-08-21,1.79784,1.65124,1.14448,1.3023,2.84474
2008-08-22,1.82162,1.66447,1.14805,1.31043,2.92
2008-08-25,1.80806,1.65703,1.14604,1.30583,2.87651
2008-08-26,1.80806,1.65703,1.14604,1.30583,2.87651
2008-08-27,1.80806,1.65703,1.14604,1.30583,2.87651
2008-08-28,1.80806,1.65703,1.14604,1.30583,2.87651
2008-08-29,1.80806,1.65703,1.14604,1.30583,2.87651
2008-09-02,1.80806,1.65703,1.14604,1.30583,2.87651
2008-09-03,1.80806,1.65703,1.14604,1.30583,2.87651
2008-09-04,1.80806,1.65703,1.14604,1.30583,2.87651
2008-09-05,1.80806,1.65703,1.14604,1.30583,2.87651
2008-09-08,1.80806,1.65703,1.14604,1.30583,2.87651
2008-09-09,1.80806,1.65703,1.14604,1.30583,2.87651
2008-09-10,1.80806,1.65703,1.14604,1.30583,2.87651
2008-09-11,1.80806,1.65703,1.14604,1.30583,2.87651
2008-09-12,1.80806,1.65703,1.14604,1.30583,2.87651
2008-09-15,1.80806,1.65703,1.14604,1.30583,2.87651
2008-09-16,1.80806,1.65703,1.14604,1.30583,2.87651
2008-09-17,1.80806,1.65703,1.14604,1.30583,2.87651
2008-09-18,1.80806,1.65703,1.14604,1.30583,2.87651
2008-09-19,1.80806,1.65703,1.14604,1.30583,2.87651
2008-09-22,1.80806,1.65703,1.14604,1.30583,2.87651
2008-09-23,1.80806,1.65703,1.14604,1.30583,2.87651
2008-09-24,1.80806,1.65703,1.14604,1.30583,2.87651
2008-09-25,1.80806,1.65703,1.14604,1.30583,2.87651
2008-09-26,1.80806,1.65703,1.14604,1.30583,2.87651
2008-09-29,1.80806,1.65703,1.14604,1.30583,2.87651
2008-09-30,1.80806,1.65703,1.14604,1.30583,2.87651
2008-10-01,1.80806,1.65703,1.14604,1.30583,2.87651
2008-10-02,1.80806,1.65703,1.14604,1.30583,2.87651
2008-10-03,1.80806,1.65703,1.14604,1.30583,2.87651
2008-10-06,1.80806,1.65703,1.14604,1.30583,2.87651
2008-10-07,1.80806,1.65703,1.14604,1.30583,2.87651
2008-10-08,1.80806,1.65703,1.14604,1.30583,2.87651
2008-10-09,1.80806,1.65703,1.14604,1.30583,2.87651
2008-10-10,1.80806,1.65703,1.14604,1.30583,2.87651
2008-10-13,1.80806,1.65703,1.14604,1.30583,2.87651
2008-10-14,1.80806,1.65703,1.14604,1.30583,2.87651
2008-10-15,1.80806,1.65703,1.14604,1.30583,2.87651
2008-10-16,1.80806,1.65703,1.14604,1.30583,2.87651
2008-10-17,1.80806,1.65703,1.14604,1.30583,2.87651
2008-10-20,1.80806,1.65703,1.14604,1.30583,2.87651
2008-10-21,1.80806,1.65703,1.14604,1.30583,2.87651
2008-10-22,1.80806,1.65703,1.14604,1.30583,2.87651
2008-10-23,1.80806,1.65703,1.14604,1.30583,2.87651
2008-10-24,1.80806,1.65703,1.14604,1.30583,2.87651
2008-10-27,1.80806,1.65703,1.14604,1.30583,2.87651
2008-10-28,1.80806,1.65703,1.14604,1.30583,2.87651
2008-10-29,1.80806,1.65703,1.14604,1.30583,2.87651
2008-10-30,1.80806,1.65703,1.14604,1.30583,2.87651
2008-10-31,1.80806,1.65703,1.14604,1.30583,2.87651
2008-11-03,1.80806,1.65703,1.14604,1.30583,2.87651
2008-11-04,1.80806,1.65703,1.14604,1.30583,2.87651
2008-11-05,1.80806,1.65703,1.14604,1.30583,2.87651
2008-11-06,1.80806,1.65703,1.14604,1.30583,2.87651
2008-11-07,1.80806,1.65703,1.14604,1.30583,2.87651
2008-11-10,1.80806,1.65703,1.14604,1.30583,2.87651
2008-11-11,1.80806,1.65703,1.14604,1.30583,2.87651
2008-11-12,1.80806,1.65703,1.14604,1.30583,2.87651
2008-11-13,1.80806,1.65703,1.14604,1.30583,2.87651
2008-11-14,1.80806,1.65703,1.14604,1.30583,2.87651
2008-11-17,1.80806,1.65703,1.14604,1.30583,2.87651
2008-11-18,1.80806,1.65703,1.14604,1.30583,2.87651
2008-11-19,1.80806,1.65703,1.14604,1.30583,2.87651
2008-11-20,1.80806,1.65703,1.14604,1.30583,2.87651
2008-11-21,1.80806,1.65703,1.14604,1.30583,2.87651
2008-11-24,1.80806,1.65703,1.14604,1.30583,2.87651
2008-11-25,1.80806,1.65703,1.14604,1.30583,2.87651
2008-11-26,1.80806,1.65703,1.14604,1.30583,2.87651
2008-11-28,1.80806,1.65703,1.14604,1.30583,2.87651
2008-12-01,1.80806,1.65703,1.14604,1.30583,2.87651
2008-12-02,1.80806,1.65703,1.14604,1.30583,2.87651
2008-12-03,1.80806,1.65703,1.14604,1.30583,2.87651
2008-12-04,1.80806,1.65703,1.14604,1.30583,2.87651
2008-12-05,1.80806,1.65703,1.14604,1.30583,2.87651
2008-12-08,1.80806,1.65703,1.14604,1.30583,2.87651
2008-12-09,1.80806,1.65703,1.14604,1.30583,2.87651
2008-12-10,1.80806,1.65703,1.14604,1.30583,2.87651
2008-12-11,1.80806,1.65703,1.14604,1.30583,2.87651
2008-12-12,1.80806,1.65703,1.14604,1.30583,2.87651
2008-12-15,1.80806,1.65703,1.14604,1.30583,2.87651
2008-12-16,1.80806,1.65703,1.14604,1.30583,2.87651
2008-12-17,1.80806,1.65703,1.14604,1.30583,2.87651
2008-12-18,1.80806,1.65703,1.14604,1.30583,2.87651
2008-12-19,1.80806,1.65703,1.14604,1.30583,2.87651
2008-12-22,1.80806,1.65703,1.14604,1.30583,2.87651
2008-12-23,1.80806,1.65703,1.14604,1.30583,2.87651
2008-12-24,1.80806,1.65703,1.14604,1.30583,2.87651
2008-12-26,1.80806,1.65703,1.14604,1.30583,2.87651
2008-12-29,1.80806,1.65703,1.14604,1.30583,2.87651
2008-12-30,1.80806,1.65703,1.14604,1.30583,2.87651
2008-12-31,1.80806,1.65703,1.14604,1.30583,2.87651
2009-01-02,1.80806,1.65703,1.14604,1.30583,2.87651
2009-01-05,1.80806,1.65703,1.14604,1.30583,2.87651
2009-01-06,1.80806,1.65703,1.14604,1.30583,2.87651
2009-01-07,1.80806,1.65703,1.14604,1.30583,2.87651
2009-01-08,1.80806,1.65703,1.14604,1.30583,2.87651
2009-01-09,1.80806,1.65703,1.14604,1.30583,2.87651
2009-01-12,1.80806,1.65703,1.14604,1.30583,2.87651
2009-01-13,1.80806,1.65703,1.14604,1.30583,2.87651
2009-01-14,1.80806,1.65703,1.14604,1.30583,2.87651
2009-01-15,1.80806,1.65703,1.14604,1.30583,2.87651
2009-01-16,1.80806,1.65703,1.14604,1.30583,2.87651
2009-01-20,1.80806,1.65703,1.14604,1.30583,2.87651
2009-01-21,1.80806,1.65703,1.14604,1.30583,2.87651
2009-01-22,1.80806,1.65703,1.14604,1.30583,2.87651
2009-01-23,1.80806,1.65703,1.14604,1.30583,2.87651
2009-01-26,1.80806,1.65703,1.14604,1.30583,2.87651
2009-01-27,1.80806,1.65703,1.14604,1.30583,2.87651
2009-01-28,1.80806,1.65703,1.14604,1.30583,2.87651
2009-01-29,1.80806,1.65703,1.14604,1.30583,2.87651
2009-01-30,1.80806,1.65703,1.14604,1.30583,2.87651
2009-02-02,1.80806,1.65703,1.14604,1.30583,2.87651
2009-02-03,1.80806,1.65703,1.14604,1.30583,2.87651
2009-02-04,1.80806,1.65703,1.14604,1.30583,2.87651
2009-02-05,1.80806,1.65703,1.14604,1.30583,2.87651
2009-02-06,1.80806,1.65703,1.14604,1.30583,2.87651
2009-02-09,1.80806,1.65703,1.14604,1.30583,2.87651
2009-02-10,1.80806,1.65703,1.14604,1.30583,2.87651
2009-02-11,1.80806,1.65703,1.14604,1.30583,2.87651
2009-02-12,1.80806,1.65703,1.14604,1.30583,2.87651
2009-02-13,1.80806,1.65703,1.14604,1.30583,2.87651
2009-02-17,1.80806,1.65703,1.14604,1.30583,2.87651
2009-02-18,1.80806,1.65703,1.14604,1.30583,2.87651
2009-02-19,1.80806,1.65703,1.14604,1.30583,2.87651
2009-02-20,1.80806,1.65703,1.14604,1.30583,2.87651
2009-02-23,1.80806,1.65703,1.14604,1.30583,2.87651
2009-02-24,1.80806,1.65703,1.14604,1.30583,2.87651
2009-02-25,1.80806,1.65703,1.14604,1.30583,2.87651
2009-02-26,1.80806,1.65703,1.14604,1.30583,2.87651
2009-02-27,1.80806,1.65703,1.14604,1.30583,2.87651
2009-03-02,1.80806,1.65703,1.14604,1.30583,2.87651
2009-03-03,1.80806,1.65703,1.14604,1.30583,2.87651
2009-03-04,1.80806,1.65703,1.14604,1.30583,2.87651
2009-03-05,1.80806,1.65703,1.14604,1.30583,2.87651
2009-03-06,1.80806,1.65703,1.14604,1.30583,2.87651
2009-03-09,1.80806,1.65703,1.14604,1.30583,2.87651
2009-03-10,1.80806,1.65703,1.14604,1.30583,2.87651
2009-03-11,1.80806,1.65703,1.14604,1.30583,2.87651
2009-03-12,1.80806,1.65703,1.14604,1.30583,2.87651
2009-03-13,1.80806,1.65703,1.14604,1.30583,2.87651
2009-03-16,1.80806,1.65703,1.14604,1.30583,2.87651
2009-03-17,1.80806,1.65703,1.14604,1.30583,2.87651
2009-03-18,1.80806,1.65703,1.14604,1.30583,2.87651
2009-03-19,1.80806,1.65703,1.14604,1.30583,2.87651
2009-03-20,1.80806,1.65703,1.14604,1.30583,2.87651
2009-03-23,1.80806,1.65703,1.14604,1.30583,2.87651
2009-03-24,1.80806,1.65703,1.14604,1.30583,2.87651
2009-03-25,1.80806,1.65703,1.14604,1.30583,2.87651
2009-03-26,1.80806,1.65703,1.14604,1.30583,2.87651
2009-03-27,1.80806,1.65703,1.14604,1.30583,2.87651
2009-03-30,1.80806,1.65703,1.14604,1.30583,2.87651
2009-03-31,1.80806,1.65703,1.14604,1.30583,2.87651
2009-04-01,1.80806,1.65703,1.14604,1.30583,2.87651
2009-04-02,1.80806,1.65703,1.14604,1.30583,2.87651
2009-04-03,1.80806,1.65703,1.14604,1.30583,2.87651
2009-04-06,1.80806,1.65703,1.14604,1.30583,2.87651
2009-04-07,1.80806,1.65703,1.14604,1.30583,2.87651
2009-04-08,1.80806,1.65703,1.14604,1.30583,2.87651
2009-04-09,1.80806,1.65703,1.14604,1.30583,2.87651
2009-04-13,1.80806,1.65703,1.14604,1.30583,2.87651
2009-04-14,1.80806,1.65703,1.14604,1.30583,2.87651
2009-04-15,1.80806,1.65703,1.14604,1.30583,2.87651
2009-04-16,1.80806,1.65703,1.14604,1.30583,2.87651
2009-04-17,1.80806,1.65703,1.14604,1.30583,2.87651
2009-04-20,1.80806,1.65703,1.14604,1.30583,2.87651
2009-04-21,1.80806,1.65703,1.14604,1.30583,2.87651
2009-04-22,1.80806,1.65703,1.14604,1.30583,2.87651
2009-04-23,1.80806,1.65703,1.14604,1.30583,2.87651
2009-04-24,1.80806,1.65703,1.14604,1.30583,2.87651
2009-04-27,1.80806,1.65703,1.14604,1.30583,2.87651
2009-04-28,1.80806,1.65703,1.14604,1.30583,2.87651
2009-04-29,1.80806,1.65703,1.14604,1.30583,2.87651
2009-04-30,1.80806,1.65703,1.14604,1.30583,2.87651
2009-05-01,1.80806,1.65703,1.14604,1.30583,2.87651
2009-05-04,1.80806,1.65703,1.14604,1.30583,2.87651
2009-05-05,1.80806,1.65703,1.14604,1.30583,2.87651
2009-05-06,1.80806,1.65703,1.14604,1.30583,2.87651
2009-05-07,1.80806,1.65703,1.14604,1.30583,2.87651
2009-05-08,1.79458,1.64957,1.14431,1.30191,2.83362
2009-05-11,1.80087,1.65307,1.14512,1.30374,2.85348
2009-05-12,1.77885,1.64085,1.1423,1.29732,2.78371
2009-05-13,1.73114,1.61403,1.13613,1.28331,2.63438
2009-05-14,1.75054,1.62523,1.1387,1.2891,2.69342
2009-05-15,1.74949,1.62463,1.13856,1.28879,2.69019
2009-05-18,1.76067,1.63102,1.14002,1.29211,2.72458
2009-05-19,1.76067,1.63102,1.14002,1.29211,2.72458
2009-05-20,1.76067,1.63102,1.14002,1.29211,2.72458
2009-05-21,1.76067,1.63102,1.14002,1.29211,2.72458
2009-05-22,1.76067,1.63102,1.14002,1.29211,2.72458
2009-05-26,1.84129,1.67682,1.15032,1.31545,2.9741
2009-05-27,1.82859,1.66992,1.14876,1.31187,2.93308
2009-05-28,1.84976,1.68149,1.15138,1.31786,3.00099
2009-05-29,1.87252,1.6938,1.15418,1.32426,3.07483
2009-06-01,1.89169,1.70403,1.15651,1.32961,3.13778
2009-06-02,1.89169,1.70403,1.15651,1.32961,3.13778
2009-06-03,1.89169,1.70403,1.15651,1.32961,3.13778
2009-06-04,1.89169,1.70403,1.15651,1.32961,3.13778
2009-06-05,1.89169,1.70403,1.15651,1.32961,3.13778
2009-06-08,1.89169,1.70403,1.15651,1.32961,3.13778
2009-06-09,1.89169,1.70403,1.15651,1.32961,3.13778
2009-06-10,1.89169,1.70403,1.15651,1.32961,3.13778
2009-06-11,1.89169,1.70403,1.15651,1.32961,3.13778
2009-06-12,1.89169,1.70403,1.15651,1.32961,3.13778
2009-06-15,1.89169,1.70403,1.15651,1.32961,3.13778
2009-06-16,1.86503,1.68995,1.15277,1.32102,3.04936
2009-06-17,1.88287,1.69951,1.1553,1.32681,3.1077
2009-06-18,1.8792,1.69756,1.15478,1.32563,3.09557
2009-06-19,1.89937,1.70829,1.15762,1.33215,3.16203
2009-06-22,1.84264,1.67843,1.1497,1.31391,2.97315
2009-06-23,1.83844,1.67615,1.1491,1.31254,2.95958
2009-06-24,1.86943,1.693,1.15354,1.32268,3.05937
2009-06-25,1.9062,1.71267,1.15874,1.3346,3.17971
2009-06-26,1.89632,1.70749,1.15736,1.33143,3.14676
2009-06-29,1.89632,1.70749,1.15736,1.33143,3.14676
2009-06-30,1.89632,1.70749,1.15736,1.33143,3.14676
2009-07-01,1.89632,1.70749,1.15736,1.33143,3.14676
2009-07-02,1.89632,1.70749,1.15736,1.33143,3.14676
2009-07-06,1.89698,1.70784,1.15746,1.33166,3.14894
2009-07-07,1.84984,1.68299,1.15052,1.31569,2.99244
2009-07-08,1.85948,1.6882,1.15196,1.319,3.02362
2009-07-09,1.86269,1.68993,1.15245,1.3201,3.03408
2009-07-10,1.87073,1.69424,1.15364,1.32285,3.06026
2009-07-13,1.90662,1.71343,1.15899,1.33509,3.1777
2009-07-14,1.90353,1.7118,1.15853,1.33405,3.16738
2009-07-15,1.90353,1.7118,1.15853,1.33405,3.16738
2009-07-16,1.90353,1.7118,1.15853,1.33405,3.16738
2009-07-17,1.90353,1.7118,1.15853,1.33405,3.16738
2009-07-20,1.90353,1.7118,1.15853,1.33405,3.16738
2009-07-21,1.90353,1.7118,1.15853,1.33405,3.16738
2009-07-22,1.90353,1.7118,1.15853,1.33405,3.16738
2009-07-23,1.90353,1.7118,1.15853,1.33405,3.16738
2009-07-24,1.90353,1.7118,1.15853,1.33405,3.16738
2009-07-27,1.90353,1.7118,1.15853,1.33405,3.16738
2009-07-28,1.90353,1.7118,1.15853,1.33405,3.16738
2009-07-29,1.90353,1.7118,1.15853,1.33405,3.16738
2009-07-30,1.90353,1.7118,1.15853,1.33405,3.16738
2009-07-31,1.90353,1.7118,1.15853,1.33405,3.16738
2009-08-03,1.90353,1.7118,1.15853,1.33405,3.16738
2009-08-04,1.90353,1.7118,1.15853,1.33405,3.16738
2009-08-05,1.90353,1.7118,1.15853,1.33405,3.16738
2009-08-06,1.90353,1.7118,1.15853,1.33405,3.16738
2009-08-07,1.90068,1.71031,1.15799,1.33281,3.15788
2009-08-10,1.88733,1.70328,1.15548,1.32702,3.11353
2009-08-11,1.87112,1.6947,1.15241,1.31997,3.06006
2009-08-12,1.9002,1.71023,1.15795,1.33266,3.15516
2009-08-13,1.91068,1.71575,1.15993,1.33721,3.18999
2009-08-14,1.88876,1.70428,1.15581,1.32772,3.11678
2009-08-17,1.83395,1.67526,1.14544,1.30389,2.93588
2009-08-18,1.86016,1.68955,1.1505,1.31541,3.0198
2009-08-19,1.87303,1.69647,1.15296,1.32104,3.06159
2009-08-20,1.87114,1.69546,1.1526,1.32022,3.05541
2009-08-21,1.87114,1.69546,1.1526,1.32022,3.05541
2009-08-24,1.87114,1.69546,1.1526,1.32022,3.05541
2009-08-25,1.87114,1.69546,1.1526,1.32022,3.05541
2009-08-26,1.87114,1.69546,1.1526,1.32022,3.05541
2009-08-27,1.87114,1.69546,1.1526,1.32022,3.05541
2009-08-28,1.87114,1.69546,1.1526,1.32022,3.05541
2009-08-31,1.87114,1.69546,1.1526,1.32022,3.05541
2009-09-01,1.84161,1.67968,1.14729,1.30804,2.95895
2009-09-02,1.8402,1.67891,1.14703,1.30746,2.95444
2009-09-03,1.85239,1.68554,1.14925,1.31252,2.99358
2009-09-04,1.85474,1.68681,1.14968,1.31349,3.00118
2009-09-08,1.85474,1.68681,1.14968,1.31349,3.00118
2009-09-09,1.85474,1.68681,1.14968,1.31349,3.00118
2009-09-10,1.85474,1.68681,1.14968,1.31349,3.00118
2009-09-11,1.85474,1.68681,1.14968,1.31349,3.00118
2009-09-14,1.85474,1.68681,1.14968,1.31349,3.00118
2009-09-15,1.85474,1.68681,1.14968,1.31349,3.00118
2009-09-16,1.85474,1.68681,1.14968,1.31349,3.00118
2009-09-17,1.85474,1.68681,1.14968,1.31349,3.00118
2009-09-18,1.85474,1.68681,1.14968,1.31349,3.00118
2009-09-21,1.85474,1.68681,1.14968,1.31349,3.00118
2009-09-22,1.85474,1.68681,1.14968,1.31349,3.00118
2009-09-23,1.85474,1.68681,1.14968,1.31349,3.00118
2009-09-24,1.85474,1.68681,1.14968,1.31349,3.00118
2009-09-25,1.85115,1.68487,1.14893,1.31179,2.98957
2009-09-28,1.88267,1.7019,1.15549,1.32676,3.09136
2009-09-29,1.87424,1.69742,1.15375,1.32278,3.06367
2009-09-30,1.87557,1.69813,1.15403,1.32341,3.06802
2009-10-01,1.82007,1.66854,1.14258,1.29716,2.88647
2009-10-02,1.81475,1.66562,1.14146,1.29461,2.86958
2009-10-05,1.8294,1.67369,1.14455,1.30162,2.91591
2009-10-06,1.83869,1.67877,1.1465,1.30605,2.94553
2009-10-07,1.83869,1.67877,1.1465,1.30605,2.94553
2009-10-08,1.83869,1.67877,1.1465,1.30605,2.94553
2009-10-09,1.83869,1.67877,1.1465,1.30605,2.94553
2009-10-12,1.83869,1.67877,1.1465,1.30605,2.94553
2009-10-13,1.83869,1.67877,1.1465,1.30605,2.94553
2009-10-14,1.83869,1.67877,1.1465,1.30605,2.94553
2009-10-15,1.83869,1.67877,1.1465,1.30605,2.94553
2009-10-16,1.83869,1.67877,1.1465,1.30605,2.94553
2009-10-19,1.83869,1.67877,1.1465,1.30605,2.94553
2009-10-20,1.83869,1.67877,1.1465,1.30605,2.94553
2009-10-21,1.83869,1.67877,1.1465,1.30605,2.94553
2009-10-22,1.83869,1.67877,1.1465,1.30605,2.94553
2009-10-23,1.83869,1.67877,1.1465,1.30605,2.94553
2009-10-26,1.83869,1.67877,1.1465,1.30605,2.94553
2009-10-27,1.83869,1.67877,1.1465,1.30605,2.94553
2009-10-28,1.80292,1.65931,1.13948,1.29006,2.83093
2009-10-29,1.83341,1.67623,1.14554,1.30379,2.92668
2009-10-30,1.78419,1.64938,1.13587,1.28176,2.76953
2009-11-02,1.7916,1.65353,1.13735,1.28511,2.79253
2009-11-03,1.79726,1.65669,1.13848,1.28767,2.81018
2009-11-04,1.80811,1.66273,1.14065,1.29256,2.84413
2009-11-05,1.80811,1.66273,1.14065,1.29256,2.84413
2009-11-06,1.80811,1.66273,1.14065,1.29256,2.84413
2009-11-09,1.80811,1.66273,1.14065,1.29256,2.84413
2009-11-10,1.80811,1.66273,1.14065,1.29256,2.84413
2009-11-11,1.80811,1.66273,1.14065,1.29256,2.84413
2009-11-12,1.80811,1.66273,1.14065,1.29256,2.84413
2009-11-13,1.80811,1.66273,1.14065,1.29256,2.84413
2009-11-16,1.80811,1.66273,1.14065,1.29256,2.84413
2009-11-17,1.80811,1.66273,1.14065,1.29256,2.84413
2009-11-18,1.80811,1.66273,1.14065,1.29256,2.84413
2009-11-19,1.80811,1.66273,1.14065,1.29256,2.84413
2009-11-20,1.80762,1.66246,1.14055,1.29234,2.84259
2009-11-23,1.83675,1.67857,1.14643,1.30567,2.9342
2009-11-24,1.835,1.67762,1.14608,1.30487,2.92861
2009-11-25,1.835,1.67762,1.14608,1.30487,2.92861
2009-11-27,1.835,1.67762,1.14608,1.30487,2.92861
2009-11-30,1.835,1.67762,1.14608,1.30487,2.92861
2009-12-01,1.835,1.67762,1.14608,1.30487,2.92861
2009-12-02,1.835,1.67762,1.14608,1.30487,2.92861
2009-12-03,1.835,1.67762,1.14608,1.30487,2.92861
2009-12-04,1.835,1.67762,1.14608,1.30487,2.92861
2009-12-07,1.835,1.67762,1.14608,1.30487,2.92861
2009-12-08,1.835,1.67762,1.14608,1.30487,2.92861
2009-12-09,1.835,1.67762,1.14608,1.30487,2.92861
2009-12-10,1.835,1.67762,1.14608,1.30487,2.92861
2009-12-11,1.835,1.67762,1.14608,1.30487,2.92861
2009-12-14,1.835,1.67762,1.14608,1.30487,2.92861
2009-12-15,1.835,1.67762,1.14608,1.30487,2.92861
2009-12-16,1.835,1.67762,1.14608,1.30487,2.92861
2009-12-17,1.835,1.67762,1.14608,1.30487,2.92861
2009-12-18,1.84655,1.68391,1.14866,1.31074,2.96545
2009-12-21,1.86731,1.69516,1.15328,1.32129,3.03215
2009-12-22,1.87261,1.69799,1.15445,1.32397,3.04935
2009-12-23,1.87261,1.69799,1.15445,1.32397,3.04935
2009-12-24,1.87261,1.69799,1.15445,1.32397,3.04935
2009-12-28,1.87261,1.69799,1.15445,1.32397,3.04935
2009-12-29,1.87261,1.69799,1.15445,1.32397,3.04935
2009-12-30,1.87261,1.69799,1.15445,1.32397,3.04935
2009-12-31,1.87261,1.69799,1.15445,1.32397,3.04935
2010-01-04,1.87261,1.69799,1.15445,1.32397,3.04935
2010-01-05,1.87261,1.69799,1.15445,1.32397,3.04935
2010-01-06,1.87261,1.69799,1.15445,1.32397,3.04935
2010-01-07,1.87261,1.69799,1.15445,1.32397,3.04935
2010-01-08,1.87261,1.69799,1.15445,1.32397,3.04935
2010-01-11,1.87261,1.69799,1.15445,1.32397,3.04935
2010-01-12,1.87261,1.69799,1.15445,1.32397,3.04935
2010-01-13,1.8892,1.70685,1.1588,1.33394,3.10338
2010-01-14,1.89083,1.70772,1.15922,1.33492,3.10874
2010-01-15,1.89314,1.70894,1.15983,1.33631,3.11634
2010-01-19,1.89314,1.70894,1.15983,1.33631,3.11634
2010-01-20,1.89314,1.70894,1.15983,1.33631,3.11634
2010-01-21,1.89314,1.70894,1.15983,1.33631,3.11634
2010-01-22,1.89314,1.70894,1.15983,1.33631,3.11634
2010-01-25,1.88709,1.70574,1.15867,1.33366,3.0964
2010-01-26,1.88879,1.70664,1.159,1.3344,3.102
2010-01-27,1.90369,1.71453,1.16184,1.34095,3.15095
2010-01-28,1.88997,1.70733,1.15924,1.33494,3.10553
2010-01-29,1.84084,1.68133,1.15059,1.31502,2.94407
2010-02-01,1.86106,1.69231,1.15421,1.32331,3.00874
2010-02-02,1.87784,1.70133,1.1572,1.33016,3.06299
2010-02-03,1.86787,1.69602,1.15544,1.32611,3.03048
2010-02-04,1.86787,1.69602,1.15544,1.32611,3.03048
2010-02-05,1.86787,1.69602,1.15544,1.32611,3.03048
2010-02-08,1.86787,1.69602,1.15544,1.32611,3.03048
2010-02-09,1.86787,1.69602,1.15544,1.32611,3.03048
2010-02-10,1.86787,1.69602,1.15544,1.32611,3.03048
2010-02-11,1.86787,1.69602,1.15544,1.32611,3.03048
2010-02-12,1.86787,1.69602,1.15544,1.32611,3.03048
2010-02-16,1.86787,1.69602,1.15544,1.32611,3.03048
2010-02-17,1.86787,1.69602,1.15544,1.32611,3.03048
2010-02-18,1.86787,1.69602,1.15544,1.32611,3.03048
2010-02-19,1.86787,1.69602,1.15544,1.32611,3.03048
2010-02-22,1.86787,1.69602,1.15544,1.32611,3.03048
2010-02-23,1.86787,1.69602,1.15544,1.32611,3.03048
2010-02-24,1.87619,1.70048,1.15709,1.32989,3.05748
2010-02-25,1.87577,1.70025,1.157,1.3297,3.05611
2010-02-26,1.87441,1.69953,1.15673,1.32908,3.05168
2010-03-01,1.87441,1.69953,1.15673,1.32908,3.05168
2010-03-02,1.87441,1.69953,1.15673,1.32908,3.05168
2010-03-03,1.87441,1.69953,1.15673,1.32908,3.05168
2010-03-04,1.87441,1.69953,1.15673,1.32908,3.05168
2010-03-05,1.87441,1.69953,1.15673,1.32908,3.05168
2010-03-08,1.87441,1.69953,1.15673,1.32908,3.05168
2010-03-09,1.87441,1.69953,1.15673,1.32908,3.05168
2010-03-10,1.87441,1.69953,1.15673,1.32908,3.05168
2010-03-11,1.87441,1.69953,1.15673,1.32908,3.05168
2010-03-12,1.87441,1.69953,1.15673,1.32908,3.05168
2010-03-15,1.87441,1.69953,1.15673,1.32908,3.05168
2010-03-16,1.87441,1.69953,1.15673,1.32908,3.05168
2010-03-17,1.87441,1.69953,1.15673,1.32908,3.05168
2010-03-18,1.87441,1.69953,1.15673,1.32908,3.05168
2010-03-19,1.87441,1.69953,1.15673,1.32908,3.05168
2010-03-22,1.87441,1.69953,1.15673,1.32908,3.05168
2010-03-23,1.87441,1.69953,1.15673,1.32908,3.05168
2010-03-24,1.87441,1.69953,1.15673,1.32908,3.05168
2010-03-25,1.87441,1.69953,1.15673,1.32908,3.05168
2010-03-26,1.87441,1.69953,1.15673,1.32908,3.05168
2010-03-29,1.87441,1.69953,1.15673,1.32908,3.05168
2010-03-30,1.87441,1.69953,1.15673,1.32908,3.05168
2010-03-31,1.87441,1.69953,1.15673,1.32908,3.05168
2010-04-01,1.87441,1.69953,1.15673,1.32908,3.05168
2010-04-05,1.87441,1.69953,1.15673,1.32908,3.05168
2010-04-06,1.87441,1.69953,1.15673,1.32908,3.05168
2010-04-07,1.87441,1.69953,1.15673,1.32908,3.05168
2010-04-08,1.87441,1.69953,1.15673,1.32908,3.05168
2010-04-09,1.87441,1.69953,1.15673,1.32908,3.05168
2010-04-12,1.87441,1.69953,1.15673,1.32908,3.05168
2010-04-13,1.87441,1.69953,1.15673,1.32908,3.05168
2010-04-14,1.87441,1.69953,1.15673,1.32908,3.05168
2010-04-15,1.87441,1.69953,1.15673,1.32908,3.05168
2010-04-16,1.87441,1.69953,1.15673,1.32908,3.05168
2010-04-19,1.87441,1.69953,1.15673,1.32908,3.05168
2010-04-20,1.87441,1.69953,1.15673,1.32908,3.05168
2010-04-21,1.87441,1.69953,1.15673,1.32908,3.05168
2010-04-22,1.87441,1.69953,1.15673,1.32908,3.05168
2010-04-23,1.87441,1.69953,1.15673,1.32908,3.05168
2010-04-26,1.87441,1.69953,1.15673,1.32908,3.05168
2010-04-27,1.87441,1.69953,1.15673,1.32908,3.05168
2010-04-28,1.86479,1.69439,1.1543,1.3235,3.02033
2010-04-29,1.89727,1.71181,1.16253,1.34235,3.12557
2010-04-30,1.85988,1.6921,1.15316,1.32071,3.00235
2010-05-03,1.88594,1.70612,1.15977,1.33585,3.0865
2010-05-04,1.82928,1.67607,1.14552,1.30303,2.90105
2010-05-05,1.81984,1.67091,1.1431,1.29753,2.8711
2010-05-06,1.75903,1.63749,1.12748,1.26206,2.67921
2010-05-07,1.71521,1.61259,1.11599,1.23635,2.54574
2010-05-10,1.80435,1.66456,1.13971,1.28891,2.81035
2010-05-11,1.80246,1.66351,1.13922,1.2878,2.80446
2010-05-12,1.81138,1.66846,1.14153,1.29301,2.83221
2010-05-13,1.81138,1.66846,1.14153,1.29301,2.83221
2010-05-14,1.81138,1.66846,1.14153,1.29301,2.83221
2010-05-17,1.81138,1.66846,1.14153,1.29301,2.83221
2010-05-18,1.81138,1.66846,1.14153,1.29301,2.83221
2010-05-19,1.80265,1.66364,1.14053,1.29075,2.80491
2010-05-20,1.73572,1.62651,1.13285,1.27337,2.59664
2010-05-21,1.7549,1.63756,1.13512,1.27847,2.65402
2010-05-24,1.74786,1.63355,1.1343,1.27661,2.63272
2010-05-25,1.74942,1.63444,1.13448,1.27703,2.63743
2010-05-26,1.72985,1.62325,1.13218,1.27185,2.57842
2010-05-27,1.79521,1.66104,1.13994,1.28927,2.77326
2010-05-28,1.78464,1.65515,1.13872,1.28652,2.74061
2010-06-01,1.76821,1.64594,1.13682,1.28222,2.69013
2010-06-02,1.81008,1.66962,1.1417,1.29324,2.81756
2010-06-03,1.82731,1.67914,1.14367,1.2977,2.87117
2010-06-04,1.78766,1.65744,1.13917,1.28749,2.74659
2010-06-07,1.78766,1.65744,1.13917,1.28749,2.74659
2010-06-08,1.78766,1.65744,1.13917,1.28749,2.74659
2010-06-09,1.78766,1.65744,1.13917,1.28749,2.74659
2010-06-10,1.78766,1.65744,1.13917,1.28749,2.74659
2010-06-11,1.78766,1.65744,1.13917,1.28749,2.74659
2010-06-14,1.78766,1.65744,1.13917,1.28749,2.74659
2010-06-15,1.78766,1.65744,1.13917,1.28749,2.74659
2010-06-16,1.78766,1.65744,1.13917,1.28749,2.74659
2010-06-17,1.78766,1.65744,1.13917,1.28749,2.74659
2010-06-18,1.78766,1.65744,1.13917,1.28749,2.74659
2010-06-21,1.78766,1.65744,1.13917,1.28749,2.74659
2010-06-22,1.78766,1.65744,1.13917,1.28749,2.74659
2010-06-23,1.77751,1.65176,1.1378,1.28439,2.71538
2010-06-24,1.75049,1.63656,1.13413,1.2761,2.63283
2010-06-25,1.75084,1.63676,1.13417,1.27621,2.63388
2010-06-28,1.74465,1.63323,1.13332,1.27429,2.61527
2010-06-29,1.67735,1.59465,1.12405,1.25343,2.4135
2010-06-30,1.65183,1.57944,1.12042,1.24533,2.34005
2010-07-01,1.64719,1.57663,1.11975,1.24385,2.3269
2010-07-02,1.64255,1.57381,1.11908,1.24236,2.31379
2010-07-06,1.64757,1.57687,1.1198,1.24397,2.32795
2010-07-07,1.70017,1.6088,1.12739,1.26083,2.47659
2010-07-08,1.70945,1.61426,1.1287,1.26375,2.50364
2010-07-09,1.7257,1.62376,1.13097,1.26885,2.55121
2010-07-12,1.73072,1.62667,1.13167,1.27042,2.56608
2010-07-13,1.74494,1.63488,1.13365,1.27485,2.60822
2010-07-14,1.74494,1.63488,1.13365,1.27485,2.60822
2010-07-15,1.74494,1.63488,1.13365,1.27485,2.60822
2010-07-16,1.74494,1.63488,1.13365,1.27485,2.60822
2010-07-19,1.74494,1.63488,1.13365,1.27485,2.60822
2010-07-20,1.74494,1.63488,1.13365,1.27485,2.60822
2010-07-21,1.74494,1.63488,1.13365,1.27485,2.60822
2010-07-22,1.74494,1.63488,1.13365,1.27485,2.60822
2010-07-23,1.74494,1.63488,1.13365,1.27485,2.60822
2010-07-26,1.74494,1.63488,1.13365,1.27485,2.60822
2010-07-27,1.74494,1.63488,1.13365,1.27485,2.60822
2010-07-28,1.74494,1.63488,1.13365,1.27485,2.60822
2010-07-29,1.74494,1.63488,1.13365,1.27485,2.60822
2010-07-30,1.74494,1.63488,1.13365,1.27485,2.60822
2010-08-02,1.74494,1.63488,1.13365,1.27485,2.60822
2010-08-03,1.74494,1.63488,1.13365,1.27485,2.60822
2010-08-04,1.74494,1.63488,1.13365,1.27485,2.60822
2010-08-05,1.74494,1.63488,1.13365,1.27485,2.60822
2010-08-06,1.74494,1.63488,1.13365,1.27485,2.60822
2010-08-09,1.74494,1.63488,1.13365,1.27485,2.60822
2010-08-10,1.74494,1.63488,1.13365,1.27485,2.60822
2010-08-11,1.74494,1.63488,1.13365,1.27485,2.60822
2010-08-12,1.74494,1.63488,1.13365,1.27485,2.60822
2010-08-13,1.74494,1.63488,1.13365,1.27485,2.60822
2010-08-16,1.74494,1.63488,1.13365,1.27485,2.60822
2010-08-17,1.74494,1.63488,1.13365,1.27485,2.60822
2010-08-18,1.74494,1.63488,1.13365,1.27485,2.60822
2010-08-19,1.74494,1.63488,1.13365,1.27485,2.60822
2010-08-20,1.74494,1.63488,1.13365,1.27485,2.60822
2010-08-23,1.74494,1.63488,1.13365,1.27485,2.60822
2010-08-24,1.74494,1.63488,1.13365,1.27485,2.60822
2010-08-25,1.74494,1.63488,1.13365,1.27485,2.60822
2010-08-26,1.74494,1.63488,1.13365,1.27485,2.60822
2010-08-27,1.74494,1.63488,1.13365,1.27485,2.60822
2010-08-30,1.74494,1.63488,1.13365,1.27485,2.60822
2010-08-31,1.74494,1.63488,1.13365,1.27485,2.60822
2010-09-01,1.74494,1.63488,1.13365,1.27485,2.60822
2010-09-02,1.74494,1.63488,1.13365,1.27485,2.60822
2010-09-03,1.74494,1.63488,1.13365,1.27485,2.60822
2010-09-07,1.74494,1.63488,1.13365,1.27485,2.60822
2010-09-08,1.74494,1.63488,1.13365,1.27485,2.60822
2010-09-09,1.74494,1.63488,1.13365,1.27485,2.60822
2010-09-10,1.74494,1.63488,1.13365,1.27485,2.60822
2010-09-13,1.74494,1.63488,1.13365,1.27485,2.60822
2010-09-14,1.74494,1.63488,1.13365,1.27485,2.60822
2010-09-15,1.74494,1.63488,1.13365,1.27485,2.60822
2010-09-16,1.74494,1.63488,1.13365,1.27485,2.60822
2010-09-17,1.74494,1.63488,1.13365,1.27485,2.60822
2010-09-20,1.74494,1.63488,1.13365,1.27485,2.60822
2010-09-21,1.74494,1.63488,1.13365,1.27485,2.60822
2010-09-22,1.74494,1.63488,1.13365,1.27485,2.60822
2010-09-23,1.74494,1.63488,1.13365,1.27485,2.60822
2010-09-24,1.74494,1.63488,1.13365,1.27485,2.60822
2010-09-27,1.74494,1.63488,1.13365,1.27485,2.60822
2010-09-28,1.74494,1.63488,1.13365,1.27485,2.60822
2010-09-29,1.74494,1.63488,1.13365,1.27485,2.60822
2010-09-30,1.74494,1.63488,1.13365,1.27485,2.60822
2010-10-01,1.74494,1.63488,1.13365,1.27485,2.60822
2010-10-04,1.73014,1.62641,1.13043,1.26761,2.564
2010-10-05,1.77226,1.65075,1.13964,1.28827,2.68883
2010-10-06,1.75691,1.64209,1.13634,1.2808,2.64225
2010-10-07,1.76333,1.64574,1.13773,1.28394,2.66158
2010-10-08,1.77547,1.65263,1.14035,1.28986,2.69821
2010-10-11,1.77618,1.65303,1.1405,1.2902,2.70038
2010-10-12,1.78832,1.65986,1.14311,1.29611,2.73728
2010-10-13,1.80295,1.66804,1.14624,1.30321,2.78206
2010-10-14,1.80312,1.66813,1.14628,1.30329,2.78258
2010-10-15,1.80312,1.66813,1.14628,1.30329,2.78258
2010-10-18,1.80312,1.66813,1.14628,1.30329,2.78258
2010-10-19,1.80312,1.66813,1.14628,1.30329,2.78258
2010-10-20,1.80312,1.66813,1.14628,1.30329,2.78258
2010-10-21,1.80312,1.66813,1.14628,1.30329,2.78258
2010-10-22,1.80312,1.66813,1.14628,1.30329,2.78258
2010-10-25,1.80312,1.66813,1.14628,1.30329,2.78258
2010-10-26,1.80312,1.66813,1.14628,1.30329,2.78258
2010-10-27,1.80312,1.66813,1.14628,1.30329,2.78258
2010-10-28,1.80312,1.66813,1.14628,1.30329,2.78258
2010-10-29,1.80312,1.66813,1.14628,1.30329,2.78258
2010-11-01,1.80312,1.66813,1.14628,1.30329,2.78258
2010-11-02,1.80312,1.66813,1.14628,1.30329,2.78258
2010-11-03,1.80312,1.66813,1.14628,1.30329,2.78258
2010-11-04,1.80312,1.66813,1.14628,1.30329,2.78258
2010-11-05,1.80312,1.66813,1.14628,1.30329,2.78258
2010-11-08,1.80312,1.66813,1.14628,1.30329,2.78258
2010-11-09,1.80312,1.66813,1.14628,1.30329,2.78258
2010-11-10,1.80312,1.66813,1.14628,1.30329,2.78258
2010-11-11,1.80312,1.66813,1.14628,1.30329,2.78258
2010-11-12,1.80312,1.66813,1.14628,1.30329,2.78258
2010-11-15,1.78617,1.65873,1.14239,1.29444,2.73027
2010-11-16,1.7568,1.64229,1.13561,1.27908,2.64049
2010-11-17,1.76192,1.64521,1.1368,1.28177,2.65588
2010-11-18,1.79026,1.66129,1.14341,1.29666,2.74133
2010-11-19,1.78698,1.65946,1.14265,1.29494,2.73126
2010-11-22,1.78698,1.65946,1.14265,1.29494,2.73126
2010-11-23,1.78698,1.65946,1.14265,1.29494,2.73126
2010-11-24,1.78698,1.65946,1.14265,1.29494,2.73126
2010-11-26,1.78698,1.65946,1.14265,1.29494,2.73126
2010-11-29,1.78698,1.65946,1.14265,1.29494,2.73126
2010-11-30,1.78698,1.65946,1.14265,1.29494,2.73126
2010-12-01,1.78698,1.65946,1.14265,1.29494,2.73126
2010-12-02,1.78698,1.65946,1.14265,1.29494,2.73126
2010-12-03,1.78698,1.65946,1.14265,1.29494,2.73126
2010-12-06,1.78698,1.65946,1.14265,1.29494,2.73126
2010-12-07,1.78698,1.65946,1.14265,1.29494,2.73126
2010-12-08,1.78698,1.65946,1.14265,1.29494,2.73126
2010-12-09,1.78698,1.65946,1.14265,1.29494,2.73126
2010-12-10,1.78698,1.65946,1.14265,1.29494,2.73126
2010-12-13,1.78698,1.65946,1.14265,1.29494,2.73126
2010-12-14,1.78698,1.65946,1.14265,1.29494,2.73126
2010-12-15,1.78698,1.65946,1.14265,1.29494,2.73126
2010-12-16,1.78698,1.65946,1.14265,1.29494,2.73126
2010-12-17,1.78698,1.65946,1.14265,1.29494,2.73126
2010-12-20,1.78698,1.65946,1.14265,1.29494,2.73126
2010-12-21,1.78698,1.65946,1.14265,1.29494,2.73126
2010-12-22,1.78698,1.65946,1.14265,1.29494,2.73126
2010-12-23,1.78698,1.65946,1.14265,1.29494,2.73126
2010-12-27,1.78698,1.65946,1.14265,1.29494,2.73126
2010-12-28,1.78698,1.65946,1.14265,1.29494,2.73126
2010-12-29,1.78698,1.65946,1.14265,1.29494,2.73126
2010-12-30,1.78698,1.65946,1.14265,1.29494,2.73126
2010-12-31,1.78698,1.65946,1.14265,1.29494,2.73126
2011-01-03,1.79713,1.66514,1.14622,1.3023,2.7623
2011-01-04,1.79583,1.66442,1.14577,1.30136,2.75831
2011-01-05,1.8111,1.67292,1.15113,1.31242,2.80522
2011-01-06,1.81695,1.67615,1.15318,1.31666,2.82334
2011-01-07,1.81929,1.67744,1.15399,1.31835,2.83061
2011-01-10,1.81929,1.67744,1.15399,1.31835,2.83061
2011-01-11,1.81929,1.67744,1.15399,1.31835,2.83061
2011-01-12,1.81929,1.67744,1.15399,1.31835,2.83061
2011-01-13,1.81929,1.67744,1.15399,1.31835,2.83061
2011-01-14,1.81929,1.67744,1.15399,1.31835,2.83061
2011-01-18,1.81929,1.67744,1.15399,1.31835,2.83061
2011-01-19,1.81929,1.67744,1.15399,1.31835,2.83061
2011-01-20,1.81929,1.67744,1.15399,1.31835,2.83061
2011-01-21,1.79549,1.66435,1.14677,1.30185,2.75653
2011-01-24,1.82032,1.67818,1.15436,1.31908,2.83277
2011-01-25,1.82289,1.6796,1.15514,1.32086,2.8408
2011-01-26,1.82456,1.68051,1.15564,1.32202,2.846
2011-01-27,1.82456,1.68051,1.15564,1.32202,2.846
2011-01-28,1.82456,1.68051,1.15564,1.32202,2.846
2011-01-31,1.82456,1.68051,1.15564,1.32202,2.846
2011-02-01,1.82456,1.68051,1.15564,1.32202,2.846
2011-02-02,1.82456,1.68051,1.15564,1.32202,2.846
2011-02-03,1.82456,1.68051,1.15564,1.32202,2.846
2011-02-04,1.82456,1.68051,1.15564,1.32202,2.846
2011-02-07,1.82456,1.68051,1.15564,1.32202,2.846
2011-02-08,1.82456,1.68051,1.15564,1.32202,2.846
2011-02-09,1.82456,1.68051,1.15564,1.32202,2.846
2011-02-10,1.82456,1.68051,1.15564,1.32202,2.846
2011-02-11,1.82456,1.68051,1.15564,1.32202,2.846
2011-02-14,1.82456,1.68051,1.15564,1.32202,2.846
2011-02-15,1.82456,1.68051,1.15564,1.32202,2.846
2011-02-16,1.82456,1.68051,1.15564,1.32202,2.846
2011-02-17,1.82456,1.68051,1.15564,1.32202,2.846
2011-02-18,1.82456,1.68051,1.15564,1.32202,2.846
2011-02-22,1.82456,1.68051,1.15564,1.32202,2.846
2011-02-23,1.80862,1.67178,1.1513,1.31208,2.79628
2011-02-24,1.81822,1.67708,1.15393,1.31807,2.82594
2011-02-25,1.84348,1.69097,1.16083,1.33383,2.90446
2011-02-28,1.8499,1.69446,1.16257,1.33783,2.92471
2011-03-01,1.8499,1.69446,1.16257,1.33783,2.92471
2011-03-02,1.8499,1.69446,1.16257,1.33783,2.92471
2011-03-03,1.8499,1.69446,1.16257,1.33783,2.92471
2011-03-04,1.8499,1.69446,1.16257,1.33783,2.92471
2011-03-07,1.8499,1.69446,1.16257,1.33783,2.92471
2011-03-08,1.8499,1.69446,1.16257,1.33783,2.92471
2011-03-09,1.8499,1.69446,1.16257,1.33783,2.92471
2011-03-10,1.8499,1.69446,1.16257,1.33783,2.92471
2011-03-11,1.87117,1.70596,1.16694,1.3479,2.99197
2011-03-14,1.86455,1.70242,1.16559,1.34478,2.97078
2011-03-15,1.80899,1.67262,1.15422,1.31854,2.79373
2011-03-16,1.77917,1.65614,1.14849,1.30544,2.70164
2011-03-17,1.7956,1.66537,1.15168,1.31271,2.75153
2011-03-18,1.79155,1.66312,1.1509,1.31093,2.73912
2011-03-21,1.8261,1.6824,1.15759,1.32616,2.84476
2011-03-22,1.82281,1.6806,1.15696,1.32472,2.83451
2011-03-23,1.83301,1.68619,1.15891,1.32919,2.86623
2011-03-24,1.86558,1.70396,1.16512,1.34343,2.96811
2011-03-25,1.87057,1.70664,1.16606,1.3456,2.98397
2011-03-28,1.87057,1.70664,1.16606,1.3456,2.98397
2011-03-29,1.87057,1.70664,1.16606,1.3456,2.98397
2011-03-30,1.87057,1.70664,1.16606,1.3456,2.98397
2011-03-31,1.87057,1.70664,1.16606,1.3456,2.98397
2011-04-01,1.87057,1.70664,1.16606,1.3456,2.98397
2011-04-04,1.87057,1.70664,1.16606,1.3456,2.98397
2011-04-05,1.87057,1.70664,1.16606,1.3456,2.98397
2011-04-06,1.87057,1.70664,1.16606,1.3456,2.98397
2011-04-07,1.87057,1.70664,1.16606,1.3456,2.98397
2011-04-08,1.87057,1.70664,1.16606,1.3456,2.98397
2011-04-11,1.85623,1.69897,1.16283,1.33814,2.93821
2011-04-12,1.84347,1.6921,1.15994,1.33149,2.89784
2011-04-13,1.85917,1.70061,1.16351,1.33969,2.94719
2011-04-14,1.8559,1.69885,1.16277,1.33798,2.93682
2011-04-15,1.84778,1.69448,1.16093,1.33375,2.91112
2011-04-18,1.84778,1.69448,1.16093,1.33375,2.91112
2011-04-19,1.8534,1.69752,1.1622,1.33667,2.92884
2011-04-20,1.88521,1.71468,1.16938,1.35318,3.02936
2011-04-21,1.88521,1.71468,1.16938,1.35318,3.02936
2011-04-25,1.88521,1.71468,1.16938,1.35318,3.02936
2011-04-26,1.88521,1.71468,1.16938,1.35318,3.02936
2011-04-27,1.88521,1.71468,1.16938,1.35318,3.02936
2011-04-28,1.88521,1.71468,1.16938,1.35318,3.02936
2011-04-29,1.88521,1.71468,1.16938,1.35318,3.02936
2011-05-02,1.88521,1.71468,1.16938,1.35318,3.02936
2011-05-03,1.88521,1.71468,1.16938,1.35318,3.02936
2011-05-04,1.88041,1.71214,1.16806,1.35013,3.01395
2011-05-05,1.87015,1.70668,1.16523,1.34359,2.98103
2011-05-06,1.87624,1.70994,1.16692,1.34748,3.00047
2011-05-09,1.8833,1.7137,1.16886,1.35197,3.02305
2011-05-10,1.89935,1.72222,1.17328,1.36219,3.07457
2011-05-11,1.89551,1.7202,1.17223,1.35975,3.06214
2011-05-12,1.89551,1.7202,1.17223,1.35975,3.06214
2011-05-13,1.89551,1.7202,1.17223,1.35975,3.06214
2011-05-16,1.89551,1.7202,1.17223,1.35975,3.06214
2011-05-17,1.90983,1.72775,1.17559,1.36755,3.10839
2011-05-18,1.92575,1.73609,1.17931,1.37621,3.16023
2011-05-19,1.93076,1.73869,1.18048,1.37892,3.17666
2011-05-20,1.93076,1.73869,1.18048,1.37892,3.17666
2011-05-23,1.93076,1.73869,1.18048,1.37892,3.17666
2011-05-24,1.91322,1.72961,1.17633,1.36923,3.11897
2011-05-25,1.92066,1.7335,1.1781,1.37335,3.14321
2011-05-26,1.9325,1.73966,1.18091,1.3799,3.18197
2011-05-27,1.93491,1.74091,1.18148,1.38124,3.18992
2011-05-31,1.93491,1.74091,1.18148,1.38124,3.18992
2011-06-01,1.93491,1.74091,1.18148,1.38124,3.18992
2011-06-02,1.93491,1.74091,1.18148,1.38124,3.18992
2011-06-03,1.93491,1.74091,1.18148,1.38124,3.18992
2011-06-06,1.93491,1.74091,1.18148,1.38124,3.18992
2011-06-07,1.92532,1.73595,1.17926,1.37605,3.15828
2011-06-08,1.91152,1.72878,1.17606,1.36857,3.11299
2011-06-09,1.91497,1.73059,1.17686,1.37044,3.12423
2011-06-10,1.88563,1.71527,1.17003,1.35453,3.02852
2011-06-13,1.88563,1.71527,1.17003,1.35453,3.02852
2011-06-14,1.90979,1.72808,1.17571,1.36768,3.10612
2011-06-15,1.87356,1.70911,1.16725,1.34801,2.98825
2011-06-16,1.86631,1.70524,1.16554,1.34406,2.96514
2011-06-17,1.86047,1.70211,1.16416,1.34087,2.94657
2011-06-20,1.87015,1.70731,1.16646,1.34616,2.97724
2011-06-21,1.91027,1.72877,1.17594,1.36805,3.10499
2011-06-22,1.90137,1.72411,1.17386,1.36322,3.07603
2011-06-23,1.90137,1.72411,1.17386,1.36322,3.07603
2011-06-24,1.90137,1.72411,1.17386,1.36322,3.07603
2011-06-27,1.90137,1.72411,1.17386,1.36322,3.07603
2011-06-28,1.90137,1.72411,1.17386,1.36322,3.07603
2011-06-29,1.90137,1.72411,1.17386,1.36322,3.07603
2011-06-30,1.90137,1.72411,1.17386,1.36322,3.07603
2011-07-01,1.90137,1.72411,1.17386,1.36322,3.07603
2011-07-05,1.90137,1.72411,1.17386,1.36322,3.07603
2011-07-06,1.90137,1.72411,1.17386,1.36322,3.07603
2011-07-07,1.90137,1.72411,1.17386,1.36322,3.07603
2011-07-08,1.90137,1.72411,1.17386,1.36322,3.07603
2011-07-11,1.90137,1.72411,1.17386,1.36322,3.07603
2011-07-12,1.90137,1.72411,1.17386,1.36322,3.07603
2011-07-13,1.89451,1.7205,1.17237,1.35976,3.05387
2011-07-14,1.87254,1.7089,1.16759,1.34866,2.98301
2011-07-15,1.89746,1.72221,1.17306,1.3613,3.06244
2011-07-18,1.8873,1.71686,1.17085,1.35616,3.02961
2011-07-19,1.90438,1.72591,1.17458,1.3648,3.08448
2011-07-20,1.90438,1.72591,1.17458,1.3648,3.08448
2011-07-21,1.90438,1.72591,1.17458,1.3648,3.08448
2011-07-22,1.90438,1.72591,1.17458,1.3648,3.08448
2011-07-25,1.90438,1.72591,1.17458,1.3648,3.08448
2011-07-26,1.90438,1.72591,1.17458,1.3648,3.08448
2011-07-27,1.90438,1.72591,1.17458,1.3648,3.08448
2011-07-28,1.90573,1.72661,1.17484,1.36542,3.08882
2011-07-29,1.8995,1.72335,1.17361,1.36255,3.06865
2011-08-01,1.92147,1.73491,1.17797,1.37269,3.13961
2011-08-02,1.88073,1.71371,1.17075,1.35585,3.00649
2011-08-03,1.89878,1.72331,1.174,1.36338,3.0642
2011-08-04,1.81054,1.67684,1.15821,1.32671,2.77941
2011-08-05,1.79918,1.67056,1.15611,1.32189,2.74452
2011-08-08,1.69089,1.61037,1.13597,1.27584,2.41413
2011-08-09,1.77244,1.6586,1.15183,1.31146,2.64701
2011-08-10,1.69991,1.61768,1.13819,1.2804,2.43038
2011-08-11,1.77478,1.66172,1.15269,1.31303,2.64445
2011-08-12,1.79049,1.67058,1.15565,1.31976,2.69126
2011-08-15,1.79694,1.67418,1.15685,1.32251,2.71068
2011-08-16,1.79694,1.67418,1.15685,1.32251,2.71068
2011-08-17,1.79694,1.67418,1.15685,1.32251,2.71068
2011-08-18,1.79694,1.67418,1.15685,1.32251,2.71068
2011-08-19,1.79694,1.67418,1.15685,1.32251,2.71068
2011-08-22,1.79694,1.67418,1.15685,1.32251,2.71068
2011-08-23,1.79694,1.67418,1.15685,1.32251,2.71068
2011-08-24,1.79694,1.67418,1.15685,1.32251,2.71068
2011-08-25,1.79694,1.67418,1.15685,1.32251,2.71068
2011-08-26,1.79694,1.67418,1.15685,1.32251,2.71068
2011-08-29,1.79694,1.67418,1.15685,1.32251,2.71068
2011-08-30,1.79694,1.67418,1.15685,1.32251,2.71068
2011-08-31,1.79694,1.67418,1.15685,1.32251,2.71068
2011-09-01,1.79694,1.67418,1.15685,1.32251,2.71068
2011-09-02,1.79694,1.67418,1.15685,1.32251,2.71068
2011-09-06,1.79694,1.67418,1.15685,1.32251,2.71068
2011-09-07,1.79694,1.67418,1.15685,1.32251,2.71068
2011-09-08,1.79694,1.67418,1.15685,1.32251,2.71068
2011-09-09,1.79694,1.67418,1.15685,1.32251,2.71068
2011-09-12,1.79694,1.67418,1.15685,1.32251,2.71068
2011-09-13,1.79694,1.67418,1.15685,1.32251,2.71068
2011-09-14,1.79694,1.67418,1.15685,1.32251,2.71068
2011-09-15,1.79694,1.67418,1.15685,1.32251,2.71068
2011-09-16,1.79694,1.67418,1.15685,1.32251,2.71068
2011-09-19,1.79694,1.67418,1.15685,1.32251,2.71068
2011-09-20,1.79694,1.67418,1.15685,1.32251,2.71068
2011-09-21,1.79694,1.67418,1.15685,1.32251,2.71068
2011-09-22,1.79694,1.67418,1.15685,1.32251,2.71068
2011-09-23,1.79694,1.67418,1.15685,1.32251,2.71068
2011-09-26,1.79694,1.67418,1.15685,1.32251,2.71068
2011-09-27,1.79694,1.67418,1.15685,1.32251,2.71068
2011-09-28,1.79694,1.67418,1.15685,1.32251,2.71068
2011-09-29,1.79694,1.67418,1.15685,1.32251,2.71068
2011-09-30,1.79694,1.67418,1.15685,1.32251,2.71068
2011-10-03,1.79694,1.67418,1.15685,1.32251,2.71068
2011-10-04,1.79694,1.67418,1.15685,1.32251,2.71068
2011-10-05,1.79694,1.67418,1.15685,1.32251,2.71068
2011-10-06,1.79694,1.67418,1.15685,1.32251,2.71068
2011-10-07,1.79694,1.67418,1.15685,1.32251,2.71068
2011-10-10,1.79694,1.67418,1.15685,1.32251,2.71068
2011-10-11,1.79694,1.67418,1.15685,1.32251,2.71068
2011-10-12,1.79694,1.67418,1.15685,1.32251,2.71068
2011-10-13,1.79694,1.67418,1.15685,1.32251,2.71068
2011-10-14,1.79694,1.67418,1.15685,1.32251,2.71068
2011-10-17,1.79694,1.67418,1.15685,1.32251,2.71068
2011-10-18,1.79694,1.67418,1.15685,1.32251,2.71068
2011-10-19,1.79694,1.67418,1.15685,1.32251,2.71068
2011-10-20,1.79694,1.67418,1.15685,1.32251,2.71068
2011-10-21,1.79694,1.67418,1.15685,1.32251,2.71068
2011-10-24,1.79694,1.67418,1.15685,1.32251,2.71068
2011-10-25,1.79694,1.67418,1.15685,1.32251,2.71068
2011-10-26,1.79694,1.67418,1.15685,1.32251,2.71068
2011-10-27,1.79694,1.67418,1.15685,1.32251,2.71068
2011-10-28,1.79694,1.67418,1.15685,1.32251,2.71068
2011-10-31,1.79694,1.67418,1.15685,1.32251,2.71068
2011-11-01,1.79694,1.67418,1.15685,1.32251,2.71068
2011-11-02,1.79258,1.67175,1.15626,1.32116,2.69751
2011-11-03,1.82975,1.69249,1.16132,1.33272,2.80936
2011-11-04,1.8203,1.68732,1.16005,1.32981,2.78034
2011-11-07,1.83321,1.69442,1.16179,1.33379,2.81979
2011-11-08,1.85431,1.70593,1.16461,1.34027,2.8847
2011-11-09,1.8175,1.68607,1.15973,1.32904,2.77017
2011-11-10,1.8175,1.68607,1.15973,1.32904,2.77017
2011-11-11,1.8175,1.68607,1.15973,1.32904,2.77017
2011-11-14,1.8175,1.68607,1.15973,1.32904,2.77017
2011-11-15,1.8175,1.68607,1.15973,1.32904,2.77017
2011-11-16,1.8175,1.68607,1.15973,1.32904,2.77017
2011-11-17,1.8175,1.68607,1.15973,1.32904,2.77017
2011-11-18,1.8175,1.68607,1.15973,1.32904,2.77017
2011-11-21,1.8175,1.68607,1.15973,1.32904,2.77017
2011-11-22,1.8175,1.68607,1.15973,1.32904,2.77017
2011-11-23,1.8175,1.68607,1.15973,1.32904,2.77017
2011-11-25,1.8175,1.68607,1.15973,1.32904,2.77017
2011-11-28,1.8175,1.68607,1.15973,1.32904,2.77017
2011-11-29,1.8175,1.68607,1.15973,1.32904,2.77017
2011-11-30,1.8175,1.68607,1.15973,1.32904,2.77017
2011-12-01,1.8175,1.68607,1.15973,1.32904,2.77017
2011-12-02,1.8175,1.68607,1.15973,1.32904,2.77017
2011-12-05,1.8175,1.68607,1.15973,1.32904,2.77017
2011-12-06,1.8175,1.68607,1.15973,1.32904,2.77017
2011-12-07,1.8175,1.68607,1.15973,1.32904,2.77017
2011-12-08,1.8175,1.68607,1.15973,1.32904,2.77017
2011-12-09,1.8175,1.68607,1.15973,1.32904,2.77017
2011-12-12,1.8175,1.68607,1.15973,1.32904,2.77017
2011-12-13,1.8175,1.68607,1.15973,1.32904,2.77017
2011-12-14,1.8175,1.68607,1.15973,1.32904,2.77017
2011-12-15,1.8175,1.68607,1.15973,1.32904,2.77017
2011-12-16,1.8175,1.68607,1.15973,1.32904,2.77017
2011-12-19,1.8175,1.68607,1.15973,1.32904,2.77017
2011-12-20,1.8175,1.68607,1.15973,1.32904,2.77017
2011-12-21,1.8175,1.68607,1.15973,1.32904,2.77017
2011-12-22,1.8175,1.68607,1.15973,1.32904,2.77017
2011-12-23,1.8175,1.68607,1.15973,1.32904,2.77017
2011-12-27,1.8175,1.68607,1.15973,1.32904,2.77017
2011-12-28,1.8175,1.68607,1.15973,1.32904,2.77017
2011-12-29,1.8175,1.68607,1.15973,1.32904,2.77017
2011-12-30,1.8175,1.68607,1.15973,1.32904,2.77017
2012-01-03,1.8175,1.68607,1.15973,1.32904,2.77017
2012-01-04,1.8175,1.68607,1.15973,1.32904,2.77017
2012-01-05,1.8175,1.68607,1.15973,1.32904,2.77017
2012-01-06,1.8175,1.68607,1.15973,1.32904,2.77017
2012-01-09,1.8175,1.68607,1.15973,1.32904,2.77017
2012-01-10,1.8175,1.68607,1.15973,1.32904,2.77017
2012-01-11,1.8175,1.68607,1.15973,1.32904,2.77017
2012-01-12,1.8175,1.68607,1.15973,1.32904,2.77017
2012-01-13,1.8175,1.68607,1.15973,1.32904,2.77017
2012-01-17,1.8175,1.68607,1.15973,1.32904,2.77017
2012-01-18,1.8175,1.68607,1.15973,1.32904,2.77017
2012-01-19,1.8175,1.68607,1.15973,1.32904,2.77017
2012-01-20,1.8175,1.68607,1.15973,1.32904,2.77017
2012-01-23,1.8175,1.68607,1.15973,1.32904,2.77017
2012-01-24,1.8175,1.68607,1.15973,1.32904,2.77017
2012-01-25,1.8175,1.68607,1.15973,1.32904,2.77017
2012-01-26,1.8175,1.68607,1.15973,1.32904,2.77017
2012-01-27,1.8175,1.68607,1.15973,1.32904,2.77017
2012-01-30,1.8175,1.68607,1.15973,1.32904,2.77017
2012-01-31,1.8175,1.68607,1.15973,1.32904,2.77017
2012-02-01,1.8175,1.68607,1.15973,1.32904,2.77017
2012-02-02,1.8175,1.68607,1.15973,1.32904,2.77017
2012-02-03,1.8175,1.68607,1.15973,1.32904,2.77017
2012-02-06,1.8175,1.68607,1.15973,1.32904,2.77017
2012-02-07,1.8175,1.68607,1.15973,1.32904,2.77017
2012-02-08,1.8175,1.68607,1.15973,1.32904,2.77017
2012-02-09,1.8175,1.68607,1.15973,1.32904,2.77017
2012-02-10,1.8175,1.68607,1.15973,1.32904,2.77017
2012-02-13,1.8175,1.68607,1.15973,1.32904,2.77017
2012-02-14,1.8175,1.68607,1.15973,1.32904,2.77017
2012-02-15,1.8175,1.68607,1.15973,1.32904,2.77017
2012-02-16,1.8175,1.68607,1.15973,1.32904,2.77017
2012-02-17,1.8175,1.68607,1.15973,1.32904,2.77017
2012-02-21,1.8175,1.68607,1.15973,1.32904,2.77017
2012-02-22,1.8175,1.68607,1.15973,1.32904,2.77017
2012-02-23,1.8175,1.68607,1.15973,1.32904,2.77017
2012-02-24,1.8175,1.68607,1.15973,1.32904,2.77017
2012-02-27,1.8175,1.68607,1.15973,1.32904,2.77017
2012-02-28,1.8175,1.68607,1.15973,1.32904,2.77017
2012-02-29,1.8175,1.68607,1.15973,1.32904,2.77017
2012-03-01,1.8175,1.68607,1.15973,1.32904,2.77017
2012-03-02,1.8175,1.68607,1.15973,1.32904,2.77017
2012-03-05,1.8175,1.68607,1.15973,1.32904,2.77017
2012-03-06,1.8175,1.68607,1.15973,1.32904,2.77017
2012-03-07,1.82199,1.68855,1.16103,1.33202,2.78387
2012-03-08,1.84162,1.69932,1.16669,1.345,2.84385
2012-03-09,1.84382,1.70052,1.16732,1.34646,2.85065
2012-03-12,1.84382,1.70052,1.16732,1.34646,2.85065
2012-03-13,1.84382,1.70052,1.16732,1.34646,2.85065
2012-03-14,1.84382,1.70052,1.16732,1.34646,2.85065
2012-03-15,1.84382,1.70052,1.16732,1.34646,2.85065
2012-03-16,1.84382,1.70052,1.16732,1.34646,2.85065
2012-03-19,1.84382,1.70052,1.16732,1.34646,2.85065
2012-03-20,1.84382,1.70052,1.16732,1.34646,2.85065
2012-03-21,1.84382,1.70052,1.16732,1.34646,2.85065
2012-03-22,1.84382,1.70052,1.16732,1.34646,2.85065
2012-03-23,1.84382,1.70052,1.16732,1.34646,2.85065
2012-03-26,1.84382,1.70052,1.16732,1.34646,2.85065
2012-03-27,1.84382,1.70052,1.16732,1.34646,2.85065
2012-03-28,1.84382,1.70052,1.16732,1.34646,2.85065
2012-03-29,1.84382,1.70052,1.16732,1.34646,2.85065
2012-03-30,1.84382,1.70052,1.16732,1.34646,2.85065
2012-04-02,1.84382,1.70052,1.16732,1.34646,2.85065
2012-04-03,1.84382,1.70052,1.16732,1.34646,2.85065
2012-04-04,1.84382,1.70052,1.16732,1.34646,2.85065
2012-04-05,1.84382,1.70052,1.16732,1.34646,2.85065
2012-04-09,1.84382,1.70052,1.16732,1.34646,2.85065
2012-04-10,1.84382,1.70052,1.16732,1.34646,2.85065
2012-04-11,1.83572,1.69612,1.1652,1.34158,2.8256
2012-04-12,1.85672,1.70756,1.1707,1.35423,2.89023
2012-04-13,1.82854,1.69238,1.16337,1.33729,2.8025
2012-04-16,1.80809,1.6812,1.15801,1.32496,2.73984
2012-04-17,1.84483,1.70152,1.16771,1.34715,2.85119
2012-04-18,1.84014,1.69898,1.16649,1.34433,2.83667
2012-04-19,1.83259,1.69488,1.16451,1.33978,2.81341
2012-04-20,1.83259,1.69488,1.16451,1.33978,2.81341
2012-04-23,1.83259,1.69488,1.16451,1.33978,2.81341
2012-04-24,1.82519,1.69084,1.16291,1.33609,2.79068
2012-04-25,1.87369,1.71741,1.17346,1.36033,2.93899
2012-04-26,1.88469,1.72328,1.17581,1.36578,2.97348
2012-04-27,1.89164,1.72697,1.17729,1.36922,2.99542
2012-04-30,1.89164,1.72697,1.17729,1.36922,2.99542
2012-05-01,1.89164,1.72697,1.17729,1.36922,2.99542
2012-05-02,1.89164,1.72697,1.17729,1.36922,2.99542
2012-05-03,1.89164,1.72697,1.17729,1.36922,2.99542
2012-05-04,1.89164,1.72697,1.17729,1.36922,2.99542
2012-05-07,1.90392,1.73346,1.17982,1.3751,3.03432
2012-05-08,1.89687,1.72975,1.17837,1.37173,3.01183
2012-05-09,1.87388,1.71763,1.17365,1.36073,2.93883
2012-05-10,1.86077,1.71064,1.17098,1.35455,2.89771
2012-05-11,1.86048,1.71048,1.17092,1.35441,2.89681
2012-05-14,1.84308,1.70113,1.16737,1.34619,2.84264
2012-05-15,1.837,1.69783,1.16612,1.3433,2.82386
2012-05-16,1.82453,1.69104,1.16355,1.33739,2.78554
2012-05-17,1.78598,1.66991,1.15557,1.31904,2.66782
2012-05-18,1.76279,1.65693,1.15069,1.30791,2.59854
2012-05-21,1.81206,1.68488,1.16114,1.33165,2.74382
2012-05-22,1.81004,1.68376,1.16072,1.33069,2.73768
2012-05-23,1.81352,1.68569,1.16144,1.33235,2.7482
2012-05-24,1.80163,1.67913,1.15897,1.32668,2.71218
2012-05-25,1.79931,1.67784,1.15848,1.32557,2.70519
2012-05-29,1.82221,1.69057,1.16327,1.33652,2.77406
2012-05-30,1.80685,1.68214,1.16009,1.32921,2.72728
2012-05-31,1.80363,1.68036,1.15941,1.32767,2.71756
2012-06-01,1.80363,1.68036,1.15941,1.32767,2.71756
2012-06-04,1.81136,1.68464,1.16082,1.33089,2.74085
2012-06-05,1.8188,1.68875,1.16217,1.33398,2.76336
2012-06-06,1.83157,1.69577,1.16448,1.33929,2.80217
2012-06-07,1.83157,1.69577,1.16448,1.33929,2.80217
2012-06-08,1.83157,1.69577,1.16448,1.33929,2.80217
2012-06-11,1.83157,1.69577,1.16448,1.33929,2.80217
2012-06-12,1.83157,1.69577,1.16448,1.33929,2.80217
2012-06-13,1.83157,1.69577,1.16448,1.33929,2.80217
2012-06-14,1.83157,1.69577,1.16448,1.33929,2.80217
2012-06-15,1.83157,1.69577,1.16448,1.33929,2.80217
2012-06-18,1.83157,1.69577,1.16448,1.33929,2.80217
2012-06-19,1.83157,1.69577,1.16448,1.33929,2.80217
2012-06-20,1.83157,1.69577,1.16448,1.33929,2.80217
2012-06-21,1.83157,1.69577,1.16448,1.33929,2.80217
2012-06-22,1.83157,1.69577,1.16448,1.33929,2.80217
2012-06-25,1.83157,1.69577,1.16448,1.33929,2.80217
2012-06-26,1.83157,1.69577,1.16448,1.33929,2.80217
2012-06-27,1.83157,1.69577,1.16448,1.33929,2.80217
2012-06-28,1.83157,1.69577,1.16448,1.33929,2.80217
2012-06-29,1.83157,1.69577,1.16448,1.33929,2.80217
2012-07-02,1.83157,1.69577,1.16448,1.33929,2.80217
2012-07-03,1.83157,1.69577,1.16448,1.33929,2.80217
2012-07-05,1.83157,1.69577,1.16448,1.33929,2.80217
2012-07-06,1.83157,1.69577,1.16448,1.33929,2.80217
2012-07-09,1.83157,1.69577,1.16448,1.33929,2.80217
2012-07-10,1.83157,1.69577,1.16448,1.33929,2.80217
2012-07-11,1.82284,1.69101,1.16276,1.33533,2.77548
2012-07-12,1.80578,1.68165,1.15939,1.32758,2.72351
2012-07-13,1.83326,1.69687,1.16486,1.34011,2.8064
2012-07-16,1.82805,1.69403,1.16383,1.33775,2.79046
2012-07-17,1.8376,1.69925,1.16572,1.34208,2.8196
2012-07-18,1.86247,1.71278,1.17061,1.35335,2.89594
2012-07-19,1.88301,1.72381,1.17461,1.3626,2.9598
2012-07-20,1.88149,1.723,1.17432,1.36192,2.95502
2012-07-23,1.88149,1.723,1.17432,1.36192,2.95502
2012-07-24,1.88149,1.723,1.17432,1.36192,2.95502
2012-07-25,1.88265,1.72362,1.17453,1.36242,2.95868
2012-07-26,1.90764,1.7369,1.17913,1.37308,3.03722
2012-07-27,1.9528,1.76057,1.18736,1.39225,3.18101
2012-07-30,1.95129,1.75979,1.18709,1.39162,3.1761
2012-07-31,1.95069,1.75949,1.18698,1.39136,3.17414
2012-08-01,1.94497,1.75655,1.18596,1.38896,3.15553
2012-08-02,1.93804,1.75299,1.18471,1.38604,3.13306
2012-08-03,1.97477,1.77194,1.19133,1.40153,3.2518
2012-08-06,1.98401,1.77662,1.19297,1.4054,3.28224
2012-08-07,1.98401,1.77662,1.19297,1.4054,3.28224
2012-08-08,1.98401,1.77662,1.19297,1.4054,3.28224
2012-08-09,1.98401,1.77662,1.19297,1.4054,3.28224
2012-08-10,1.98401,1.77662,1.19297,1.4054,3.28224
2012-08-13,1.98401,1.77662,1.19297,1.4054,3.28224
2012-08-14,1.98401,1.77662,1.19297,1.4054,3.28224
2012-08-15,1.98401,1.77662,1.19297,1.4054,3.28224
2012-08-16,1.98401,1.77662,1.19297,1.4054,3.28224
2012-08-17,1.98401,1.77662,1.19297,1.4054,3.28224
2012-08-20,1.98401,1.77662,1.19297,1.4054,3.28224
2012-08-21,1.98401,1.77662,1.19297,1.4054,3.28224
2012-08-22,1.98401,1.77662,1.19297,1.4054,3.28224
2012-08-23,1.98401,1.77662,1.19297,1.4054,3.28224
2012-08-24,1.98401,1.77662,1.19297,1.4054,3.28224
2012-08-27,1.98401,1.77662,1.19297,1.4054,3.28224
2012-08-28,1.98401,1.77662,1.19297,1.4054,3.28224
2012-08-29,1.98401,1.77662,1.19297,1.4054,3.28224
2012-08-30,1.98401,1.77662,1.19297,1.4054,3.28224
2012-08-31,1.98186,1.77554,1.19236,1.40396,3.27511
2012-09-04,1.97982,1.77451,1.19178,1.4026,3.26838
2012-09-05,1.97778,1.77348,1.1912,1.40123,3.26165
2012-09-06,2.02169,1.79568,1.2037,1.43063,3.40647
2012-09-07,2.01878,1.79424,1.20288,1.42868,3.39667
2012-09-10,2.01254,1.79115,1.20113,1.42451,3.37568
2012-09-11,2.01254,1.79115,1.20113,1.42451,3.37568
2012-09-12,2.01254,1.79115,1.20113,1.42451,3.37568
2012-09-13,2.01254,1.79115,1.20113,1.42451,3.37568
2012-09-14,2.01254,1.79115,1.20113,1.42451,3.37568
2012-09-17,2.01254,1.79115,1.20113,1.42451,3.37568
2012-09-18,2.01254,1.79115,1.20113,1.42451,3.37568
2012-09-19,2.01254,1.79115,1.20113,1.42451,3.37568
2012-09-20,2.01254,1.79115,1.20113,1.42451,3.37568
2012-09-21,2.01254,1.79115,1.20113,1.42451,3.37568
2012-09-24,2.01254,1.79115,1.20113,1.42451,3.37568
2012-09-25,1.97817,1.77407,1.19049,1.40018,3.26035
2012-09-26,1.96206,1.76593,1.18547,1.38878,3.20725
2012-09-27,1.9891,1.77971,1.19393,1.40792,3.29565
2012-09-28,1.9727,1.77147,1.18883,1.39631,3.24131
2012-10-01,1.96982,1.77001,1.18794,1.39427,3.23186
2012-10-02,1.97557,1.77293,1.18973,1.39834,3.25074
2012-10-03,1.98823,1.77933,1.19368,1.4073,3.29239
2012-10-04,1.99514,1.78281,1.19583,1.41219,3.31526
2012-10-05,2.0042,1.78735,1.19865,1.41861,3.34539
2012-10-08,2.0042,1.78735,1.19865,1.41861,3.34539
2012-10-09,1.97646,1.77351,1.19134,1.40132,3.25278
2012-10-10,1.96647,1.76845,1.18869,1.39508,3.21989
2012-10-11,1.9603,1.76531,1.18705,1.39122,3.19967
2012-10-12,1.95942,1.76487,1.18681,1.39067,3.1968
2012-10-15,1.97381,1.77221,1.19065,1.39967,3.24378
2012-10-16,2.00173,1.78636,1.19807,1.4171,3.33554
2012-10-17,1.99045,1.78072,1.1951,1.41007,3.29794
2012-10-18,1.99045,1.78072,1.1951,1.41007,3.29794
2012-10-19,1.99045,1.78072,1.1951,1.41007,3.29794
2012-10-22,2.00067,1.78585,1.19743,1.41559,3.3318
2012-10-23,1.98158,1.77631,1.19308,1.40529,3.26822
2012-10-24,1.97461,1.7728,1.19148,1.40152,3.24523
2012-10-25,1.97461,1.7728,1.19148,1.40152,3.24523
2012-10-26,1.98036,1.77571,1.1928,1.40464,3.26415
2012-10-31,1.96824,1.76959,1.19002,1.39808,3.22419
2012-11-01,1.99612,1.78375,1.19645,1.41318,3.31552
2012-11-02,1.97491,1.77313,1.1916,1.40173,3.24506
2012-11-05,1.98794,1.77973,1.19459,1.40878,3.28788
2012-11-06,1.99157,1.78155,1.19543,1.41075,3.29991
2012-11-07,1.96938,1.77041,1.19035,1.39875,3.22635
2012-11-08,1.96938,1.77041,1.19035,1.39875,3.22635
2012-11-09,1.96938,1.77041,1.19035,1.39875,3.22635
2012-11-12,1.96938,1.77041,1.19035,1.39875,3.22635
2012-11-13,1.96938,1.77041,1.19035,1.39875,3.22635
2012-11-14,1.96938,1.77041,1.19035,1.39875,3.22635
2012-11-15,1.96938,1.77041,1.19035,1.39875,3.22635
2012-11-16,1.96938,1.77041,1.19035,1.39875,3.22635
2012-11-19,1.96938,1.77041,1.19035,1.39875,3.22635
2012-11-20,1.96938,1.77041,1.19035,1.39875,3.22635
2012-11-21,1.96938,1.77041,1.19035,1.39875,3.22635
2012-11-23,1.96938,1.77041,1.19035,1.39875,3.22635
2012-11-26,1.96938,1.77041,1.19035,1.39875,3.22635
2012-11-27,1.96938,1.77041,1.19035,1.39875,3.22635
2012-11-28,1.96938,1.77041,1.19035,1.39875,3.22635
2012-11-29,1.96938,1.77041,1.19035,1.39875,3.22635
2012-11-30,1.96938,1.77041,1.19035,1.39875,3.22635
2012-12-03,1.96938,1.77041,1.19035,1.39875,3.22635
2012-12-04,1.96938,1.77041,1.19035,1.39875,3.22635
2012-12-05,1.96938,1.77041,1.19035,1.39875,3.22635
2012-12-06,1.96938,1.77041,1.19035,1.39875,3.22635
2012-12-07,1.96938,1.77041,1.19035,1.39875,3.22635
2012-12-10,1.96938,1.77041,1.19035,1.39875,3.22635
2012-12-11,1.96938,1.77041,1.19035,1.39875,3.22635
2012-12-12,1.96938,1.77041,1.19035,1.39875,3.22635
2012-12-13,1.96938,1.77041,1.19035,1.39875,3.22635
2012-12-14,1.96938,1.77041,1.19035,1.39875,3.22635
2012-12-17,1.96938,1.77041,1.19035,1.39875,3.22635
2012-12-18,1.96938,1.77041,1.19035,1.39875,3.22635
2012-12-19,1.96938,1.77041,1.19035,1.39875,3.22635
2012-12-20,1.96938,1.77041,1.19035,1.39875,3.22635
2012-12-21,1.96938,1.77041,1.19035,1.39875,3.22635
2012-12-24,1.96938,1.77041,1.19035,1.39875,3.22635
2012-12-26,1.96938,1.77041,1.19035,1.39875,3.22635
2012-12-27,1.96938,1.77041,1.19035,1.39875,3.22635
2012-12-28,1.96938,1.77041,1.19035,1.39875,3.22635
2012-12-31,1.96938,1.77041,1.19035,1.39875,3.22635
2013-01-02,1.96938,1.77041,1.19035,1.39875,3.22635
2013-01-03,1.96938,1.77041,1.19035,1.39875,3.22635
2013-01-04,1.96938,1.77041,1.19035,1.39875,3.22635
2013-01-07,1.96938,1.77041,1.19035,1.39875,3.22635
2013-01-08,1.96938,1.77041,1.19035,1.39875,3.22635
2013-01-09,1.96938,1.77041,1.19035,1.39875,3.22635
2013-01-10,1.96938,1.77041,1.19035,1.39875,3.22635
2013-01-11,1.96938,1.77041,1.19035,1.39875,3.22635
2013-01-14,1.96938,1.77041,1.19035,1.39875,3.22635
2013-01-15,1.96938,1.77041,1.19035,1.39875,3.22635
2013-01-16,1.96938,1.77041,1.19035,1.39875,3.22635
2013-01-17,1.96938,1.77041,1.19035,1.39875,3.22635
2013-01-18,1.96938,1.77041,1.19035,1.39875,3.22635
2013-01-22,1.96938,1.77041,1.19035,1.39875,3.22635
2013-01-23,1.96938,1.77041,1.19035,1.39875,3.22635
2013-01-24,1.96938,1.77041,1.19035,1.39875,3.22635
2013-01-25,1.96938,1.77041,1.19035,1.39875,3.22635
2013-01-28,1.96938,1.77041,1.19035,1.39875,3.22635
2013-01-29,1.96938,1.77041,1.19035,1.39875,3.22635
2013-01-30,1.96938,1.77041,1.19035,1.39875,3.22635
2013-01-31,1.96938,1.77041,1.19035,1.39875,3.22635
2013-02-01,1.96938,1.77041,1.19035,1.39875,3.22635
2013-02-04,1.96938,1.77041,1.19035,1.39875,3.22635
2013-02-05,1.96938,1.77041,1.19035,1.39875,3.22635
2013-02-06,1.96938,1.77041,1.19035,1.39875,3.22635
2013-02-07,1.96938,1.77041,1.19035,1.39875,3.22635
2013-02-08,1.96938,1.77041,1.19035,1.39875,3.22635
2013-02-11,1.96938,1.77041,1.19035,1.39875,3.22635
2013-02-12,1.96938,1.77041,1.19035,1.39875,3.22635
2013-02-13,1.96938,1.77041,1.19035,1.39875,3.22635
2013-02-14,1.96938,1.77041,1.19035,1.39875,3.22635
2013-02-15,1.96938,1.77041,1.19035,1.39875,3.22635
2013-02-19,1.96938,1.77041,1.19035,1.39875,3.22635
2013-02-20,1.96938,1.77041,1.19035,1.39875,3.22635
2013-02-21,1.96938,1.77041,1.19035,1.39875,3.22635
2013-02-22,1.97693,1.77424,1.19254,1.40391,3.2511
2013-02-25,1.95249,1.76188,1.18546,1.38723,3.17072
2013-02-26,1.95986,1.76565,1.1876,1.39226,3.19463
2013-02-27,1.97987,1.77587,1.19344,1.40593,3.2599
2013-02-28,1.97918,1.77552,1.19323,1.40545,3.25761
2013-03-01,1.97918,1.77552,1.19323,1.40545,3.25761
2013-03-04,1.97918,1.77552,1.19323,1.40545,3.25761
2013-03-05,1.97918,1.77552,1.19323,1.40545,3.25761
2013-03-06,1.97918,1.77552,1.19323,1.40545,3.25761
2013-03-07,1.97918,1.77552,1.19323,1.40545,3.25761
2013-03-08,1.97918,1.77552,1.19323,1.40545,3.25761
2013-03-11,1.97918,1.77552,1.19323,1.40545,3.25761
2013-03-12,1.97918,1.77552,1.19323,1.40545,3.25761
2013-03-13,1.97918,1.77552,1.19323,1.40545,3.25761
2013-03-14,1.97918,1.77552,1.19323,1.40545,3.25761
2013-03-15,1.97918,1.77552,1.19323,1.40545,3.25761
2013-03-18,1.97918,1.77552,1.19323,1.40545,3.25761
2013-03-19,1.97918,1.77552,1.19323,1.40545,3.25761
2013-03-20,1.97819,1.77502,1.19294,1.40476,3.25436
2013-03-21,1.95574,1.76367,1.18629,1.38909,3.18047
2013-03-22,1.97474,1.77338,1.19195,1.40236,3.24228
2013-03-25,1.96754,1.76974,1.18982,1.39733,3.21864
2013-03-26,1.97819,1.77515,1.19298,1.40477,3.25349
2013-03-27,1.98078,1.77646,1.19375,1.40658,3.26201
2013-03-28,1.97979,1.77596,1.19346,1.40589,3.25875
2013-04-01,1.97979,1.77596,1.19346,1.40589,3.25875
2013-04-02,1.97979,1.77596,1.19346,1.40589,3.25875
2013-04-03,1.97979,1.77596,1.19346,1.40589,3.25875
2013-04-04,1.97979,1.77596,1.19346,1.40589,3.25875
2013-04-05,1.97979,1.77596,1.19346,1.40589,3.25875
2013-04-08,1.98842,1.78032,1.19584,1.4115,3.28715
2013-04-09,1.99267,1.78246,1.19701,1.41427,3.30121
2013-04-10,1.99267,1.78246,1.19701,1.41427,3.30121
2013-04-11,1.99267,1.78246,1.19701,1.41427,3.30121
2013-04-12,1.99267,1.78246,1.19701,1.41427,3.30121
2013-04-15,1.99267,1.78246,1.19701,1.41427,3.30121
2013-04-16,2.0067,1.7895,1.20065,1.42286,3.34768
2013-04-17,1.96741,1.76992,1.19051,1.39883,3.21659
2013-04-18,1.94026,1.75612,1.18342,1.38217,3.12781
2013-04-19,1.96683,1.76981,1.19041,1.3985,3.21349
2013-04-22,1.98705,1.78009,1.19569,1.41091,3.27957
2013-04-23,1.99732,1.78526,1.19836,1.4172,3.31345
2013-04-24,1.99732,1.78526,1.19836,1.4172,3.31345
2013-04-25,1.99732,1.78526,1.19836,1.4172,3.31345
2013-04-26,1.99732,1.78526,1.19836,1.4172,3.31345
2013-04-29,1.99732,1.78526,1.19836,1.4172,3.31345
2013-04-30,1.99732,1.78526,1.19836,1.4172,3.31345
2013-05-01,1.99732,1.78526,1.19836,1.4172,3.31345
2013-05-02,1.99732,1.78526,1.19836,1.4172,3.31345
2013-05-03,1.99732,1.78526,1.19836,1.4172,3.31345
2013-05-06,1.99732,1.78526,1.19836,1.4172,3.31345
2013-05-07,1.99732,1.78526,1.19836,1.4172,3.31345
2013-05-08,1.99732,1.78526,1.19836,1.4172,3.31345
2013-05-09,1.99732,1.78526,1.19836,1.4172,3.31345
2013-05-10,1.99732,1.78526,1.19836,1.4172,3.31345
2013-05-13,1.99732,1.78526,1.19836,1.4172,3.31345
2013-05-14,1.99732,1.78526,1.19836,1.4172,3.31345
2013-05-15,1.99732,1.78526,1.19836,1.4172,3.31345
2013-05-16,1.99732,1.78526,1.19836,1.4172,3.31345
2013-05-17,1.99732,1.78526,1.19836,1.4172,3.31345
2013-05-20,1.99732,1.78526,1.19836,1.4172,3.31345
2013-05-21,1.99732,1.78526,1.19836,1.4172,3.31345
2013-05-22,1.99732,1.78526,1.19836,1.4172,3.31345
2013-05-23,1.99732,1.78526,1.19836,1.4172,3.31345
2013-05-24,2.00863,1.79093,1.20158,1.42482,3.351
2013-05-28,2.03115,1.80213,1.20797,1.43998,3.42611
2013-05-29,2.03115,1.80213,1.20797,1.43998,3.42611
2013-05-30,2.03115,1.80213,1.20797,1.43998,3.42611
2013-05-31,2.03115,1.80213,1.20797,1.43998,3.42611
2013-06-03,2.03115,1.80213,1.20797,1.43998,3.42611
2013-06-04,2.03115,1.80213,1.20797,1.43998,3.42611
2013-06-05,2.03115,1.80213,1.20797,1.43998,3.42611
2013-06-06,2.03717,1.8051,1.20949,1.44359,3.44642
2013-06-07,2.06502,1.81877,1.21649,1.46031,3.54068
2013-06-10,2.06793,1.82018,1.21722,1.46205,3.55064
2013-06-11,2.06793,1.82018,1.21722,1.46205,3.55064
2013-06-12,2.06793,1.82018,1.21722,1.46205,3.55064
2013-06-13,2.09599,1.83375,1.22384,1.47796,3.647
2013-06-14,2.08217,1.82715,1.2206,1.47014,3.59889
2013-06-17,2.10233,1.83684,1.22534,1.48156,3.66859
2013-06-18,2.11961,1.84506,1.22938,1.49133,3.72891
2013-06-19,2.11913,1.84483,1.22927,1.49105,3.72722
2013-06-20,2.11913,1.84483,1.22927,1.49105,3.72722
2013-06-21,2.1076,1.83939,1.22688,1.48525,3.68665
2013-06-24,2.08665,1.82945,1.22252,1.4747,3.61336
2013-06-25,2.10191,1.83676,1.22571,1.48241,3.66622
2013-06-26,2.12076,1.84573,1.22964,1.49191,3.73199
2013-06-27,2.12974,1.84997,1.2315,1.49643,3.76359
2013-06-28,2.13274,1.85137,1.23212,1.49793,3.77416
2013-07-01,2.1459,1.85754,1.23484,1.50454,3.82076
2013-07-02,2.1468,1.85796,1.23502,1.50499,3.82396
2013-07-03,2.15548,1.86201,1.23681,1.50934,3.85488
2013-07-05,2.16666,1.86719,1.2391,1.51494,3.89488
2013-07-08,2.16666,1.86719,1.2391,1.51494,3.89488
2013-07-09,2.16666,1.86719,1.2391,1.51494,3.89488
2013-07-10,2.16666,1.86719,1.2391,1.51494,3.89488
2013-07-11,2.16666,1.86719,1.2391,1.51494,3.89488
2013-07-12,2.16666,1.86719,1.2391,1.51494,3.89488
2013-07-15,2.16666,1.86719,1.2391,1.51494,3.89488
2013-07-16,2.16666,1.86719,1.2391,1.51494,3.89488
2013-07-17,2.16666,1.86719,1.2391,1.51494,3.89488
2013-07-18,2.16666,1.86719,1.2391,1.51494,3.89488
2013-07-19,2.16666,1.86719,1.2391,1.51494,3.89488
2013-07-22,2.16384,1.86589,1.23834,1.51306,3.88474
2013-07-23,2.14794,1.85854,1.23402,1.50251,3.82763
2013-07-24,2.15488,1.86177,1.23591,1.50712,3.85237
2013-07-25,2.16847,1.86808,1.23961,1.51614,3.90097
2013-07-26,2.18004,1.87342,1.24275,1.52382,3.9426
2013-07-29,2.17461,1.87093,1.24128,1.52022,3.92297
2013-07-30,2.17461,1.87093,1.24128,1.52022,3.92297
2013-07-31,2.17461,1.87093,1.24128,1.52022,3.92297
2013-08-01,2.17461,1.87093,1.24128,1.52022,3.92297
2013-08-02,2.17461,1.87093,1.24128,1.52022,3.92297
2013-08-05,2.17461,1.87093,1.24128,1.52022,3.92297
2013-08-06,2.17461,1.87093,1.24128,1.52022,3.92297
2013-08-07,2.17461,1.87093,1.24128,1.52022,3.92297
2013-08-08,2.17461,1.87093,1.24128,1.52022,3.92297
2013-08-09,2.17461,1.87093,1.24128,1.52022,3.92297
2013-08-12,2.17461,1.87093,1.24128,1.52022,3.92297
2013-08-13,2.17461,1.87093,1.24128,1.52022,3.92297
2013-08-14,2.17461,1.87093,1.24128,1.52022,3.92297
2013-08-15,2.17461,1.87093,1.24128,1.52022,3.92297
2013-08-16,2.17238,1.8699,1.24064,1.51866,3.91489
2013-08-19,2.16863,1.86818,1.23958,1.51606,3.90141
2013-08-20,2.17813,1.87256,1.24228,1.52267,3.93559
2013-08-21,2.17065,1.86912,1.24016,1.51746,3.90855
2013-08-22,2.19195,1.87893,1.24621,1.53227,3.98525
2013-08-23,2.20662,1.88563,1.25036,1.54247,4.03861
2013-08-26,2.20778,1.88615,1.25068,1.54327,4.04283
2013-08-27,2.16259,1.86568,1.23796,1.51186,3.87734
2013-08-28,2.17094,1.86954,1.24033,1.51767,3.90728
2013-08-29,2.18619,1.87657,1.24466,1.52827,3.96219
2013-08-30,2.1874,1.87712,1.24501,1.52911,3.96656
2013-09-03,2.1874,1.87712,1.24501,1.52911,3.96656
2013-09-04,2.1874,1.87712,1.24501,1.52911,3.96656
2013-09-05,2.1874,1.87712,1.24501,1.52911,3.96656
2013-09-06,2.1874,1.87712,1.24501,1.52911,3.96656
2013-09-09,2.1874,1.87712,1.24501,1.52911,3.96656
2013-09-10,2.1874,1.87712,1.24501,1.52911,3.96656
2013-09-11,2.1874,1.87712,1.24501,1.52911,3.96656
2013-09-12,2.1874,1.87712,1.24501,1.52911,3.96656
2013-09-13,2.1874,1.87712,1.24501,1.52911,3.96656
2013-09-16,2.1874,1.87712,1.24501,1.52911,3.96656
2013-09-17,2.1874,1.87712,1.24501,1.52911,3.96656
2013-09-18,2.1874,1.87712,1.24501,1.52911,3.96656
2013-09-19,2.1874,1.87712,1.24501,1.52911,3.96656
2013-09-20,2.1874,1.87712,1.24501,1.52911,3.96656
2013-09-23,2.1874,1.87712,1.24501,1.52911,3.96656
2013-09-24,2.1874,1.87712,1.24501,1.52911,3.96656
2013-09-25,2.1874,1.87712,1.24501,1.52911,3.96656
2013-09-26,2.19434,1.8803,1.24708,1.53396,3.99175
2013-09-27,2.19157,1.87903,1.24625,1.53203,3.98166
2013-09-30,2.16776,1.86817,1.23915,1.51538,3.89514
2013-10-01,2.16776,1.86817,1.23915,1.51538,3.89514
2013-10-02,2.16776,1.86817,1.23915,1.51538,3.89514
2013-10-03,2.16776,1.86817,1.23915,1.51538,3.89514
2013-10-04,2.16776,1.86817,1.23915,1.51538,3.89514
2013-10-07,2.16776,1.86817,1.23915,1.51538,3.89514
2013-10-08,2.16776,1.86817,1.23915,1.51538,3.89514
2013-10-09,2.15492,1.86224,1.23589,1.50741,3.84899
2013-10-10,2.20055,1.88342,1.2475,1.53575,4.012
2013-10-11,2.2179,1.89131,1.25187,1.5465,4.07528
2013-10-14,2.20309,1.88462,1.24816,1.53733,4.02082
2013-10-15,2.20309,1.88462,1.24816,1.53733,4.02082
2013-10-16,2.20309,1.88462,1.24816,1.53733,4.02082
2013-10-17,2.20309,1.88462,1.24816,1.53733,4.02082
2013-10-18,2.20309,1.88462,1.24816,1.53733,4.02082
2013-10-21,2.20309,1.88462,1.24816,1.53733,4.02082
2013-10-22,2.20309,1.88462,1.24816,1.53733,4.02082
2013-10-23,2.20309,1.88462,1.24816,1.53733,4.02082
2013-10-24,2.20309,1.88462,1.24816,1.53733,4.02082
2013-10-25,2.20309,1.88462,1.24816,1.53733,4.02082
2013-10-28,2.20309,1.88462,1.24816,1.53733,4.02082
2013-10-29,2.20309,1.88462,1.24816,1.53733,4.02082
2013-10-30,2.20309,1.88462,1.24816,1.53733,4.02082
2013-10-31,2.20309,1.88462,1.24816,1.53733,4.02082
2013-11-01,2.20309,1.88462,1.24816,1.53733,4.02082
2013-11-04,2.20309,1.88462,1.24816,1.53733,4.02082
2013-11-05,2.20309,1.88462,1.24816,1.53733,4.02082
2013-11-06,2.20309,1.88462,1.24816,1.53733,4.02082
2013-11-07,2.20309,1.88462,1.24816,1.53733,4.02082
2013-11-08,2.22354,1.89391,1.25352,1.55053,4.09547
2013-11-11,2.22003,1.89233,1.25261,1.54827,4.08256
2013-11-12,2.22354,1.89391,1.25352,1.55054,4.09545
2013-11-13,2.25047,1.90602,1.26055,1.56792,4.19467
2013-11-14,2.24342,1.90289,1.25872,1.56337,4.1684
2013-11-15,2.24342,1.90289,1.25872,1.56337,4.1684
2013-11-18,2.24342,1.90289,1.25872,1.56337,4.1684
2013-11-19,2.24342,1.90289,1.25872,1.56337,4.1684
2013-11-20,2.24342,1.90289,1.25872,1.56337,4.1684
2013-11-21,2.25553,1.90829,1.26198,1.57147,4.21339
2013-11-22,2.26768,1.91368,1.26524,1.5796,4.25879
2013-11-25,2.27464,1.91675,1.26711,1.58425,4.28493
2013-11-26,2.27464,1.91675,1.26711,1.58425,4.28493
2013-11-27,2.27464,1.91675,1.26711,1.58425,4.28493
2013-11-29,2.27464,1.91675,1.26711,1.58425,4.28493
2013-12-02,2.27464,1.91675,1.26711,1.58425,4.28493
2013-12-03,2.27464,1.91675,1.26711,1.58425,4.28493
2013-12-04,2.27464,1.91675,1.26711,1.58425,4.28493
2013-12-05,2.27464,1.91675,1.26711,1.58425,4.28493
2013-12-06,2.27464,1.91675,1.26711,1.58425,4.28493
2013-12-09,2.27464,1.91675,1.26711,1.58425,4.28493
2013-12-10,2.27464,1.91675,1.26711,1.58425,4.28493
2013-12-11,2.27464,1.91675,1.26711,1.58425,4.28493
2013-12-12,2.26684,1.91331,1.26465,1.57881,4.25552
2013-12-13,2.2639,1.91202,1.26373,1.57677,4.2445
2013-12-16,2.27644,1.91756,1.26768,1.5855,4.29152
2013-12-17,2.27191,1.91557,1.26625,1.58234,4.27442
2013-12-18,2.29832,1.92719,1.27456,1.60074,4.37381
2013-12-19,2.29192,1.92441,1.27256,1.59628,4.34944
2013-12-20,2.31526,1.93459,1.27987,1.61253,4.43803
2013-12-23,2.33961,1.94511,1.28747,1.6295,4.5314
2013-12-24,2.33898,1.94484,1.28727,1.62906,4.52894
2013-12-26,2.33898,1.94484,1.28727,1.62906,4.52894
2013-12-27,2.33898,1.94484,1.28727,1.62906,4.52894
2013-12-30,2.33898,1.94484,1.28727,1.62906,4.52894
2013-12-31,2.33898,1.94484,1.28727,1.62906,4.52894
2014-01-02,2.33898,1.94484,1.28727,1.62906,4.52894
2014-01-03,2.33898,1.94484,1.28727,1.62906,4.52894
2014-01-06,2.32864,1.94042,1.28388,1.62185,4.4889
2014-01-07,2.35022,1.94968,1.29096,1.63688,4.5721
2014-01-08,2.35534,1.95187,1.29264,1.64045,4.59205
2014-01-09,2.36279,1.95503,1.29508,1.64564,4.6211
2014-01-10,2.36279,1.95503,1.29508,1.64564,4.6211
2014-01-13,2.36279,1.95503,1.29508,1.64564,4.6211
2014-01-14,2.39856,1.97016,1.3053,1.67055,4.76098
2014-01-15,2.41826,1.97838,1.31089,1.68427,4.8392
2014-01-16,2.41514,1.97709,1.31001,1.6821,4.8267
2014-01-17,2.41514,1.97709,1.31001,1.6821,4.8267
2014-01-21,2.41514,1.97709,1.31001,1.6821,4.8267
2014-01-22,2.41514,1.97709,1.31001,1.6821,4.8267
2014-01-23,2.41514,1.97709,1.31001,1.6821,4.8267
2014-01-24,2.41514,1.97709,1.31001,1.6821,4.8267
2014-01-27,2.39055,1.96691,1.30349,1.66536,4.72844
2014-01-28,2.38916,1.96633,1.30312,1.66441,4.72294
2014-01-29,2.36356,1.95561,1.29629,1.64698,4.62171
2014-01-30,2.40725,1.97409,1.30801,1.67674,4.79257
2014-01-31,2.40085,1.97144,1.30631,1.67238,4.76708
2014-02-03,2.3952,1.96908,1.3048,1.66853,4.74464
2014-02-04,2.39937,1.97082,1.30567,1.67074,4.76117
2014-02-05,2.39315,1.96823,1.30438,1.66745,4.73649
2014-02-06,2.39901,1.97068,1.3056,1.67055,4.7597
2014-02-07,2.39901,1.97068,1.3056,1.67055,4.7597
2014-02-10,2.39901,1.97068,1.3056,1.67055,4.7597
2014-02-11,2.39901,1.97068,1.3056,1.67055,4.7597
2014-02-12,2.39901,1.97068,1.3056,1.67055,4.7597
2014-02-13,2.39901,1.97068,1.3056,1.67055,4.7597
2014-02-14,2.39901,1.97068,1.3056,1.67055,4.7597
2014-02-18,2.39901,1.97068,1.3056,1.67055,4.7597
2014-02-19,2.39901,1.97068,1.3056,1.67055,4.7597
2014-02-20,2.39901,1.97068,1.3056,1.67055,4.7597
2014-02-21,2.39901,1.97068,1.3056,1.67055,4.7597
2014-02-24,2.39901,1.97068,1.3056,1.67055,4.7597
2014-02-25,2.39901,1.97068,1.3056,1.67055,4.7597
2014-02-26,2.39901,1.97068,1.3056,1.67055,4.7597
2014-02-27,2.39901,1.97068,1.3056,1.67055,4.7597
2014-02-28,2.39901,1.97068,1.3056,1.67055,4.7597
2014-03-03,2.39901,1.97068,1.3056,1.67055,4.7597
2014-03-04,2.39901,1.97068,1.3056,1.67055,4.7597
2014-03-05,2.39901,1.97068,1.3056,1.67055,4.7597
2014-03-06,2.39901,1.97068,1.3056,1.67055,4.7597
2014-03-07,2.39901,1.97068,1.3056,1.67055,4.7597
2014-03-10,2.39901,1.97068,1.3056,1.67055,4.7597
2014-03-11,2.39901,1.97068,1.3056,1.67055,4.7597
2014-03-12,2.39901,1.97068,1.3056,1.67055,4.7597
2014-03-13,2.39901,1.97068,1.3056,1.67055,4.7597
2014-03-14,2.38919,1.96659,1.30337,1.66485,4.72073
2014-03-17,2.41021,1.97538,1.30815,1.67706,4.80378
2014-03-18,2.43931,1.98746,1.31473,1.69394,4.91979
2014-03-19,2.4389,1.98729,1.31464,1.6937,4.91813
2014-03-20,2.4389,1.98729,1.31464,1.6937,4.91813
2014-03-21,2.4389,1.98729,1.31464,1.6937,4.91813
2014-03-24,2.4389,1.98729,1.31464,1.6937,4.91813
2014-03-25,2.43301,1.98487,1.31345,1.69064,4.89437
2014-03-26,2.40167,1.972,1.30711,1.67432,4.7683
2014-03-27,2.3882,1.96639,1.30437,1.66729,4.71481
2014-03-28,2.39288,1.96834,1.30532,1.66973,4.73326
2014-03-31,2.40992,1.97547,1.3088,1.67864,4.80068
2014-04-01,2.45225,1.99303,1.31742,1.70073,4.96934
2014-04-02,2.45857,1.99561,1.31869,1.70402,4.99497
2014-04-03,2.43906,1.98767,1.31477,1.69388,4.91567
2014-04-04,2.37418,1.96107,1.30167,1.66013,4.65417
2014-04-07,2.35164,1.95158,1.29704,1.64832,4.5658
2014-04-08,2.37336,1.96081,1.30152,1.65973,4.65013
2014-04-09,2.41404,1.97796,1.30988,1.68104,4.80955
2014-04-10,2.41448,1.97814,1.30997,1.68127,4.81131
2014-04-11,2.41448,1.97814,1.30997,1.68127,4.81131
2014-04-14,2.41448,1.97814,1.30997,1.68127,4.81131
2014-04-15,2.41448,1.97814,1.30997,1.68127,4.81131
2014-04-16,2.41448,1.97814,1.30997,1.68127,4.81131
2014-04-17,2.41448,1.97814,1.30997,1.68127,4.81131
2014-04-21,2.41448,1.97814,1.30997,1.68127,4.81131
2014-04-22,2.41448,1.97814,1.30997,1.68127,4.81131
2014-04-23,2.41448,1.97814,1.30997,1.68127,4.81131
2014-04-24,2.41448,1.97814,1.30997,1.68127,4.81131
2014-04-25,2.41448,1.97814,1.30997,1.68127,4.81131
2014-04-28,2.41448,1.97814,1.30997,1.68127,4.81131
2014-04-29,2.41448,1.97814,1.30997,1.68127,4.81131
2014-04-30,2.41448,1.97814,1.30997,1.68127,4.81131
2014-05-01,2.41448,1.97814,1.30997,1.68127,4.81131
2014-05-02,2.41448,1.97814,1.30997,1.68127,4.81131
2014-05-05,2.41448,1.97814,1.30997,1.68127,4.81131
2014-05-06,2.41448,1.97814,1.30997,1.68127,4.81131
2014-05-07,2.41448,1.97814,1.30997,1.68127,4.81131
2014-05-08,2.41448,1.97814,1.30997,1.68127,4.81131
2014-05-09,2.42361,1.98192,1.3116,1.68545,4.84767
2014-05-12,2.43691,1.98741,1.31397,1.69154,4.90089
2014-05-13,2.43691,1.98741,1.31397,1.69154,4.90089
2014-05-14,2.43691,1.98741,1.31397,1.69154,4.90089
2014-05-15,2.43691,1.98741,1.31397,1.69154,4.90089
2014-05-16,2.43691,1.98741,1.31397,1.69154,4.90089
2014-05-19,2.43691,1.98741,1.31397,1.69154,4.90089
2014-05-20,2.43691,1.98741,1.31397,1.69154,4.90089
2014-05-21,2.43691,1.98741,1.31397,1.69154,4.90089
2014-05-22,2.43691,1.98741,1.31397,1.69154,4.90089
2014-05-23,2.43691,1.98741,1.31397,1.69154,4.90089
2014-05-27,2.43691,1.98741,1.31397,1.69154,4.90089
2014-05-28,2.43691,1.98741,1.31397,1.69154,4.90089
2014-05-29,2.43691,1.98741,1.31397,1.69154,4.90089
2014-05-30,2.43691,1.98741,1.31397,1.69154,4.90089
2014-06-02,2.43691,1.98741,1.31397,1.69154,4.90089
2014-06-03,2.43691,1.98741,1.31397,1.69154,4.90089
2014-06-04,2.43691,1.98741,1.31397,1.69154,4.90089
2014-06-05,2.43691,1.98741,1.31397,1.69154,4.90089
2014-06-06,2.43691,1.98741,1.31397,1.69154,4.90089
2014-06-09,2.43691,1.98741,1.31397,1.69154,4.90089
2014-06-10,2.43691,1.98741,1.31397,1.69154,4.90089
2014-06-11,2.43691,1.98741,1.31397,1.69154,4.90089
2014-06-12,2.43691,1.98741,1.31397,1.69154,4.90089
2014-06-13,2.43227,1.9855,1.31263,1.68831,4.88221
2014-06-16,2.43438,1.98637,1.31324,1.68978,4.89068
2014-06-17,2.43569,1.98691,1.31362,1.69069,4.89597
2014-06-18,2.43685,1.98738,1.31395,1.69149,4.9006
2014-06-19,2.43685,1.98738,1.31395,1.69149,4.9006
2014-06-20,2.43685,1.98738,1.31395,1.69149,4.9006
2014-06-23,2.43685,1.98738,1.31395,1.69149,4.9006
2014-06-24,2.43685,1.98738,1.31395,1.69149,4.9006
2014-06-25,2.43685,1.98738,1.31395,1.69149,4.9006
2014-06-26,2.43685,1.98738,1.31395,1.69149,4.9006
2014-06-27,2.43685,1.98738,1.31395,1.69149,4.9006
2014-06-30,2.43685,1.98738,1.31395,1.69149,4.9006
2014-07-01,2.43685,1.98738,1.31395,1.69149,4.9006
2014-07-02,2.43685,1.98738,1.31395,1.69149,4.9006
2014-07-03,2.43685,1.98738,1.31395,1.69149,4.9006
2014-07-07,2.43685,1.98738,1.31395,1.69149,4.9006
2014-07-08,2.43685,1.98738,1.31395,1.69149,4.9006
2014-07-09,2.43685,1.98738,1.31395,1.69149,4.9006
2014-07-10,2.43685,1.98738,1.31395,1.69149,4.9006
2014-07-11,2.43685,1.98738,1.31395,1.69149,4.9006
2014-07-14,2.43685,1.98738,1.31395,1.69149,4.9006
2014-07-15,2.43685,1.98738,1.31395,1.69149,4.9006
2014-07-16,2.43685,1.98738,1.31395,1.69149,4.9006
2014-07-17,2.43685,1.98738,1.31395,1.69149,4.9006
2014-07-18,2.43685,1.98738,1.31395,1.69149,4.9006
2014-07-21,2.43685,1.98738,1.31395,1.69149,4.9006
2014-07-22,2.43685,1.98738,1.31395,1.69149,4.9006
2014-07-23,2.43685,1.98738,1.31395,1.69149,4.9006
2014-07-24,2.43685,1.98738,1.31395,1.69149,4.9006
2014-07-25,2.43685,1.98738,1.31395,1.69149,4.9006
2014-07-28,2.43685,1.98738,1.31395,1.69149,4.9006
2014-07-29,2.43685,1.98738,1.31395,1.69149,4.9006
2014-07-30,2.43685,1.98738,1.31395,1.69149,4.9006
2014-07-31,2.43685,1.98738,1.31395,1.69149,4.9006
2014-08-01,2.43177,1.9853,1.31258,1.68798,4.8802
2014-08-04,2.44847,1.99217,1.31709,1.69956,4.94722
2014-08-05,2.42972,1.98451,1.31205,1.68655,4.87145
2014-08-06,2.42792,1.98377,1.31156,1.6853,4.86423
2014-08-07,2.42022,1.9806,1.30948,1.67996,4.83336
2014-08-08,2.43768,1.98781,1.3142,1.69207,4.90312
2014-08-11,2.45207,1.99371,1.31808,1.70205,4.96099
2014-08-12,2.44827,1.99217,1.31706,1.69942,4.94564
2014-08-13,2.44827,1.99217,1.31706,1.69942,4.94564
2014-08-14,2.44827,1.99217,1.31706,1.69942,4.94564
2014-08-15,2.44827,1.99217,1.31706,1.69942,4.94564
2014-08-18,2.44827,1.99217,1.31706,1.69942,4.94564
2014-08-19,2.44827,1.99217,1.31706,1.69942,4.94564
2014-08-20,2.44827,1.99217,1.31706,1.69942,4.94564
2014-08-21,2.44827,1.99217,1.31706,1.69942,4.94564
2014-08-22,2.44827,1.99217,1.31706,1.69942,4.94564
2014-08-25,2.44827,1.99217,1.31706,1.69942,4.94564
2014-08-26,2.44827,1.99217,1.31706,1.69942,4.94564
2014-08-27,2.44827,1.99217,1.31706,1.69942,4.94564
2014-08-28,2.44827,1.99217,1.31706,1.69942,4.94564
2014-08-29,2.44827,1.99217,1.31706,1.69942,4.94564
2014-09-02,2.44827,1.99217,1.31706,1.69942,4.94564
2014-09-03,2.44827,1.99217,1.31706,1.69942,4.94564
2014-09-04,2.44827,1.99217,1.31706,1.69942,4.94564
2014-09-05,2.44827,1.99217,1.31706,1.69942,4.94564
2014-09-08,2.44827,1.99217,1.31706,1.69942,4.94564
2014-09-09,2.44827,1.99217,1.31706,1.69942,4.94564
2014-09-10,2.44827,1.99217,1.31706,1.69942,4.94564
2014-09-11,2.44827,1.99217,1.31706,1.69942,4.94564
2014-09-12,2.44827,1.99217,1.31706,1.69942,4.94564
2014-09-15,2.44827,1.99217,1.31706,1.69942,4.94564
2014-09-16,2.47772,2.00419,1.32606,1.71986,5.06459
2014-09-17,2.48146,2.0057,1.32719,1.72245,5.07988
2014-09-18,2.48794,2.00832,1.32916,1.72695,5.10643
2014-09-19,2.48794,2.00832,1.32916,1.72695,5.10643
2014-09-22,2.48794,2.00832,1.32916,1.72695,5.10643
2014-09-23,2.48794,2.00832,1.32916,1.72695,5.10643
2014-09-24,2.51084,2.01752,1.33571,1.74285,5.20043
2014-09-25,2.50154,2.01382,1.33306,1.73639,5.1619
2014-09-26,2.50154,2.01382,1.33306,1.73639,5.1619
2014-09-29,2.50154,2.01382,1.33306,1.73639,5.1619
2014-09-30,2.50154,2.01382,1.33306,1.73639,5.1619
2014-10-01,2.50154,2.01382,1.33306,1.73639,5.1619
2014-10-02,2.50132,2.01373,1.33301,1.73626,5.16099
2014-10-03,2.52602,2.0236,1.33875,1.75121,5.26293
2014-10-06,2.53273,2.02626,1.3403,1.75527,5.2909
2014-10-07,2.53273,2.02626,1.3403,1.75527,5.2909
2014-10-08,2.57941,2.04469,1.3505,1.78198,5.48593
2014-10-09,2.53775,2.02854,1.3415,1.75822,5.30873
2014-10-10,2.47435,2.00356,1.32766,1.72196,5.04346
2014-10-13,2.43558,1.98788,1.31907,1.69968,4.88539
2014-10-14,2.43584,1.98799,1.31913,1.69983,4.88643
2014-10-15,2.42012,1.98154,1.31562,1.69078,4.82336
2014-10-16,2.40492,1.97526,1.31221,1.68201,4.76279
2014-10-17,2.4354,1.98794,1.31908,1.69961,4.88353
2014-10-20,2.4354,1.98794,1.31908,1.69961,4.88353
2014-10-21,2.4354,1.98794,1.31908,1.69961,4.88353
2014-10-22,2.4354,1.98794,1.31908,1.69961,4.88353
2014-10-23,2.4354,1.98794,1.31908,1.69961,4.88353
2014-10-24,2.4354,1.98794,1.31908,1.69961,4.88353
2014-10-27,2.4354,1.98794,1.31908,1.69961,4.88353
2014-10-28,2.4354,1.98794,1.31908,1.69961,4.88353
2014-10-29,2.4354,1.98794,1.31908,1.69961,4.88353
2014-10-30,2.4354,1.98794,1.31908,1.69961,4.88353
2014-10-31,2.4354,1.98794,1.31908,1.69961,4.88353
2014-11-03,2.4354,1.98794,1.31908,1.69961,4.88353
2014-11-04,2.4354,1.98794,1.31908,1.69961,4.88353
2014-11-05,2.4354,1.98794,1.31908,1.69961,4.88353
2014-11-06,2.4354,1.98794,1.31908,1.69961,4.88353
2014-11-07,2.4354,1.98794,1.31908,1.69961,4.88353
2014-11-10,2.4354,1.98794,1.31908,1.69961,4.88353
2014-11-11,2.4354,1.98794,1.31908,1.69961,4.88353
2014-11-12,2.4354,1.98794,1.31908,1.69961,4.88353
2014-11-13,2.4354,1.98794,1.31908,1.69961,4.88353
2014-11-14,2.4354,1.98794,1.31908,1.69961,4.88353
2014-11-17,2.4354,1.98794,1.31908,1.69961,4.88353
2014-11-18,2.4354,1.98794,1.31908,1.69961,4.88353
2014-11-19,2.4354,1.98794,1.31908,1.69961,4.88353
2014-11-20,2.4354,1.98794,1.31908,1.69961,4.88353
2014-11-21,2.4354,1.98794,1.31908,1.69961,4.88353
2014-11-24,2.4354,1.98794,1.31908,1.69961,4.88353
2014-11-25,2.4354,1.98794,1.31908,1.69961,4.88353
2014-11-26,2.4354,1.98794,1.31908,1.69961,4.88353
2014-11-28,2.4354,1.98794,1.31908,1.69961,4.88353
2014-12-01,2.4354,1.98794,1.31908,1.69961,4.88353
2014-12-02,2.4354,1.98794,1.31908,1.69961,4.88353
2014-12-03,2.4354,1.98794,1.31908,1.69961,4.88353
2014-12-04,2.4354,1.98794,1.31908,1.69961,4.88353
2014-12-05,2.4354,1.98794,1.31908,1.69961,4.88353
2014-12-08,2.4354,1.98794,1.31908,1.69961,4.88353
2014-12-09,2.47067,2.00242,1.32901,1.72423,5.02497
2014-12-10,2.43183,1.9867,1.31814,1.69712,4.86698
2014-12-11,2.44337,1.99144,1.3214,1.70517,4.91316
2014-12-12,2.41677,1.98055,1.31391,1.68661,4.80618
2014-12-15,2.39182,1.97023,1.30686,1.66919,4.70694
2014-12-16,2.35345,1.95419,1.29595,1.64242,4.55592
2014-12-17,2.39629,1.97239,1.30822,1.67232,4.72179
2014-12-18,2.45396,1.99646,1.3246,1.71256,4.94907
2014-12-19,2.45526,1.99699,1.32497,1.71347,4.95431
2014-12-22,2.45526,1.99699,1.32497,1.71347,4.95431
2014-12-23,2.45526,1.99699,1.32497,1.71347,4.95431
2014-12-24,2.45526,1.99699,1.32497,1.71347,4.95431
2014-12-26,2.45526,1.99699,1.32497,1.71347,4.95431
2014-12-29,2.45526,1.99699,1.32497,1.71347,4.95431
2014-12-30,2.45526,1.99699,1.32497,1.71347,4.95431
2014-12-31,2.45526,1.99699,1.32497,1.71347,4.95431
2015-01-02,2.43464,1.98859,1.32021,1.70118,4.87109
2015-01-05,2.39892,1.97392,1.31194,1.67987,4.72818
2015-01-06,2.36676,1.96051,1.30443,1.66064,4.6014
2015-01-07,2.39727,1.9734,1.31161,1.67892,4.72003
2015-01-08,2.44315,1.99254,1.32233,1.70636,4.90071
2015-01-09,2.4495,1.99514,1.3238,1.71014,4.92615
2015-01-12,2.4495,1.99514,1.3238,1.71014,4.92615
2015-01-13,2.4495,1.99514,1.3238,1.71014,4.92615
2015-01-14,2.4495,1.99514,1.3238,1.71014,4.92615
2015-01-15,2.4053,1.9771,1.31597,1.68992,4.74841
2015-01-16,2.43355,1.98884,1.32104,1.70293,4.85992
2015-01-20,2.45286,1.99677,1.32447,1.71178,4.93704
2015-01-21,2.44439,1.99332,1.32297,1.70791,4.90297
2015-01-22,2.44439,1.99332,1.32297,1.70791,4.90297
2015-01-23,2.44439,1.99332,1.32297,1.70791,4.90297
2015-01-26,2.44439,1.99332,1.32297,1.70791,4.90297
2015-01-27,2.44439,1.99332,1.32297,1.70791,4.90297
2015-01-28,2.39221,1.97197,1.31412,1.68504,4.69362
2015-01-29,2.4152,1.98158,1.31808,1.6952,4.78384
2015-01-30,2.39647,1.97383,1.31487,1.68695,4.70966
2015-02-02,2.41733,1.98254,1.31846,1.69616,4.79165
2015-02-03,2.44056,1.99215,1.32243,1.70639,4.88374
2015-02-04,2.42939,1.98757,1.32054,1.70149,4.83904
2015-02-05,2.42939,1.98757,1.32054,1.70149,4.83904
2015-02-06,2.42939,1.98757,1.32054,1.70149,4.83904
2015-02-09,2.42939,1.98757,1.32054,1.70149,4.83904
2015-02-10,2.42939,1.98757,1.32054,1.70149,4.83904
2015-02-11,2.42939,1.98757,1.32054,1.70149,4.83904
2015-02-12,2.42939,1.98757,1.32054,1.70149,4.83904
2015-02-13,2.42939,1.98757,1.32054,1.70149,4.83904
2015-02-17,2.42939,1.98757,1.32054,1.70149,4.83904
2015-02-18,2.42939,1.98757,1.32054,1.70149,4.83904
2015-02-19,2.42939,1.98757,1.32054,1.70149,4.83904
2015-02-20,2.42939,1.98757,1.32054,1.70149,4.83904
2015-02-23,2.42939,1.98757,1.32054,1.70149,4.83904
2015-02-24,2.42939,1.98757,1.32054,1.70149,4.83904
2015-02-25,2.42939,1.98757,1.32054,1.70149,4.83904
2015-02-26,2.42939,1.98757,1.32054,1.70149,4.83904
2015-02-27,2.42939,1.98757,1.32054,1.70149,4.83904
2015-03-02,2.42939,1.98757,1.32054,1.70149,4.83904
2015-03-03,2.42939,1.98757,1.32054,1.70149,4.83904
2015-03-04,2.42939,1.98757,1.32054,1.70149,4.83904
2015-03-05,2.42939,1.98757,1.32054,1.70149,4.83904
2015-03-06,2.42939,1.98757,1.32054,1.70149,4.83904
2015-03-09,2.43021,1.9879,1.32075,1.70205,4.84229
2015-03-10,2.38509,1.96934,1.30874,1.67108,4.66248
2015-03-11,2.37132,1.96357,1.30504,1.66163,4.60867
2015-03-12,2.38689,1.97013,1.30923,1.67232,4.66918
2015-03-13,2.37651,1.96578,1.30645,1.66519,4.62858
2015-03-16,2.4072,1.9787,1.31471,1.68626,4.7481
2015-03-17,2.41103,1.98029,1.31574,1.6889,4.76323
2015-03-18,2.40329,1.97708,1.31367,1.68358,4.73263
2015-03-19,2.40329,1.97708,1.31367,1.68358,4.73263
2015-03-20,2.40329,1.97708,1.31367,1.68358,4.73263
2015-03-23,2.40329,1.97708,1.31367,1.68358,4.73263
2015-03-24,2.40329,1.97708,1.31367,1.68358,4.73263
2015-03-25,2.40329,1.97708,1.31367,1.68358,4.73263
2015-03-26,2.4138,1.98145,1.31611,1.68984,4.77403
2015-03-27,2.42345,1.98545,1.31834,1.69557,4.81219
2015-03-30,2.43692,1.99101,1.32145,1.70358,4.86571
2015-03-31,2.43692,1.99101,1.32145,1.70358,4.86571
2015-04-01,2.43692,1.99101,1.32145,1.70358,4.86571
2015-04-02,2.43692,1.99101,1.32145,1.70358,4.86571
2015-04-06,2.43692,1.99101,1.32145,1.70358,4.86571
2015-04-07,2.43692,1.99101,1.32145,1.70358,4.86571
2015-04-08,2.43692,1.99101,1.32145,1.70358,4.86571
2015-04-09,2.43692,1.99101,1.32145,1.70358,4.86571
2015-04-10,2.43692,1.99101,1.32145,1.70358,4.86571
2015-04-13,2.43692,1.99101,1.32145,1.70358,4.86571
2015-04-14,2.43692,1.99101,1.32145,1.70358,4.86571
2015-04-15,2.43692,1.99101,1.32145,1.70358,4.86571
2015-04-16,2.43692,1.99101,1.32145,1.70358,4.86571
2015-04-17,2.43692,1.99101,1.32145,1.70358,4.86571
2015-04-20,2.45994,2.00045,1.3272,1.71838,4.95763
2015-04-21,2.47046,2.00473,1.3298,1.72514,5.00001
2015-04-22,2.48394,2.01019,1.33314,1.7338,5.05461
2015-04-23,2.49332,2.01396,1.33546,1.73982,5.09276
2015-04-24,2.51835,2.024,1.34162,1.75589,5.19501
2015-04-27,2.51835,2.024,1.34162,1.75589,5.19501
2015-04-28,2.51835,2.024,1.34162,1.75589,5.19501
2015-04-29,2.51835,2.024,1.34162,1.75589,5.19501
2015-04-30,2.51835,2.024,1.34162,1.75589,5.19501
2015-05-01,2.54039,2.03275,1.34647,1.76857,5.28593
2015-05-04,2.54458,2.0344,1.34739,1.77099,5.30339
2015-05-05,2.50311,2.01811,1.33832,1.74716,5.13054
2015-05-06,2.48587,2.01122,1.33452,1.73723,5.05986
2015-05-07,2.50078,2.01722,1.33782,1.74583,5.12056
2015-05-08,2.532,2.0297,1.34472,1.76382,5.24839
2015-05-11,2.53236,2.02984,1.3448,1.76403,5.2499
2015-05-12,2.53236,2.02984,1.3448,1.76403,5.2499
2015-05-13,2.53236,2.02984,1.3448,1.76403,5.2499
2015-05-14,2.53236,2.02984,1.3448,1.76403,5.2499
2015-05-15,2.53236,2.02984,1.3448,1.76403,5.2499
2015-05-18,2.53236,2.02984,1.3448,1.76403,5.2499
2015-05-19,2.53236,2.02984,1.3448,1.76403,5.2499
2015-05-20,2.53236,2.02984,1.3448,1.76403,5.2499
2015-05-21,2.53236,2.02984,1.3448,1.76403,5.2499
2015-05-22,2.53236,2.02984,1.3448,1.76403,5.2499
2015-05-26,2.53236,2.02984,1.3448,1.76403,5.2499
2015-05-27,2.56414,2.04239,1.35249,1.78422,5.38167
2015-05-28,2.55836,2.04014,1.3511,1.78055,5.35742
2015-05-29,2.54311,2.03418,1.34743,1.77087,5.29354
2015-06-01,2.55166,2.03754,1.3495,1.7763,5.32913
2015-06-02,2.54358,2.03437,1.34755,1.77117,5.29536
2015-06-03,2.5512,2.03737,1.34939,1.77601,5.3271
2015-06-04,2.53179,2.02976,1.34471,1.76368,5.24604
2015-06-05,2.52578,2.02739,1.34325,1.75987,5.22114
2015-06-08,2.50013,2.01723,1.33703,1.74356,5.11509
2015-06-09,2.49597,2.01557,1.33601,1.74092,5.09808
2015-06-10,2.53017,2.02927,1.34436,1.76268,5.23778
2015-06-11,2.53745,2.03215,1.34613,1.7673,5.26793
2015-06-12,2.53745,2.03215,1.34613,1.7673,5.26793
2015-06-15,2.53745,2.03215,1.34613,1.7673,5.26793
2015-06-16,2.53745,2.03215,1.34613,1.7673,5.26793
2015-06-17,2.53745,2.03215,1.34613,1.7673,5.26793
2015-06-18,2.53745,2.03215,1.34613,1.7673,5.26793
2015-06-19,2.53745,2.03215,1.34613,1.7673,5.26793
2015-06-22,2.53745,2.03215,1.34613,1.7673,5.26793
2015-06-23,2.53745,2.03215,1.34613,1.7673,5.26793
2015-06-24,2.53745,2.03215,1.34613,1.7673,5.26793
2015-06-25,2.53745,2.03215,1.34613,1.7673,5.26793
2015-06-26,2.53745,2.03215,1.34613,1.7673,5.26793
2015-06-29,2.50403,2.01898,1.33757,1.74483,5.12916
2015-06-30,2.51295,2.02254,1.33987,1.75083,5.16569
2015-07-01,2.5329,2.03048,1.345,1.76425,5.24771
2015-07-02,2.5336,2.03075,1.34518,1.76472,5.25063
2015-07-06,2.52774,2.02844,1.34368,1.76078,5.22631
2015-07-07,2.53407,2.03095,1.34531,1.76504,5.25252
2015-07-08,2.51474,2.02332,1.34035,1.75204,5.17238
2015-07-09,2.47912,2.00915,1.33263,1.73185,5.02583
2015-07-10,2.51699,2.02443,1.34091,1.75337,5.1794
2015-07-13,2.56119,2.04199,1.35049,1.77842,5.36127
2015-07-14,2.56341,2.04285,1.35096,1.77967,5.37058
2015-07-15,2.56341,2.04285,1.35096,1.77967,5.37058
2015-07-16,2.56341,2.04285,1.35096,1.77967,5.37058
2015-07-17,2.56341,2.04285,1.35096,1.77967,5.37058
2015-07-20,2.56341,2.04285,1.35096,1.77967,5.37058
2015-07-21,2.56341,2.04285,1.35096,1.77967,5.37058
2015-07-22,2.56341,2.04285,1.35096,1.77967,5.37058
2015-07-23,2.56341,2.04285,1.35096,1.77967,5.37058
2015-07-24,2.56341,2.04285,1.35096,1.77967,5.37058
2015-07-27,2.5554,2.03973,1.34927,1.77521,5.33704
2015-07-28,2.57744,2.04835,1.35394,1.78749,5.42907
2015-07-29,2.58718,2.05213,1.35599,1.79291,5.47011
2015-07-30,2.57986,2.0493,1.35445,1.78884,5.43916
2015-07-31,2.57986,2.0493,1.35445,1.78884,5.43916
2015-08-03,2.57986,2.0493,1.35445,1.78884,5.43916
2015-08-04,2.57986,2.0493,1.35445,1.78884,5.43916
2015-08-05,2.57986,2.0493,1.35445,1.78884,5.43916
2015-08-06,2.57986,2.0493,1.35445,1.78884,5.43916
2015-08-07,2.57986,2.0493,1.35445,1.78884,5.43916
2015-08-10,2.57986,2.0493,1.35445,1.78884,5.43916
2015-08-11,2.57986,2.0493,1.35445,1.78884,5.43916
2015-08-12,2.57986,2.0493,1.35445,1.78884,5.43916
2015-08-13,2.57986,2.0493,1.35445,1.78884,5.43916
2015-08-14,2.57986,2.0493,1.35445,1.78884,5.43916
2015-08-17,2.57986,2.0493,1.35445,1.78884,5.43916
2015-08-18,2.57986,2.0493,1.35445,1.78884,5.43916
2015-08-19,2.57986,2.0493,1.35445,1.78884,5.43916
2015-08-20,2.57986,2.0493,1.35445,1.78884,5.43916
2015-08-21,2.50114,2.01879,1.34013,1.75101,5.10723
2015-08-24,2.4049,1.98031,1.32226,1.70432,4.71421
2015-08-25,2.39587,1.97656,1.32054,1.69989,4.67879
2015-08-26,2.51653,2.02692,1.34358,1.75921,5.15005
2015-08-27,2.58028,2.05225,1.35538,1.7901,5.41098
2015-08-28,2.56532,2.04645,1.35266,1.7829,5.34823
2015-08-31,2.56532,2.04645,1.35266,1.7829,5.34823
2015-09-01,2.56532,2.04645,1.35266,1.7829,5.34823
2015-09-02,2.56532,2.04645,1.35266,1.7829,5.34823
2015-09-03,2.56532,2.04645,1.35266,1.7829,5.34823
2015-09-04,2.56532,2.04645,1.35266,1.7829,5.34823
2015-09-08,2.56532,2.04645,1.35266,1.7829,5.34823
2015-09-09,2.56532,2.04645,1.35266,1.7829,5.34823
2015-09-10,2.56532,2.04645,1.35266,1.7829,5.34823
2015-09-11,2.56532,2.04645,1.35266,1.7829,5.34823
2015-09-14,2.56532,2.04645,1.35266,1.7829,5.34823
2015-09-15,2.56532,2.04645,1.35266,1.7829,5.34823
2015-09-16,2.56532,2.04645,1.35266,1.7829,5.34823
2015-09-17,2.56532,2.04645,1.35266,1.7829,5.34823
2015-09-18,2.56532,2.04645,1.35266,1.7829,5.34823
2015-09-21,2.56532,2.04645,1.35266,1.7829,5.34823
2015-09-22,2.56532,2.04645,1.35266,1.7829,5.34823
2015-09-23,2.56532,2.04645,1.35266,1.7829,5.34823
2015-09-24,2.56532,2.04645,1.35266,1.7829,5.34823
2015-09-25,2.56532,2.04645,1.35266,1.7829,5.34823
2015-09-28,2.56532,2.04645,1.35266,1.7829,5.34823
2015-09-29,2.56532,2.04645,1.35266,1.7829,5.34823
2015-09-30,2.56532,2.04645,1.35266,1.7829,5.34823
2015-10-01,2.56532,2.04645,1.35266,1.7829,5.34823
2015-10-02,2.56532,2.04645,1.35266,1.7829,5.34823
2015-10-05,2.56532,2.04645,1.35266,1.7829,5.34823
2015-10-06,2.56532,2.04645,1.35266,1.7829,5.34823
2015-10-07,2.56532,2.04645,1.35266,1.7829,5.34823
2015-10-08,2.56532,2.04645,1.35266,1.7829,5.34823
2015-10-09,2.56532,2.04645,1.35266,1.7829,5.34823
2015-10-12,2.56532,2.04645,1.35266,1.7829,5.34823
2015-10-13,2.56532,2.04645,1.35266,1.7829,5.34823
2015-10-14,2.56532,2.04645,1.35266,1.7829,5.34823
2015-10-15,2.56532,2.04645,1.35266,1.7829,5.34823
2015-10-16,2.56532,2.04645,1.35266,1.7829,5.34823
2015-10-19,2.56532,2.04645,1.35266,1.7829,5.34823
2015-10-20,2.56532,2.04645,1.35266,1.7829,5.34823
2015-10-21,2.56532,2.04645,1.35266,1.7829,5.34823
2015-10-22,2.56532,2.04645,1.35266,1.7829,5.34823
2015-10-23,2.56532,2.04645,1.35266,1.7829,5.34823
2015-10-26,2.56532,2.04645,1.35266,1.7829,5.34823
2015-10-27,2.56532,2.04645,1.35266,1.7829,5.34823
2015-10-28,2.56532,2.04645,1.35266,1.7829,5.34823
2015-10-29,2.56532,2.04645,1.35266,1.7829,5.34823
2015-10-30,2.56532,2.04645,1.35266,1.7829,5.34823
2015-11-02,2.56532,2.04645,1.35266,1.7829,5.34823
2015-11-03,2.56532,2.04645,1.35266,1.7829,5.34823
2015-11-04,2.56532,2.04645,1.35266,1.7829,5.34823
2015-11-05,2.56532,2.04645,1.35266,1.7829,5.34823
2015-11-06,2.56532,2.04645,1.35266,1.7829,5.34823
2015-11-09,2.56532,2.04645,1.35266,1.7829,5.34823
2015-11-10,2.57107,2.0487,1.35381,1.78596,5.37222
2015-11-11,2.56789,2.04746,1.35317,1.78427,5.35893
2015-11-12,2.54293,2.03774,1.34815,1.77102,5.25474
2015-11-13,2.49299,2.0181,1.33804,1.74446,5.04837
2015-11-16,2.52885,2.03249,1.34539,1.76363,5.19361
2015-11-17,2.53044,2.03311,1.34571,1.76447,5.20014
2015-11-18,2.57902,2.05231,1.35558,1.79034,5.39977
2015-11-19,2.58083,2.05301,1.35594,1.7913,5.40736
2015-11-20,2.59179,2.05726,1.35814,1.79711,5.45329
2015-11-23,2.59179,2.05726,1.35814,1.79711,5.45329
2015-11-24,2.59179,2.05726,1.35814,1.79711,5.45329
2015-11-25,2.59179,2.05726,1.35814,1.79711,5.45329
2015-11-27,2.59179,2.05726,1.35814,1.79711,5.45329
2015-11-30,2.59179,2.05726,1.35814,1.79711,5.45329
2015-12-01,2.59179,2.05726,1.35814,1.79711,5.45329
2015-12-02,2.59179,2.05726,1.35814,1.79711,5.45329
2015-12-03,2.59179,2.05726,1.35814,1.79711,5.45329
2015-12-04,2.64306,2.07704,1.36885,1.82544,5.66905
2015-12-07,2.63113,2.07253,1.36638,1.81887,5.61785
2015-12-08,2.63135,2.07261,1.36643,1.819,5.61882
2015-12-09,2.59141,2.05743,1.35817,1.797,5.44825
2015-12-10,2.60312,2.06195,1.36061,1.80347,5.49748
2015-12-11,2.54321,2.03893,1.34814,1.77039,5.24441
2015-12-14,2.56249,2.04652,1.35221,1.78109,5.32394
2015-12-15,2.5781,2.05261,1.35549,1.78973,5.3888
2015-12-16,2.61643,2.06748,1.36352,1.81094,5.54906
2015-12-17,2.57833,2.05291,1.35561,1.78992,5.38743
2015-12-18,2.52887,2.03373,1.34525,1.76257,5.18075
2015-12-21,2.55696,2.04484,1.3512,1.77817,5.29584
2015-12-22,2.57377,2.05141,1.35474,1.78748,5.36547
2015-12-23,2.58583,2.0561,1.35727,1.79415,5.41575
2015-12-24,2.58583,2.0561,1.35727,1.79415,5.41575
2015-12-28,2.58583,2.0561,1.35727,1.79415,5.41575
2015-12-29,2.58583,2.0561,1.35727,1.79415,5.41575
2015-12-30,2.58583,2.0561,1.35727,1.79415,5.41575
2015-12-31,2.58583,2.0561,1.35727,1.79415,5.41575
2016-01-04,2.58583,2.0561,1.35727,1.79415,5.41575
2016-01-05,2.56739,2.04897,1.35406,1.78568,5.33851
2016-01-06,2.54273,2.03936,1.34976,1.77432,5.23596
2016-01-07,2.46311,2.00805,1.33576,1.73752,4.90804
2016-01-08,2.44291,1.99985,1.33213,1.72809,4.82754
2016-01-11,2.45043,2.00293,1.33349,1.73161,4.85725
2016-01-12,2.47884,2.01452,1.33861,1.74491,4.96991
2016-01-13,2.39335,1.98003,1.32332,1.70505,4.6271
2016-01-14,2.44432,2.00133,1.33266,1.7291,4.82417
2016-01-15,2.36845,1.97029,1.31896,1.69356,4.52472
2016-01-19,2.39943,1.98337,1.32467,1.70823,4.64307
2016-01-20,2.39943,1.98337,1.32467,1.70823,4.64307
2016-01-21,2.39943,1.98337,1.32467,1.70823,4.64307
2016-01-22,2.39943,1.98337,1.32467,1.70823,4.64307
2016-01-25,2.39943,1.98337,1.32467,1.70823,4.64307
2016-01-26,2.39943,1.98337,1.32467,1.70823,4.64307
2016-01-27,2.39943,1.98337,1.32467,1.70823,4.64307
2016-01-28,2.39943,1.98337,1.32467,1.70823,4.64307
2016-01-29,2.39943,1.98337,1.32467,1.70823,4.64307
2016-02-01,2.39943,1.98337,1.32467,1.70823,4.64307
2016-02-02,2.39943,1.98337,1.32467,1.70823,4.64307
2016-02-03,2.39943,1.98337,1.32467,1.70823,4.64307
2016-02-04,2.39943,1.98337,1.32467,1.70823,4.64307
2016-02-05,2.39943,1.98337,1.32467,1.70823,4.64307
2016-02-08,2.39943,1.98337,1.32467,1.70823,4.64307
2016-02-09,2.39943,1.98337,1.32467,1.70823,4.64307
2016-02-10,2.39943,1.98337,1.32467,1.70823,4.64307
2016-02-11,2.39943,1.98337,1.32467,1.70823,4.64307
2016-02-12,2.39943,1.98337,1.32467,1.70823,4.64307
2016-02-16,2.39943,1.98337,1.32467,1.70823,4.64307
2016-02-17,2.39943,1.98337,1.32467,1.70823,4.64307
2016-02-18,2.39943,1.98337,1.32467,1.70823,4.64307
2016-02-19,2.39943,1.98337,1.32467,1.70823,4.64307
2016-02-22,2.39943,1.98337,1.32467,1.70823,4.64307
2016-02-23,2.39943,1.98337,1.32467,1.70823,4.64307
2016-02-24,2.39943,1.98337,1.32467,1.70823,4.64307
2016-02-25,2.39943,1.98337,1.32467,1.70823,4.64307
2016-02-26,2.39943,1.98337,1.32467,1.70823,4.64307
2016-02-29,2.39943,1.98337,1.32467,1.70823,4.64307
2016-03-01,2.39943,1.98337,1.32467,1.70823,4.64307
2016-03-02,2.39943,1.98337,1.32467,1.70823,4.64307
2016-03-03,2.39943,1.98337,1.32467,1.70823,4.64307
2016-03-04,2.39943,1.98337,1.32467,1.70823,4.64307
2016-03-07,2.39943,1.98337,1.32467,1.70823,4.64307
2016-03-08,2.39943,1.98337,1.32467,1.70823,4.64307
2016-03-09,2.39943,1.98337,1.32467,1.70823,4.64307
2016-03-10,2.39943,1.98337,1.32467,1.70823,4.64307
2016-03-11,2.39943,1.98337,1.32467,1.70823,4.64307
2016-03-14,2.39943,1.98337,1.32467,1.70823,4.64307
2016-03-15,2.39943,1.98337,1.32467,1.70823,4.64307
2016-03-16,2.39943,1.98337,1.32467,1.70823,4.64307
2016-03-17,2.39943,1.98337,1.32467,1.70823,4.64307
2016-03-18,2.39943,1.98337,1.32467,1.70823,4.64307
2016-03-21,2.39943,1.98337,1.32467,1.70823,4.64307
2016-03-22,2.39943,1.98337,1.32467,1.70823,4.64307
2016-03-23,2.39943,1.98337,1.32467,1.70823,4.64307
2016-03-24,2.39943,1.98337,1.32467,1.70823,4.64307
2016-03-28,2.39943,1.98337,1.32467,1.70823,4.64307
2016-03-29,2.39943,1.98337,1.32467,1.70823,4.64307
2016-03-30,2.39943,1.98337,1.32467,1.70823,4.64307
2016-03-31,2.39943,1.98337,1.32467,1.70823,4.64307
2016-04-01,2.39943,1.98337,1.32467,1.70823,4.64307
2016-04-04,2.39943,1.98337,1.32467,1.70823,4.64307
2016-04-05,2.39943,1.98337,1.32467,1.70823,4.64307
2016-04-06,2.39943,1.98337,1.32467,1.70823,4.64307
2016-04-07,2.39943,1.98337,1.32467,1.70823,4.64307
2016-04-08,2.39943,1.98337,1.32467,1.70823,4.64307
2016-04-11,2.39943,1.98337,1.32467,1.70823,4.64307
2016-04-12,2.39943,1.98337,1.32467,1.70823,4.64307
2016-04-13,2.39943,1.98337,1.32467,1.70823,4.64307
2016-04-14,2.39943,1.98337,1.32467,1.70823,4.64307
2016-04-15,2.39943,1.98337,1.32467,1.70823,4.64307
2016-04-18,2.39943,1.98337,1.32467,1.70823,4.64307
2016-04-19,2.39943,1.98337,1.32467,1.70823,4.64307
2016-04-20,2.39943,1.98337,1.32467,1.70823,4.64307
2016-04-21,2.39943,1.98337,1.32467,1.70823,4.64307
2016-04-22,2.39943,1.98337,1.32467,1.70823,4.64307
2016-04-25,2.40552,1.98591,1.32597,1.71157,4.66662
2016-04-26,2.39382,1.98104,1.32348,1.70515,4.62123
2016-04-27,2.37461,1.97302,1.31938,1.69459,4.54709
2016-04-28,2.34592,1.96094,1.31323,1.67879,4.43719
2016-04-29,2.33356,1.95567,1.31056,1.67197,4.39044
2016-05-02,2.35563,1.96513,1.31535,1.68417,4.47349
2016-05-03,2.33378,1.95585,1.31064,1.67211,4.39049
2016-05-04,2.31877,1.94942,1.30739,1.66382,4.33402
2016-05-05,2.31811,1.94913,1.30724,1.66345,4.33154
2016-05-06,2.33047,1.95447,1.30993,1.6703,4.37774
2016-05-09,2.33709,1.95731,1.31137,1.67396,4.40261
2016-05-10,2.3443,1.96039,1.31293,1.67794,4.4298
2016-05-11,2.3443,1.96039,1.31293,1.67794,4.4298
2016-05-12,2.3443,1.96039,1.31293,1.67794,4.4298
2016-05-13,2.3443,1.96039,1.31293,1.67794,4.4298
2016-05-16,2.3443,1.96039,1.31293,1.67794,4.4298
2016-05-17,2.3443,1.96039,1.31293,1.67794,4.4298
2016-05-18,2.3443,1.96039,1.31293,1.67794,4.4298
2016-05-19,2.3443,1.96039,1.31293,1.67794,4.4298
2016-05-20,2.3443,1.96039,1.31293,1.67794,4.4298
2016-05-23,2.3443,1.96039,1.31293,1.67794,4.4298
2016-05-24,2.3443,1.96039,1.31293,1.67794,4.4298
2016-05-25,2.3443,1.96039,1.31293,1.67794,4.4298
2016-05-26,2.3443,1.96039,1.31293,1.67794,4.4298
2016-05-27,2.3443,1.96039,1.31293,1.67794,4.4298
2016-05-31,2.3443,1.96039,1.31293,1.67794,4.4298
2016-06-01,2.3443,1.96039,1.31293,1.67794,4.4298
2016-06-02,2.3443,1.96039,1.31293,1.67794,4.4298
2016-06-03,2.3443,1.96039,1.31293,1.67794,4.4298
2016-06-06,2.3443,1.96039,1.31293,1.67794,4.4298
2016-06-07,2.3443,1.96039,1.31293,1.67794,4.4298
2016-06-08,2.3443,1.96039,1.31293,1.67794,4.4298
2016-06-09,2.3443,1.96039,1.31293,1.67794,4.4298
2016-06-10,2.3443,1.96039,1.31293,1.67794,4.4298
2016-06-13,2.33686,1.95722,1.31086,1.67265,4.40166
2016-06-14,2.33686,1.95722,1.31086,1.67265,4.40166
2016-06-15,2.33015,1.95435,1.30899,1.66787,4.3764
2016-06-16,2.33708,1.95732,1.31092,1.6728,4.4024
2016-06-17,2.30968,1.9456,1.30328,1.65331,4.29919
2016-06-20,2.32421,1.95189,1.30736,1.66365,4.35329
2016-06-21,2.33159,1.95506,1.30942,1.6689,4.38092
2016-06-22,2.32595,1.95264,1.30785,1.66488,4.35973
2016-06-23,2.35913,1.96691,1.31712,1.6885,4.48413
2016-06-24,2.26196,1.92572,1.29015,1.61935,4.11474
2016-06-27,2.21707,1.90588,1.27742,1.5874,3.9514
2016-06-28,2.26565,1.92779,1.29134,1.62198,4.12458
2016-06-29,2.30578,1.9455,1.30271,1.65054,4.27068
2016-06-30,2.30853,1.94669,1.30348,1.6525,4.28086
2016-07-01,2.30853,1.94669,1.30348,1.6525,4.28086
2016-07-05,2.30853,1.94669,1.30348,1.6525,4.28086
2016-07-06,2.30853,1.94669,1.30348,1.6525,4.28086
2016-07-07,2.30853,1.94669,1.30348,1.6525,4.28086
2016-07-08,2.30853,1.94669,1.30348,1.6525,4.28086
2016-07-11,2.30853,1.94669,1.30348,1.6525,4.28086
2016-07-12,2.30853,1.94669,1.30348,1.6525,4.28086
2016-07-13,2.30853,1.94669,1.30348,1.6525,4.28086
2016-07-14,2.30853,1.94669,1.30348,1.6525,4.28086
2016-07-15,2.30853,1.94669,1.30348,1.6525,4.28086
2016-07-18,2.30853,1.94669,1.30348,1.6525,4.28086
2016-07-19,2.30853,1.94669,1.30348,1.6525,4.28086
2016-07-20,2.30853,1.94669,1.30348,1.6525,4.28086
2016-07-21,2.30853,1.94669,1.30348,1.6525,4.28086
2016-07-22,2.30853,1.94669,1.30348,1.6525,4.28086
2016-07-25,2.30853,1.94669,1.30348,1.6525,4.28086
2016-07-26,2.30853,1.94669,1.30348,1.6525,4.28086
2016-07-27,2.30853,1.94669,1.30348,1.6525,4.28086
2016-07-28,2.30853,1.94669,1.30348,1.6525,4.28086
2016-07-29,2.30853,1.94669,1.30348,1.6525,4.28086
2016-08-01,2.30853,1.94669,1.30348,1.6525,4.28086
2016-08-02,2.30853,1.94669,1.30348,1.6525,4.28086
2016-08-03,2.30853,1.94669,1.30348,1.6525,4.28086
2016-08-04,2.30853,1.94669,1.30348,1.6525,4.28086
2016-08-05,2.30853,1.94669,1.30348,1.6525,4.28086
2016-08-08,2.30853,1.94669,1.30348,1.6525,4.28086
2016-08-09,2.30853,1.94669,1.30348,1.6525,4.28086
2016-08-10,2.30853,1.94669,1.30348,1.6525,4.28086
2016-08-11,2.30853,1.94669,1.30348,1.6525,4.28086
2016-08-12,2.30853,1.94669,1.30348,1.6525,4.28086
2016-08-15,2.30853,1.94669,1.30348,1.6525,4.28086
2016-08-16,2.30853,1.94669,1.30348,1.6525,4.28086
2016-08-17,2.30853,1.94669,1.30348,1.6525,4.28086
2016-08-18,2.30853,1.94669,1.30348,1.6525,4.28086
2016-08-19,2.30853,1.94669,1.30348,1.6525,4.28086
2016-08-22,2.30853,1.94669,1.30348,1.6525,4.28086
2016-08-23,2.30853,1.94669,1.30348,1.6525,4.28086
2016-08-24,2.30853,1.94669,1.30348,1.6525,4.28086
2016-08-25,2.30853,1.94669,1.30348,1.6525,4.28086
2016-08-26,2.30994,1.94731,1.30403,1.65351,4.28611
2016-08-29,2.30938,1.94706,1.30381,1.65311,4.28403
2016-08-30,2.30938,1.94706,1.30381,1.65311,4.28403
2016-08-31,2.30938,1.94706,1.30381,1.65311,4.28403
2016-09-01,2.30938,1.94706,1.30381,1.65311,4.28403
2016-09-02,2.30938,1.94706,1.30381,1.65311,4.28403
2016-09-06,2.30938,1.94706,1.30381,1.65311,4.28403
2016-09-07,2.30938,1.94706,1.30381,1.65311,4.28403
2016-09-08,2.30938,1.94706,1.30381,1.65311,4.28403
2016-09-09,2.30938,1.94706,1.30381,1.65311,4.28403
2016-09-12,2.36287,1.97022,1.32098,1.6914,4.48246
2016-09-13,2.34174,1.96128,1.31427,1.67627,4.40231
2016-09-14,2.35291,1.96605,1.31783,1.68427,4.44431
2016-09-15,2.38947,1.98159,1.32947,1.71044,4.58243
2016-09-16,2.38571,1.98002,1.32828,1.70775,4.56801
2016-09-19,2.38571,1.98002,1.32828,1.70775,4.56801
2016-09-20,2.38571,1.98002,1.32828,1.70775,4.56801
2016-09-21,2.38571,1.98002,1.32828,1.70775,4.56801
2016-09-22,2.38571,1.98002,1.32828,1.70775,4.56801
2016-09-23,2.38571,1.98002,1.32828,1.70775,4.56801
2016-09-26,2.38571,1.98002,1.32828,1.70775,4.56801
2016-09-27,2.38571,1.98002,1.32828,1.70775,4.56801
2016-09-28,2.38571,1.98002,1.32828,1.70775,4.56801
2016-09-29,2.38571,1.98002,1.32828,1.70775,4.56801
2016-09-30,2.38571,1.98002,1.32828,1.70775,4.56801
2016-10-03,2.38571,1.98002,1.32828,1.70775,4.56801
2016-10-04,2.38571,1.98002,1.32828,1.70775,4.56801
2016-10-05,2.38571,1.98002,1.32828,1.70775,4.56801
2016-10-06,2.38571,1.98002,1.32828,1.70775,4.56801
2016-10-07,2.38571,1.98002,1.32828,1.70775,4.56801
2016-10-10,2.38571,1.98002,1.32828,1.70775,4.56801
2016-10-11,2.38571,1.98002,1.32828,1.70775,4.56801
2016-10-12,2.38571,1.98002,1.32828,1.70775,4.56801
2016-10-13,2.38571,1.98002,1.32828,1.70775,4.56801
2016-10-14,2.3756,1.97578,1.32544,1.70051,4.52927
2016-10-17,2.36911,1.97304,1.32361,1.69586,4.50452
2016-10-18,2.3902,1.98195,1.32956,1.71096,4.58473
2016-10-19,2.39,1.98186,1.3295,1.71082,4.58396
2016-10-20,2.38716,1.98067,1.32871,1.70879,4.57306
2016-10-21,2.39608,1.98441,1.33121,1.71517,4.60725
2016-10-24,2.42488,1.99643,1.33929,1.73579,4.718
2016-10-25,2.42509,1.99652,1.33935,1.73593,4.7188
2016-10-26,2.42509,1.99652,1.33935,1.73593,4.7188
2016-10-27,2.42509,1.99652,1.33935,1.73593,4.7188
2016-10-28,2.42509,1.99652,1.33935,1.73593,4.7188
2016-10-31,2.41274,1.99143,1.33574,1.7271,4.67075
2016-11-01,2.39459,1.9839,1.33042,1.7141,4.60048
2016-11-02,2.37541,1.97589,1.32478,1.70038,4.52679
2016-11-03,2.35211,1.96608,1.31789,1.68369,4.43796
2016-11-04,2.34386,1.96258,1.31545,1.67779,4.40683
2016-11-07,2.39954,1.98633,1.332,1.71765,4.61622
2016-11-08,2.41521,1.99286,1.3366,1.72887,4.67652
2016-11-09,2.38576,1.98067,1.32797,1.70779,4.56249
2016-11-10,2.38576,1.98067,1.32797,1.70779,4.56249
2016-11-11,2.38576,1.98067,1.32797,1.70779,4.56249
2016-11-14,2.38576,1.98067,1.32797,1.70779,4.56249
2016-11-15,2.39944,1.9864,1.33074,1.71491,4.61478
2016-11-16,2.41368,1.99234,1.33362,1.72232,4.66957
2016-11-17,2.41124,1.99133,1.33313,1.72105,4.66012
2016-11-18,2.41124,1.99133,1.33313,1.72105,4.66012
2016-11-21,2.41124,1.99133,1.33313,1.72105,4.66012
2016-11-22,2.41124,1.99133,1.33313,1.72105,4.66012
2016-11-23,2.41124,1.99133,1.33313,1.72105,4.66012
2016-11-25,2.41124,1.99133,1.33313,1.72105,4.66012
2016-11-28,2.41124,1.99133,1.33313,1.72105,4.66012
2016-11-29,2.41124,1.99133,1.33313,1.72105,4.66012
2016-11-30,2.41124,1.99133,1.33313,1.72105,4.66012
2016-12-01,2.41124,1.99133,1.33313,1.72105,4.66012
2016-12-02,2.41337,1.99221,1.33362,1.72233,4.66836
2016-12-05,2.43214,1.99999,1.33797,1.73357,4.74099
2016-12-06,2.43781,2.00232,1.33928,1.73695,4.76307
2016-12-07,2.43781,2.00232,1.33928,1.73695,4.76307
2016-12-08,2.43781,2.00232,1.33928,1.73695,4.76307
2016-12-09,2.43781,2.00232,1.33928,1.73695,4.76307
2016-12-12,2.43781,2.00232,1.33928,1.73695,4.76307
2016-12-13,2.43781,2.00232,1.33928,1.73695,4.76307
2016-12-14,2.43781,2.00232,1.33928,1.73695,4.76307
2016-12-15,2.43781,2.00232,1.33928,1.73695,4.76307
2016-12-16,2.43781,2.00232,1.33928,1.73695,4.76307
2016-12-19,2.43781,2.00232,1.33928,1.73695,4.76307
2016-12-20,2.43781,2.00232,1.33928,1.73695,4.76307
2016-12-21,2.43781,2.00232,1.33928,1.73695,4.76307
2016-12-22,2.43781,2.00232,1.33928,1.73695,4.76307
2016-12-23,2.43781,2.00232,1.33928,1.73695,4.76307
2016-12-27,2.43781,2.00232,1.33928,1.73695,4.76307
2016-12-28,2.43781,2.00232,1.33928,1.73695,4.76307
2016-12-29,2.43781,2.00232,1.33928,1.73695,4.76307
2016-12-30,2.43781,2.00232,1.33928,1.73695,4.76307
2017-01-03,2.4421,2.00408,1.34048,1.74001,4.77986
2017-01-04,2.45538,2.00952,1.34418,1.74947,4.83184
2017-01-05,2.45232,2.00827,1.34333,1.74729,4.81977
2017-01-06,2.45232,2.00827,1.34333,1.74729,4.81977
2017-01-09,2.45232,2.00827,1.34333,1.74729,4.81977
2017-01-10,2.45232,2.00827,1.34333,1.74729,4.81977
2017-01-11,2.45232,2.00827,1.34333,1.74729,4.81977
2017-01-12,2.45232,2.00827,1.34333,1.74729,4.81977
2017-01-13,2.45232,2.00827,1.34333,1.74729,4.81977
2017-01-17,2.45232,2.00827,1.34333,1.74729,4.81977
2017-01-18,2.45232,2.00827,1.34333,1.74729,4.81977
2017-01-19,2.45232,2.00827,1.34333,1.74729,4.81977
2017-01-20,2.45232,2.00827,1.34333,1.74729,4.81977
2017-01-23,2.45232,2.00827,1.34333,1.74729,4.81977
2017-01-24,2.45232,2.00827,1.34333,1.74729,4.81977
2017-01-25,2.45232,2.00827,1.34333,1.74729,4.81977
2017-01-26,2.45232,2.00827,1.34333,1.74729,4.81977
2017-01-27,2.45232,2.00827,1.34333,1.74729,4.81977
2017-01-30,2.45232,2.00827,1.34333,1.74729,4.81977
2017-01-31,2.45232,2.00827,1.34333,1.74729,4.81977
2017-02-01,2.45232,2.00827,1.34333,1.74729,4.81977
2017-02-02,2.45232,2.00827,1.34333,1.74729,4.81977
2017-02-03,2.45232,2.00827,1.34333,1.74729,4.81977
2017-02-06,2.45232,2.00827,1.34333,1.74729,4.81977
2017-02-07,2.45232,2.00827,1.34333,1.74729,4.81977
2017-02-08,2.45232,2.00827,1.34333,1.74729,4.81977
2017-02-09,2.45232,2.00827,1.34333,1.74729,4.81977
2017-02-10,2.45232,2.00827,1.34333,1.74729,4.81977
2017-02-13,2.45232,2.00827,1.34333,1.74729,4.81977
2017-02-14,2.45232,2.00827,1.34333,1.74729,4.81977
2017-02-15,2.45232,2.00827,1.34333,1.74729,4.81977
2017-02-16,2.45232,2.00827,1.34333,1.74729,4.81977
2017-02-17,2.45232,2.00827,1.34333,1.74729,4.81977
2017-02-21,2.45232,2.00827,1.34333,1.74729,4.81977
2017-02-22,2.45232,2.00827,1.34333,1.74729,4.81977
2017-02-23,2.45232,2.00827,1.34333,1.74729,4.81977
2017-02-24,2.45232,2.00827,1.34333,1.74729,4.81977
2017-02-27,2.45232,2.00827,1.34333,1.74729,4.81977
2017-02-28,2.45232,2.00827,1.34333,1.74729,4.81977
2017-03-01,2.45232,2.00827,1.34333,1.74729,4.81977
2017-03-02,2.45232,2.00827,1.34333,1.74729,4.81977
2017-03-03,2.45232,2.00827,1.34333,1.74729,4.81977
2017-03-06,2.45232,2.00827,1.34333,1.74729,4.81977
2017-03-07,2.45232,2.00827,1.34333,1.74729,4.81977
2017-03-08,2.45232,2.00827,1.34333,1.74729,4.81977
2017-03-09,2.45232,2.00827,1.34333,1.74729,4.81977
2017-03-10,2.45232,2.00827,1.34333,1.74729,4.81977
2017-03-13,2.45232,2.00827,1.34333,1.74729,4.81977
2017-03-14,2.45232,2.00827,1.34333,1.74729,4.81977
2017-03-15,2.45232,2.00827,1.34333,1.74729,4.81977
2017-03-16,2.45232,2.00827,1.34333,1.74729,4.81977
2017-03-17,2.45232,2.00827,1.34333,1.74729,4.81977
2017-03-20,2.45232,2.00827,1.34333,1.74729,4.81977
2017-03-21,2.45232,2.00827,1.34333,1.74729,4.81977
2017-03-22,2.46695,2.01424,1.34893,1.75771,4.87729
2017-03-23,2.46072,2.01171,1.34655,1.75328,4.85265
2017-03-24,2.46581,2.01378,1.3485,1.75691,4.87275
2017-03-27,2.46978,2.01539,1.35001,1.75973,4.88842
2017-03-28,2.48488,2.0215,1.35578,1.77049,4.9482
2017-03-29,2.48534,2.02169,1.35596,1.77082,4.95002
2017-03-30,2.48534,2.02169,1.35596,1.77082,4.95002
2017-03-31,2.48534,2.02169,1.35596,1.77082,4.95002
2017-04-03,2.48534,2.02169,1.35596,1.77082,4.95002
2017-04-04,2.48534,2.02169,1.35596,1.77082,4.95002
2017-04-05,2.48534,2.02169,1.35596,1.77082,4.95002
2017-04-06,2.48534,2.02169,1.35596,1.77082,4.95002
2017-04-07,2.48534,2.02169,1.35596,1.77082,4.95002
2017-04-10,2.48534,2.02169,1.35596,1.77082,4.95002
2017-04-11,2.48534,2.02169,1.35596,1.77082,4.95002
2017-04-12,2.47445,2.01731,1.35211,1.76306,4.90667
2017-04-13,2.46463,2.01334,1.34864,1.75606,4.8677
2017-04-17,2.48504,2.02162,1.35587,1.7706,4.94833
2017-04-18,2.48126,2.0201,1.35453,1.76791,4.93327
2017-04-19,2.49079,2.02394,1.3579,1.7747,4.97116
2017-04-20,2.49079,2.02394,1.3579,1.7747,4.97116
2017-04-21,2.49079,2.02394,1.3579,1.7747,4.97116
2017-04-24,2.49079,2.02394,1.3579,1.7747,4.97116
2017-04-25,2.49079,2.02394,1.3579,1.7747,4.97116
2017-04-26,2.49079,2.02394,1.3579,1.7747,4.97116
2017-04-27,2.49079,2.02394,1.3579,1.7747,4.97116
2017-04-28,2.49079,2.02394,1.3579,1.7747,4.97116
2017-05-01,2.49079,2.02394,1.3579,1.7747,4.97116
2017-05-02,2.49079,2.02394,1.3579,1.7747,4.97116
2017-05-03,2.49079,2.02394,1.3579,1.7747,4.97116
2017-05-04,2.49079,2.02394,1.3579,1.7747,4.97116
2017-05-05,2.49079,2.02394,1.3579,1.7747,4.97116
2017-05-08,2.49079,2.02394,1.3579,1.7747,4.97116
2017-05-09,2.49079,2.02394,1.3579,1.7747,4.97116
2017-05-10,2.49079,2.02394,1.3579,1.7747,4.97116
2017-05-11,2.49079,2.02394,1.3579,1.7747,4.97116
2017-05-12,2.49079,2.02394,1.3579,1.7747,4.97116
2017-05-15,2.49079,2.02394,1.3579,1.7747,4.97116
2017-05-16,2.49079,2.02394,1.3579,1.7747,4.97116
2017-05-17,2.49079,2.02394,1.3579,1.7747,4.97116
2017-05-18,2.51224,2.03255,1.36577,1.78998,5.05678
2017-05-19,2.52285,2.03678,1.36965,1.79755,5.09951
2017-05-22,2.52726,2.03852,1.37126,1.80069,5.11734
2017-05-23,2.52726,2.03852,1.37126,1.80069,5.11734
2017-05-24,2.52726,2.03852,1.37126,1.80069,5.11734
2017-05-25,2.52726,2.03852,1.37126,1.80069,5.11734
2017-05-26,2.52726,2.03852,1.37126,1.80069,5.11734
2017-05-30,2.52726,2.03852,1.37126,1.80069,5.11734
2017-05-31,2.52726,2.03852,1.37126,1.80069,5.11734
2017-06-01,2.52726,2.03852,1.37126,1.80069,5.11734
2017-06-02,2.52726,2.03852,1.37126,1.80069,5.11734
2017-06-05,2.52726,2.03852,1.37126,1.80069,5.11734
2017-06-06,2.52726,2.03852,1.37126,1.80069,5.11734
2017-06-07,2.52726,2.03852,1.37126,1.80069,5.11734
2017-06-08,2.52726,2.03852,1.37126,1.80069,5.11734
2017-06-09,2.52726,2.03852,1.37126,1.80069,5.11734
2017-06-12,2.53383,2.04112,1.3731,1.80536,5.14392
2017-06-13,2.55439,2.04924,1.37885,1.82002,5.22742
2017-06-14,2.56348,2.0528,1.38138,1.82649,5.26462
2017-06-15,2.56348,2.0528,1.38138,1.82649,5.26462
2017-06-16,2.56348,2.0528,1.38138,1.82649,5.26462
2017-06-19,2.58002,2.05925,1.3855,1.83739,5.33255
2017-06-20,2.55981,2.05142,1.38048,1.82408,5.24903
2017-06-21,2.58516,2.06132,1.3868,1.84079,5.35298
2017-06-22,2.58443,2.06103,1.38662,1.84031,5.34994
2017-06-23,2.59434,2.06487,1.38908,1.84684,5.391
2017-06-26,2.58222,2.0602,1.38608,1.83886,5.34062
2017-06-27,2.53538,2.04206,1.37445,1.80801,5.14687
2017-06-28,2.57194,2.05648,1.38362,1.83212,5.29528
2017-06-29,2.5273,2.03912,1.37251,1.80271,5.11148
2017-06-30,2.52822,2.03949,1.37274,1.80331,5.11519
2017-07-03,2.50158,2.02895,1.36605,1.78574,5.00742
2017-07-05,2.5262,2.03879,1.37227,1.80199,5.10596
2017-07-06,2.50342,2.02977,1.36655,1.78696,5.01389
2017-07-07,2.53042,2.04056,1.37336,1.80479,5.12205
2017-07-10,2.54695,2.04709,1.37751,1.8157,5.18897
2017-07-11,2.54201,2.04515,1.37628,1.81244,5.16882
2017-07-12,2.54201,2.04515,1.37628,1.81244,5.16882
2017-07-13,2.54201,2.04515,1.37628,1.81244,5.16882
2017-07-14,2.54201,2.04515,1.37628,1.81244,5.16882
2017-07-17,2.54201,2.04515,1.37628,1.81244,5.16882
2017-07-18,2.54201,2.04515,1.37628,1.81244,5.16882
2017-07-19,2.54201,2.04515,1.37628,1.81244,5.16882
2017-07-20,2.54201,2.04515,1.37628,1.81244,5.16882
2017-07-21,2.54201,2.04515,1.37628,1.81244,5.16882
2017-07-24,2.54201,2.04515,1.37628,1.81244,5.16882
2017-07-25,2.54201,2.04515,1.37628,1.81244,5.16882
2017-07-26,2.54201,2.04515,1.37628,1.81244,5.16882
2017-07-27,2.54201,2.04515,1.37628,1.81244,5.16882
2017-07-28,2.54201,2.04515,1.37628,1.81244,5.16882
2017-07-31,2.54201,2.04515,1.37628,1.81244,5.16882
2017-08-01,2.53791,2.04354,1.37519,1.80957,5.15215
2017-08-02,2.5448,2.04625,1.37702,1.81439,5.18014
2017-08-03,2.5349,2.04236,1.37439,1.80747,5.13984
2017-08-04,2.5395,2.04418,1.37562,1.81068,5.15848
2017-08-07,2.55559,2.05051,1.37989,1.82194,5.22384
2017-08-08,2.55117,2.04878,1.37872,1.81885,5.20577
2017-08-09,2.52887,2.04004,1.37281,1.80324,5.11475
2017-08-10,2.52887,2.04004,1.37281,1.80324,5.11475
2017-08-11,2.54335,2.04577,1.3765,1.81294,5.17335
2017-08-14,2.57611,2.05865,1.38482,1.83486,5.30659
2017-08-15,2.58126,2.06065,1.38612,1.83831,5.32782
2017-08-16,2.58126,2.06065,1.38612,1.83831,5.32782
2017-08-17,2.58126,2.06065,1.38612,1.83831,5.32782
2017-08-18,2.57669,2.05888,1.38501,1.83536,5.30894
2017-08-21,2.5734,2.0576,1.38421,1.83325,5.29541
2017-08-22,2.61263,2.07285,1.39375,1.85851,5.45685
2017-08-23,2.60332,2.06928,1.39151,1.85253,5.41798
2017-08-24,2.60786,2.07102,1.3926,1.85545,5.43685
2017-08-25,2.60786,2.07102,1.3926,1.85545,5.43685
2017-08-28,2.60786,2.07102,1.3926,1.85545,5.43685
2017-08-29,2.60786,2.07102,1.3926,1.85545,5.43685
2017-08-30,2.60786,2.07102,1.3926,1.85545,5.43685
2017-08-31,2.60786,2.07102,1.3926,1.85545,5.43685
2017-09-01,2.60786,2.07102,1.3926,1.85545,5.43685
2017-09-05,2.60786,2.07102,1.3926,1.85545,5.43685
2017-09-06,2.60786,2.07102,1.3926,1.85545,5.43685
2017-09-07,2.60786,2.07102,1.3926,1.85545,5.43685
2017-09-08,2.60786,2.07102,1.3926,1.85545,5.43685
2017-09-11,2.60786,2.07102,1.3926,1.85545,5.43685
2017-09-12,2.60786,2.07102,1.3926,1.85545,5.43685
2017-09-13,2.60786,2.07102,1.3926,1.85545,5.43685
2017-09-14,2.60786,2.07102,1.3926,1.85545,5.43685
2017-09-15,2.60786,2.07102,1.3926,1.85545,5.43685
2017-09-18,2.60786,2.07102,1.3926,1.85545,5.43685
2017-09-19,2.60786,2.07102,1.3926,1.85545,5.43685
2017-09-20,2.60786,2.07102,1.3926,1.85545,5.43685
2017-09-21,2.60786,2.07102,1.3926,1.85545,5.43685
2017-09-22,2.61234,2.07275,1.39387,1.85864,5.45556
2017-09-25,2.58483,2.06221,1.38611,1.83906,5.34064
2017-09-26,2.59153,2.0648,1.38801,1.84383,5.36832
2017-09-27,2.61488,2.07381,1.39462,1.86044,5.46506
2017-09-28,2.61397,2.07347,1.39436,1.8598,5.46128
2017-09-29,2.61791,2.07498,1.39547,1.8626,5.47773
2017-10-02,2.61791,2.07498,1.39547,1.8626,5.47773
2017-10-03,2.61791,2.07498,1.39547,1.8626,5.47773
2017-10-04,2.61791,2.07498,1.39547,1.8626,5.47773
2017-10-05,2.61791,2.07498,1.39547,1.8626,5.47773
2017-10-06,2.61791,2.07498,1.39547,1.8626,5.47773
2017-10-09,2.61791,2.07498,1.39547,1.8626,5.47773
2017-10-10,2.61791,2.07498,1.39547,1.8626,5.47773
2017-10-11,2.61791,2.07498,1.39547,1.8626,5.47773
2017-10-12,2.61791,2.07498,1.39547,1.8626,5.47773
2017-10-13,2.61791,2.07498,1.39547,1.8626,5.47773
2017-10-16,2.61791,2.07498,1.39547,1.8626,5.47773
2017-10-17,2.61791,2.07498,1.39547,1.8626,5.47773
2017-10-18,2.61791,2.07498,1.39547,1.8626,5.47773
2017-10-19,2.61791,2.07498,1.39547,1.8626,5.47773
2017-10-20,2.61791,2.07498,1.39547,1.8626,5.47773
2017-10-23,2.61791,2.07498,1.39547,1.8626,5.47773
2017-10-24,2.61791,2.07498,1.39547,1.8626,5.47773
2017-10-25,2.61791,2.07498,1.39547,1.8626,5.47773
2017-10-26,2.61791,2.07498,1.39547,1.8626,5.47773
2017-10-27,2.6483,2.08658,1.40679,1.88422,5.6049
2017-10-30,2.65425,2.08883,1.409,1.88846,5.6301
2017-10-31,2.6615,2.09156,1.41169,1.89361,5.66085
2017-11-01,2.6615,2.09156,1.41169,1.89361,5.66085
2017-11-02,2.6615,2.09156,1.41169,1.89361,5.66085
2017-11-03,2.6615,2.09156,1.41169,1.89361,5.66085
2017-11-06,2.6615,2.09156,1.41169,1.89361,5.66085
2017-11-07,2.6615,2.09156,1.41169,1.89361,5.66085
2017-11-08,2.6615,2.09156,1.41169,1.89361,5.66085
2017-11-09,2.6615,2.09156,1.41169,1.89361,5.66085
2017-11-10,2.6615,2.09156,1.41169,1.89361,5.66085
2017-11-13,2.6615,2.09156,1.41169,1.89361,5.66085
2017-11-14,2.6615,2.09156,1.41169,1.89361,5.66085
2017-11-15,2.6615,2.09156,1.41169,1.89361,5.66085
2017-11-16,2.68064,2.09875,1.4179,1.90723,5.74226
2017-11-17,2.67041,2.09493,1.41459,1.89995,5.69841
2017-11-20,2.66832,2.09416,1.41391,1.89847,5.68953
2017-11-21,2.69729,2.10501,1.42332,1.91908,5.81307
2017-11-22,2.70059,2.10623,1.42438,1.92142,5.82727
2017-11-24,2.70201,2.10676,1.42484,1.92244,5.83342
2017-11-27,2.70201,2.10676,1.42484,1.92244,5.83342
2017-11-28,2.70201,2.10676,1.42484,1.92244,5.83342
2017-11-29,2.70201,2.10676,1.42484,1.92244,5.83342
2017-11-30,2.71185,2.1104,1.42791,1.92943,5.87589
2017-12-01,2.70031,2.10615,1.42432,1.92123,5.8259
2017-12-04,2.71591,2.11192,1.42919,1.93232,5.89319
2017-12-05,2.71686,2.11227,1.42944,1.93299,5.89734
2017-12-06,2.72913,2.11679,1.4326,1.94153,5.95059
2017-12-07,2.72759,2.11622,1.4322,1.94046,5.94387
2017-12-08,2.72759,2.11622,1.4322,1.94046,5.94387
2017-12-11,2.72759,2.11622,1.4322,1.94046,5.94387
2017-12-12,2.72759,2.11622,1.4322,1.94046,5.94387
2017-12-13,2.72759,2.11622,1.4322,1.94046,5.94387
2017-12-14,2.72759,2.11622,1.4322,1.94046,5.94387
2017-12-15,2.72759,2.11622,1.4322,1.94046,5.94387
2017-12-18,2.72759,2.11622,1.4322,1.94046,5.94387
2017-12-19,2.72759,2.11622,1.4322,1.94046,5.94387
2017-12-20,2.72759,2.11622,1.4322,1.94046,5.94387
2017-12-21,2.72759,2.11622,1.4322,1.94046,5.94387
2017-12-22,2.72759,2.11622,1.4322,1.94046,5.94387
2017-12-26,2.72759,2.11622,1.4322,1.94046,5.94387
2017-12-27,2.7264,2.11579,1.43184,1.93962,5.93869
2017-12-28,2.73374,2.11848,1.43407,1.94484,5.97066
2017-12-29,2.73374,2.11848,1.43407,1.94484,5.97066
2018-01-02,2.76606,2.1303,1.4448,1.96783,6.11183
2018-01-03,2.79293,2.14002,1.45368,1.98695,6.2306
2018-01-04,2.80113,2.14295,1.45638,1.99278,6.26717
2018-01-05,2.80113,2.14295,1.45638,1.99278,6.26717
2018-01-08,2.80113,2.14295,1.45638,1.99278,6.26717
2018-01-09,2.80113,2.14295,1.45638,1.99278,6.26717
2018-01-10,2.80113,2.14295,1.45638,1.99278,6.26717
2018-01-11,2.80113,2.14295,1.45638,1.99278,6.26717
2018-01-12,2.80113,2.14295,1.45638,1.99278,6.26717
2018-01-16,2.80113,2.14295,1.45638,1.99278,6.26717
2018-01-17,2.80113,2.14295,1.45638,1.99278,6.26717
2018-01-18,2.80113,2.14295,1.45638,1.99278,6.26717
2018-01-19,2.80113,2.14295,1.45638,1.99278,6.26717
2018-01-22,2.80113,2.14295,1.45638,1.99278,6.26717
2018-01-23,2.80113,2.14295,1.45638,1.99278,6.26717
2018-01-24,2.80113,2.14295,1.45638,1.99278,6.26717
2018-01-25,2.80113,2.14295,1.45638,1.99278,6.26717
2018-01-26,2.80113,2.14295,1.45638,1.99278,6.26717
2018-01-29,2.80113,2.14295,1.45638,1.99278,6.26717
2018-01-30,2.80113,2.14295,1.45638,1.99278,6.26717
2018-01-31,2.80113,2.14295,1.45638,1.99278,6.26717
2018-02-01,2.80113,2.14295,1.45638,1.99278,6.26717
2018-02-02,2.80113,2.14295,1.45638,1.99278,6.26717
2018-02-05,2.71474,2.11211,1.43646,1.93828,5.88061
2018-02-06,2.78668,2.13861,1.45334,1.98383,6.19227
2018-02-07,2.75063,2.12567,1.445,1.96107,6.03204
2018-02-08,2.63456,2.08348,1.41797,1.8877,5.523
2018-02-09,2.68006,2.10075,1.42883,1.9166,5.71376
2018-02-12,2.72762,2.11849,1.44007,1.94676,5.91654
2018-02-13,2.71064,2.11227,1.43609,1.93601,5.84288
2018-02-14,2.71064,2.11227,1.43609,1.93601,5.84288
2018-02-15,2.71064,2.11227,1.43609,1.93601,5.84288
2018-02-16,2.71064,2.11227,1.43609,1.93601,5.84288
2018-02-20,2.71064,2.11227,1.43609,1.93601,5.84288
2018-02-21,2.71064,2.11227,1.43609,1.93601,5.84288
2018-02-22,2.71064,2.11227,1.43609,1.93601,5.84288
2018-02-23,2.71064,2.11227,1.43609,1.93601,5.84288
2018-02-26,2.71064,2.11227,1.43609,1.93601,5.84288
2018-02-27,2.71064,2.11227,1.43609,1.93601,5.84288
2018-02-28,2.71064,2.11227,1.43609,1.93601,5.84288
2018-03-01,2.71064,2.11227,1.43609,1.93601,5.84288
2018-03-02,2.76747,2.13324,1.44384,1.9569,6.08788
2018-03-05,2.79815,2.14432,1.44796,1.96806,6.22285
2018-03-06,2.81042,2.1487,1.44959,1.9725,6.27741
2018-03-07,2.81042,2.1487,1.44959,1.9725,6.27741
2018-03-08,2.81042,2.1487,1.44959,1.9725,6.27741
2018-03-09,2.81042,2.1487,1.44959,1.9725,6.27741
2018-03-12,2.81042,2.1487,1.44959,1.9725,6.27741
2018-03-13,2.81042,2.1487,1.44959,1.9725,6.27741
2018-03-14,2.81042,2.1487,1.44959,1.9725,6.27741
2018-03-15,2.81042,2.1487,1.44959,1.9725,6.27741
2018-03-16,2.81042,2.1487,1.44959,1.9725,6.27741
2018-03-19,2.81042,2.1487,1.44959,1.9725,6.27741
2018-03-20,2.81708,2.15107,1.45061,1.97527,6.30717
2018-03-21,2.80481,2.14672,1.44874,1.97017,6.25224
2018-03-22,2.73558,2.12204,1.43814,1.94135,5.9436
2018-03-23,2.66349,2.09569,1.42691,1.91103,5.63035
2018-03-26,2.76247,2.13284,1.44262,1.95312,6.04878
2018-03-27,2.67307,2.10048,1.42879,1.91566,5.65731
2018-03-28,2.64232,2.08898,1.42392,1.9026,5.52715
2018-03-29,2.69071,2.1073,1.43165,1.92325,5.7296
2018-04-02,2.61308,2.07844,1.4194,1.89036,5.39899
2018-04-03,2.64249,2.0897,1.42414,1.90297,5.5205
2018-04-04,2.68416,2.10547,1.43079,1.92076,5.69462
2018-04-05,2.70952,2.11492,1.4348,1.93151,5.80223
2018-04-06,2.70952,2.11492,1.4348,1.93151,5.80223
2018-04-09,2.70952,2.11492,1.4348,1.93151,5.80223
2018-04-10,2.70952,2.11492,1.4348,1.93151,5.80223
2018-04-11,2.70952,2.11492,1.4348,1.93151,5.80223
2018-04-12,2.70952,2.11492,1.4348,1.93151,5.80223
2018-04-13,2.70952,2.11492,1.4348,1.93151,5.80223
2018-04-16,2.70952,2.11492,1.4348,1.93151,5.80223
2018-04-17,2.70952,2.11492,1.4348,1.93151,5.80223
2018-04-18,2.70952,2.11492,1.4348,1.93151,5.80223
2018-04-19,2.70952,2.11492,1.4348,1.93151,5.80223
2018-04-20,2.70952,2.11492,1.4348,1.93151,5.80223
2018-04-23,2.70952,2.11492,1.4348,1.93151,5.80223
2018-04-24,2.63824,2.08861,1.42535,1.90608,5.49694
2018-04-25,2.64141,2.08981,1.42578,1.90722,5.51013
2018-04-26,2.69701,2.11086,1.43329,1.92732,5.74213
2018-04-27,2.69868,2.11148,1.43351,1.92792,5.74922
2018-04-30,2.67953,2.10438,1.43097,1.92107,5.66764
2018-05-01,2.71017,2.11582,1.43506,1.93206,5.79724
2018-05-02,2.69418,2.10992,1.43295,1.92636,5.72886
2018-05-03,2.69385,2.10979,1.4329,1.92624,5.72745
2018-05-04,2.74496,2.12877,1.43971,1.94453,5.94479
2018-05-07,2.7564,2.13294,1.44121,1.94859,5.99434
2018-05-08,2.7564,2.13294,1.44121,1.94859,5.99434
2018-05-09,2.7564,2.13294,1.44121,1.94859,5.99434
2018-05-10,2.7564,2.13294,1.44121,1.94859,5.99434
2018-05-11,2.7564,2.13294,1.44121,1.94859,5.99434
2018-05-14,2.7564,2.13294,1.44121,1.94859,5.99434
2018-05-15,2.7564,2.13294,1.44121,1.94859,5.99434
2018-05-16,2.7564,2.13294,1.44121,1.94859,5.99434
2018-05-17,2.7564,2.13294,1.44121,1.94859,5.99434
2018-05-18,2.7564,2.13294,1.44121,1.94859,5.99434
2018-05-21,2.7564,2.13294,1.44121,1.94859,5.99434
2018-05-22,2.7564,2.13294,1.44121,1.94859,5.99434
2018-05-23,2.7564,2.13294,1.44121,1.94859,5.99434
2018-05-24,2.7564,2.13294,1.44121,1.94859,5.99434
2018-05-25,2.7564,2.13294,1.44121,1.94859,5.99434
2018-05-29,2.7564,2.13294,1.44121,1.94859,5.99434
2018-05-30,2.7564,2.13294,1.44121,1.94859,5.99434
2018-05-31,2.7564,2.13294,1.44121,1.94859,5.99434
2018-06-01,2.7564,2.13294,1.44121,1.94859,5.99434
2018-06-04,2.7564,2.13294,1.44121,1.94859,5.99434
2018-06-05,2.7564,2.13294,1.44121,1.94859,5.99434
2018-06-06,2.7564,2.13294,1.44121,1.94859,5.99434
2018-06-07,2.7564,2.13294,1.44121,1.94859,5.99434
2018-06-08,2.7564,2.13294,1.44121,1.94859,5.99434
2018-06-11,2.7564,2.13294,1.44121,1.94859,5.99434
2018-06-12,2.7564,2.13294,1.44121,1.94859,5.99434
2018-06-13,2.7564,2.13294,1.44121,1.94859,5.99434
2018-06-14,2.7564,2.13294,1.44121,1.94859,5.99434
2018-06-15,2.7564,2.13294,1.44121,1.94859,5.99434
2018-06-18,2.7564,2.13294,1.44121,1.94859,5.99434
2018-06-19,2.7564,2.13294,1.44121,1.94859,5.99434
2018-06-20,2.7564,2.13294,1.44121,1.94859,5.99434
2018-06-21,2.7564,2.13294,1.44121,1.94859,5.99434
2018-06-22,2.7564,2.13294,1.44121,1.94859,5.99434
2018-06-25,2.7564,2.13294,1.44121,1.94859,5.99434
2018-06-26,2.75615,2.13284,1.44116,1.94845,5.99323
2018-06-27,2.71867,2.11924,1.43354,1.92786,5.83022
2018-06-28,2.74205,2.12785,1.43833,1.94075,5.93052
2018-06-29,2.74942,2.13053,1.43983,1.9448,5.9624
2018-07-02,2.76784,2.13723,1.44358,1.95492,6.04229
2018-07-03,2.73581,2.12566,1.43709,1.93734,5.90242
2018-07-05,2.76976,2.13807,1.44402,1.95603,6.04895
2018-07-06,2.81285,2.15363,1.45275,1.97967,6.23714
2018-07-09,2.82601,2.15831,1.45539,1.98687,6.29552
2018-07-10,2.82601,2.15831,1.45539,1.98687,6.29552
2018-07-11,2.82601,2.15831,1.45539,1.98687,6.29552
2018-07-12,2.82601,2.15831,1.45539,1.98687,6.29552
2018-07-13,2.82601,2.15831,1.45539,1.98687,6.29552
2018-07-16,2.82601,2.15831,1.45539,1.98687,6.29552
2018-07-17,2.82601,2.15831,1.45539,1.98687,6.29552
2018-07-18,2.82601,2.15831,1.45539,1.98687,6.29552
2018-07-19,2.82601,2.15831,1.45539,1.98687,6.29552
2018-07-20,2.82601,2.15831,1.45539,1.98687,6.29552
2018-07-23,2.82601,2.15831,1.45539,1.98687,6.29552
2018-07-24,2.82601,2.15831,1.45539,1.98687,6.29552
2018-07-25,2.82601,2.15831,1.45539,1.98687,6.29552
2018-07-26,2.82601,2.15831,1.45539,1.98687,6.29552
2018-07-27,2.82601,2.15831,1.45539,1.98687,6.29552
2018-07-30,2.82601,2.15831,1.45539,1.98687,6.29552
2018-07-31,2.83504,2.1615,1.4571,1.99154,6.33575
2018-08-01,2.84581,2.1653,1.45913,1.99709,6.38387
2018-08-02,2.82431,2.15775,1.45508,1.98601,6.28742
2018-08-03,2.82431,2.15775,1.45508,1.98601,6.28742
2018-08-06,2.82431,2.15775,1.45508,1.98601,6.28742
2018-08-07,2.82431,2.15775,1.45508,1.98601,6.28742
2018-08-08,2.82431,2.15775,1.45508,1.98601,6.28742
2018-08-09,2.82431,2.15775,1.45508,1.98601,6.28742
2018-08-10,2.82431,2.15775,1.45508,1.98601,6.28742
2018-08-13,2.82431,2.15775,1.45508,1.98601,6.28742
2018-08-14,2.82976,2.15968,1.45634,1.98944,6.31169
2018-08-15,2.79514,2.14744,1.44837,1.96766,6.15724
2018-08-16,2.80434,2.15073,1.4505,1.97346,6.19779
2018-08-17,2.80497,2.15095,1.45065,1.97385,6.20054
2018-08-20,2.80247,2.15007,1.45007,1.97228,6.18951
2018-08-21,2.81276,2.15374,1.45245,1.97876,6.23497
2018-08-22,2.82368,2.15762,1.45497,1.98563,6.28337
2018-08-23,2.81728,2.15535,1.4535,1.9816,6.25489
2018-08-24,2.81728,2.15535,1.4535,1.9816,6.25489
2018-08-27,2.81728,2.15535,1.4535,1.9816,6.25489
2018-08-28,2.81728,2.15535,1.4535,1.9816,6.25489
2018-08-29,2.81728,2.15535,1.4535,1.9816,6.25489
2018-08-30,2.81728,2.15535,1.4535,1.9816,6.25489
2018-08-31,2.81728,2.15535,1.4535,1.9816,6.25489
2018-09-04,2.81728,2.15535,1.4535,1.9816,6.25489
2018-09-05,2.81728,2.15535,1.4535,1.9816,6.25489
2018-09-06,2.78948,2.14549,1.44656,1.96268,6.13146
2018-09-07,2.77875,2.14164,1.44386,1.95537,6.08425
2018-09-10,2.7881,2.145,1.44621,1.96174,6.12523
2018-09-11,2.80958,2.15271,1.45161,1.97637,6.21961
2018-09-12,2.8013,2.14976,1.44953,1.97073,6.18293
2018-09-13,2.83122,2.16044,1.45703,1.9911,6.315
2018-09-14,2.82293,2.15751,1.45496,1.98546,6.27805
2018-09-17,2.78227,2.14311,1.44482,1.95778,6.0972
2018-09-18,2.80529,2.15138,1.45061,1.97346,6.19807
2018-09-19,2.80314,2.15062,1.45007,1.97199,6.18858
2018-09-20,2.83413,2.16167,1.45783,1.9931,6.32542
2018-09-21,2.81864,2.15621,1.45397,1.98255,6.25625
2018-09-24,2.82648,2.15899,1.45593,1.98789,6.29105
2018-09-25,2.83032,2.16035,1.45688,1.9905,6.30815
2018-09-26,2.83136,2.16071,1.45714,1.99121,6.3128
2018-09-27,2.83136,2.16071,1.45714,1.99121,6.3128
2018-09-28,2.83136,2.16071,1.45714,1.99121,6.3128
2018-10-01,2.83136,2.16071,1.45714,1.99121,6.3128
2018-10-02,2.83136,2.16071,1.45714,1.99121,6.3128
2018-10-03,2.83136,2.16071,1.45714,1.99121,6.3128
2018-10-04,2.83136,2.16071,1.45714,1.99121,6.3128
2018-10-05,2.79565,2.1481,1.44937,1.96995,6.15356
2018-10-08,2.77858,2.142,1.44562,1.95977,6.07841
2018-10-09,2.78758,2.14523,1.4476,1.96514,6.11779
2018-10-10,2.66498,2.10126,1.42066,1.89199,5.57968
2018-10-11,2.63193,2.08885,1.4132,1.87212,5.44126
2018-10-12,2.70518,2.11668,1.42984,1.91622,5.74413
2018-10-15,2.67243,2.10458,1.42252,1.89659,5.60507
2018-10-16,2.75018,2.13367,1.44003,1.9433,5.9312
2018-10-17,2.75127,2.13407,1.44028,1.94395,5.93589
2018-10-18,2.68748,2.11088,1.42614,1.9058,5.66067
2018-10-19,2.685,2.10996,1.42559,1.90431,5.65021
2018-10-22,2.69881,2.1151,1.42869,1.9126,5.70834
2018-10-23,2.68888,2.11142,1.42646,1.90664,5.66632
2018-10-24,2.56582,2.06566,1.39883,1.83278,5.14767
2018-10-25,2.65459,2.10025,1.41932,1.88645,5.50384
2018-10-26,2.58631,2.07453,1.40386,1.84538,5.2207
2018-10-29,2.62457,2.08932,1.41265,1.86848,5.37516
2018-10-30,2.62457,2.08932,1.41265,1.86848,5.37516
2018-10-31,2.62457,2.08932,1.41265,1.86848,5.37516
2018-11-01,2.62457,2.08932,1.41265,1.86848,5.37516
2018-11-02,2.62457,2.08932,1.41265,1.86848,5.37516
2018-11-05,2.62457,2.08932,1.41265,1.86848,5.37516
2018-11-06,2.62457,2.08932,1.41265,1.86848,5.37516
2018-11-07,2.62457,2.08932,1.41265,1.86848,5.37516
2018-11-08,2.62457,2.08932,1.41265,1.86848,5.37516
2018-11-09,2.62457,2.08932,1.41265,1.86848,5.37516
2018-11-12,2.62457,2.08932,1.41265,1.86848,5.37516
2018-11-13,2.62457,2.08932,1.41265,1.86848,5.37516
2018-11-14,2.62457,2.08932,1.41265,1.86848,5.37516
2018-11-15,2.62457,2.08932,1.41265,1.86848,5.37516
2018-11-16,2.62457,2.08932,1.41265,1.86848,5.37516
2018-11-19,2.62457,2.08932,1.41265,1.86848,5.37516
2018-11-20,2.62457,2.08932,1.41265,1.86848,5.37516
2018-11-21,2.62457,2.08932,1.41265,1.86848,5.37516
2018-11-23,2.62457,2.08932,1.41265,1.86848,5.37516
2018-11-26,2.62457,2.08932,1.41265,1.86848,5.37516
2018-11-27,2.62457,2.08932,1.41265,1.86848,5.37516
2018-11-28,2.62457,2.08932,1.41265,1.86848,5.37516
2018-11-29,2.62457,2.08932,1.41265,1.86848,5.37516
2018-11-30,2.62457,2.08932,1.41265,1.86848,5.37516
2018-12-03,2.62457,2.08932,1.41265,1.86848,5.37516
2018-12-04,2.62457,2.08932,1.41265,1.86848,5.37516
2018-12-06,2.62457,2.08932,1.41265,1.86848,5.37516
2018-12-07,2.62457,2.08932,1.41265,1.86848,5.37516
2018-12-10,2.62457,2.08932,1.41265,1.86848,5.37516
2018-12-11,2.62457,2.08932,1.41265,1.86848,5.37516
2018-12-12,2.62457,2.08932,1.41265,1.86848,5.37516
2018-12-13,2.62457,2.08932,1.41265,1.86848,5.37516
2018-12-14,2.62457,2.08932,1.41265,1.86848,5.37516
2018-12-17,2.62457,2.08932,1.41265,1.86848,5.37516
2018-12-18,2.62457,2.08932,1.41265,1.86848,5.37516
2018-12-19,2.62457,2.08932,1.41265,1.86848,5.37516
2018-12-20,2.62457,2.08932,1.41265,1.86848,5.37516
2018-12-21,2.62457,2.08932,1.41265,1.86848,5.37516
2018-12-24,2.62457,2.08932,1.41265,1.86848,5.37516
2018-12-26,2.62457,2.08932,1.41265,1.86848,5.37516
2018-12-27,2.62457,2.08932,1.41265,1.86848,5.37516
2018-12-28,2.62457,2.08932,1.41265,1.86848,5.37516
2018-12-31,2.62457,2.08932,1.41265,1.86848,5.37516
2019-01-02,2.62457,2.08932,1.41265,1.86848,5.37516
2019-01-03,2.62457,2.08932,1.41265,1.86848,5.37516
2019-01-04,2.62457,2.08932,1.41265,1.86848,5.37516
2019-01-07,2.62457,2.08932,1.41265,1.86848,5.37516
2019-01-08,2.62457,2.08932,1.41265,1.86848,5.37516
2019-01-09,2.62457,2.08932,1.41265,1.86848,5.37516
2019-01-10,2.62457,2.08932,1.41265,1.86848,5.37516
2019-01-11,2.62457,2.08932,1.41265,1.86848,5.37516
2019-01-14,2.62457,2.08932,1.41265,1.86848,5.37516
2019-01-15,2.62457,2.08932,1.41265,1.86848,5.37516
2019-01-16,2.62457,2.08932,1.41265,1.86848,5.37516
2019-01-17,2.62457,2.08932,1.41265,1.86848,5.37516
2019-01-18,2.62457,2.08932,1.41265,1.86848,5.37516
2019-01-22,2.62457,2.08932,1.41265,1.86848,5.37516
2019-01-23,2.62457,2.08932,1.41265,1.86848,5.37516
2019-01-24,2.62457,2.08932,1.41265,1.86848,5.37516
2019-01-25,2.62457,2.08932,1.41265,1.86848,5.37516
2019-01-28,2.62457,2.08932,1.41265,1.86848,5.37516
2019-01-29,2.62457,2.08932,1.41265,1.86848,5.37516
2019-01-30,2.62457,2.08932,1.41265,1.86848,5.37516
2019-01-31,2.62457,2.08932,1.41265,1.86848,5.37516
2019-02-01,2.62457,2.08932,1.41265,1.86848,5.37516
2019-02-04,2.62457,2.08932,1.41265,1.86848,5.37516
2019-02-05,2.62457,2.08932,1.41265,1.86848,5.37516
2019-02-06,2.62457,2.08932,1.41265,1.86848,5.37516
2019-02-07,2.62457,2.08932,1.41265,1.86848,5.37516
2019-02-08,2.62457,2.08932,1.41265,1.86848,5.37516
2019-02-11,2.62457,2.08932,1.41265,1.86848,5.37516
2019-02-12,2.62457,2.08932,1.41265,1.86848,5.37516
2019-02-13,2.62457,2.08932,1.41265,1.86848,5.37516
2019-02-14,2.62457,2.08932,1.41265,1.86848,5.37516
2019-02-15,2.62457,2.08932,1.41265,1.86848,5.37516
2019-02-19,2.62457,2.08932,1.41265,1.86848,5.37516
2019-02-20,2.62457,2.08932,1.41265,1.86848,5.37516
2019-02-21,2.62457,2.08932,1.41265,1.86848,5.37516
2019-02-22,2.62457,2.08932,1.41265,1.86848,5.37516
2019-02-25,2.62457,2.08932,1.41265,1.86848,5.37516
2019-02-26,2.62457,2.08932,1.41265,1.86848,5.37516
2019-02-27,2.62457,2.08932,1.41265,1.86848,5.37516
2019-02-28,2.62457,2.08932,1.41265,1.86848,5.37516
2019-03-01,2.62457,2.08932,1.41265,1.86848,5.37516
2019-03-04,2.62457,2.08932,1.41265,1.86848,5.37516
2019-03-05,2.62457,2.08932,1.41265,1.86848,5.37516
2019-03-06,2.62457,2.08932,1.41265,1.86848,5.37516
2019-03-07,2.62457,2.08932,1.41265,1.86848,5.37516
2019-03-08,2.62457,2.08932,1.41265,1.86848,5.37516
2019-03-11,2.62457,2.08932,1.41265,1.86848,5.37516
2019-03-12,2.62457,2.08932,1.41265,1.86848,5.37516
2019-03-13,2.62457,2.08932,1.41265,1.86848,5.37516
2019-03-14,2.62457,2.08932,1.41265,1.86848,5.37516
2019-03-15,2.62457,2.08932,1.41265,1.86848,5.37516
2019-03-18,2.62457,2.08932,1.41265,1.86848,5.37516
2019-03-19,2.62457,2.08932,1.41265,1.86848,5.37516
2019-03-20,2.62457,2.08932,1.41265,1.86848,5.37516
2019-03-21,2.62457,2.08932,1.41265,1.86848,5.37516
2019-03-22,2.62457,2.08932,1.41265,1.86848,5.37516
2019-03-25,2.62457,2.08932,1.41265,1.86848,5.37516
2019-03-26,2.62457,2.08932,1.41265,1.86848,5.37516
2019-03-27,2.62457,2.08932,1.41265,1.86848,5.37516
2019-03-28,2.62457,2.08932,1.41265,1.86848,5.37516
2019-03-29,2.62457,2.08932,1.41265,1.86848,5.37516
2019-04-01,2.62457,2.08932,1.41265,1.86848,5.37516
2019-04-02,2.62457,2.08932,1.41265,1.86848,5.37516
2019-04-03,2.62457,2.08932,1.41265,1.86848,5.37516
2019-04-04,2.62457,2.08932,1.41265,1.86848,5.37516
2019-04-05,2.62457,2.08932,1.41265,1.86848,5.37516
2019-04-08,2.62457,2.08932,1.41265,1.86848,5.37516
2019-04-09,2.62457,2.08932,1.41265,1.86848,5.37516
2019-04-10,2.62457,2.08932,1.41265,1.86848,5.37516
2019-04-11,2.62457,2.08932,1.41265,1.86848,5.37516
2019-04-12,2.62457,2.08932,1.41265,1.86848,5.37516
2019-04-15,2.62457,2.08932,1.41265,1.86848,5.37516
2019-04-16,2.62457,2.08932,1.41265,1.86848,5.37516
2019-04-17,2.62457,2.08932,1.41265,1.86848,5.37516
2019-04-18,2.62457,2.08932,1.41265,1.86848,5.37516
2019-04-22,2.62457,2.08932,1.41265,1.86848,5.37516
2019-04-23,2.62457,2.08932,1.41265,1.86848,5.37516
2019-04-24,2.62457,2.08932,1.41265,1.86848,5.37516
2019-04-25,2.62457,2.08932,1.41265,1.86848,5.37516
2019-04-26,2.62457,2.08932,1.41265,1.86848,5.37516
2019-04-29,2.62457,2.08932,1.41265,1.86848,5.37516
2019-04-30,2.62457,2.08932,1.41265,1.86848,5.37516
2019-05-01,2.62457,2.08932,1.41265,1.86848,5.37516
2019-05-02,2.6127,2.0848,1.40932,1.86004,5.32655
2019-05-03,2.65436,2.10075,1.42105,1.8897,5.49645
2019-05-06,2.63812,2.09463,1.41651,1.87813,5.42915
2019-05-07,2.60806,2.08323,1.40809,1.85673,5.30544
2019-05-08,2.60872,2.08349,1.40823,1.8571,5.30814
2019-05-09,2.59468,2.07811,1.40528,1.84932,5.25099
2019-05-10,2.58412,2.07404,1.40305,1.84347,5.20824
2019-05-13,2.58412,2.07404,1.40305,1.84347,5.20824
2019-05-14,2.5975,2.07921,1.40527,1.84929,5.26219
2019-05-15,2.63419,2.09334,1.41132,1.86521,5.41084
2019-05-16,2.63402,2.09328,1.41129,1.86514,5.41016
2019-05-17,2.63402,2.09328,1.41129,1.86514,5.41016
2019-05-20,2.63402,2.09328,1.41129,1.86514,5.41016
2019-05-21,2.63402,2.09328,1.41129,1.86514,5.41016
2019-05-22,2.63402,2.09328,1.41129,1.86514,5.41016
2019-05-23,2.63402,2.09328,1.41129,1.86514,5.41016
2019-05-24,2.61728,2.08692,1.40859,1.85799,5.34138
2019-05-28,2.60744,2.08316,1.40699,1.85377,5.30121
2019-05-29,2.58599,2.07493,1.4035,1.84458,5.21399
2019-05-30,2.59686,2.07914,1.40528,1.84925,5.25784
2019-05-31,2.55543,2.06318,1.39852,1.83146,5.09007
2019-06-03,2.49917,2.04117,1.38924,1.80715,4.86593
2019-06-04,2.56954,2.06932,1.40103,1.83783,5.13995
2019-06-05,2.58863,2.07676,1.40417,1.84607,5.21635
2019-06-06,2.6092,2.0847,1.40753,1.85491,5.29924
2019-06-07,2.65959,2.10401,1.41573,1.87651,5.50392
2019-06-10,2.67603,2.11019,1.41837,1.88351,5.57195
2019-06-11,2.67603,2.11019,1.41837,1.88351,5.57195
2019-06-12,2.67603,2.11019,1.41837,1.88351,5.57195
2019-06-13,2.67603,2.11019,1.41837,1.88351,5.57195
2019-06-14,2.67603,2.11019,1.41837,1.88351,5.57195
2019-06-17,2.67603,2.11019,1.41837,1.88351,5.57195
2019-06-18,2.67603,2.11019,1.41837,1.88351,5.57195
2019-06-19,2.67603,2.11019,1.41837,1.88351,5.57195
2019-06-20,2.67603,2.11019,1.41837,1.88351,5.57195
2019-06-21,2.67603,2.11019,1.41837,1.88351,5.57195
2019-06-24,2.67603,2.11019,1.41837,1.88351,5.57195
2019-06-25,2.67603,2.11019,1.41837,1.88351,5.57195
2019-06-26,2.66937,2.10771,1.41707,1.88006,5.54424
2019-06-27,2.67957,2.11153,1.41906,1.88535,5.58662
2019-06-28,2.68302,2.11281,1.41973,1.88713,5.60099
2019-07-01,2.71923,2.12631,1.42678,1.90587,5.75217
2019-07-02,2.73,2.13027,1.42886,1.91142,5.79775
2019-07-03,2.75055,2.1378,1.43281,1.922,5.88502
2019-07-05,2.73036,2.13046,1.42895,1.91162,5.79863
2019-07-08,2.73036,2.13046,1.42895,1.91162,5.79863
2019-07-09,2.73036,2.13046,1.42895,1.91162,5.79863
2019-07-10,2.73036,2.13046,1.42895,1.91162,5.79863
2019-07-11,2.73036,2.13046,1.42895,1.91162,5.79863
2019-07-12,2.73036,2.13046,1.42895,1.91162,5.79863
2019-07-15,2.73036,2.13046,1.42895,1.91162,5.79863
2019-07-16,2.73036,2.13046,1.42895,1.91162,5.79863
2019-07-17,2.73036,2.13046,1.42895,1.91162,5.79863
2019-07-18,2.73036,2.13046,1.42895,1.91162,5.79863
2019-07-19,2.73036,2.13046,1.42895,1.91162,5.79863
2019-07-22,2.74454,2.13565,1.43242,1.92091,5.85883
2019-07-23,2.7625,2.14219,1.4368,1.93267,5.93552
2019-07-24,2.75057,2.13788,1.4339,1.92487,5.88427
2019-07-25,2.75057,2.13788,1.4339,1.92487,5.88427
2019-07-26,2.75057,2.13788,1.4339,1.92487,5.88427
2019-07-29,2.75057,2.13788,1.4339,1.92487,5.88427
2019-07-30,2.75057,2.13788,1.4339,1.92487,5.88427
2019-07-31,2.75057,2.13788,1.4339,1.92487,5.88427
2019-08-01,2.73082,2.13069,1.42947,1.91297,5.79975
2019-08-02,2.6906,2.11597,1.42041,1.88872,5.62893
2019-08-05,2.59553,2.08063,1.39881,1.83129,5.23114
2019-08-06,2.63187,2.09463,1.40724,1.85335,5.3776
2019-08-07,2.64608,2.10003,1.41051,1.86197,5.4357
2019-08-08,2.65667,2.10404,1.41294,1.86838,5.47921
2019-08-09,2.65667,2.10404,1.41294,1.86838,5.47921
2019-08-12,2.65667,2.10404,1.41294,1.86838,5.47921
2019-08-13,2.65667,2.10404,1.41294,1.86838,5.47921
2019-08-14,2.65667,2.10404,1.41294,1.86838,5.47921
2019-08-15,2.65667,2.10404,1.41294,1.86838,5.47921
2019-08-16,2.65667,2.10404,1.41294,1.86838,5.47921
2019-08-19,2.65667,2.10404,1.41294,1.86838,5.47921
2019-08-20,2.65667,2.10404,1.41294,1.86838,5.47921
2019-08-21,2.65667,2.10404,1.41294,1.86838,5.47921
2019-08-22,2.65667,2.10404,1.41294,1.86838,5.47921
2019-08-23,2.65667,2.10404,1.41294,1.86838,5.47921
2019-08-26,2.66515,2.10723,1.41413,1.87154,5.51419
2019-08-27,2.65953,2.10512,1.41334,1.86945,5.49091
2019-08-28,2.66905,2.1087,1.41468,1.87299,5.53021
2019-08-29,2.70985,2.12399,1.4204,1.88814,5.69933
2019-08-30,2.72306,2.12886,1.42223,1.893,5.75486
2019-09-03,2.72306,2.12886,1.42223,1.893,5.75486
2019-09-04,2.72306,2.12886,1.42223,1.893,5.75486
2019-09-05,2.72306,2.12886,1.42223,1.893,5.75486
2019-09-06,2.72306,2.12886,1.42223,1.893,5.75486
2019-09-09,2.72306,2.12886,1.42223,1.893,5.75486
2019-09-10,2.72306,2.12886,1.42223,1.893,5.75486
2019-09-11,2.72306,2.12886,1.42223,1.893,5.75486
2019-09-12,2.72306,2.12886,1.42223,1.893,5.75486
2019-09-13,2.72306,2.12886,1.42223,1.893,5.75486
2019-09-16,2.72306,2.12886,1.42223,1.893,5.75486
2019-09-17,2.72306,2.12886,1.42223,1.893,5.75486
2019-09-18,2.72306,2.12886,1.42223,1.893,5.75486
2019-09-19,2.72306,2.12886,1.42223,1.893,5.75486
2019-09-20,2.72306,2.12886,1.42223,1.893,5.75486
2019-09-23,2.7237,2.12909,1.42236,1.89334,5.75757
2019-09-24,2.68752,2.11581,1.41518,1.87423,5.60463
2019-09-25,2.71769,2.12704,1.42122,1.89022,5.73046
2019-09-26,2.70768,2.12336,1.41923,1.88493,5.68825
2019-09-27,2.67408,2.11095,1.41254,1.86715,5.54708
2019-09-30,2.69953,2.12046,1.41765,1.88066,5.65266
2019-10-01,2.67752,2.11231,1.41325,1.869,5.56046
2019-10-02,2.63148,2.09511,1.40401,1.84456,5.36924
2019-10-03,2.66036,2.10609,1.40987,1.85996,5.4871
2019-10-04,2.69953,2.12081,1.41776,1.88078,5.6487
2019-10-07,2.69047,2.11746,1.41595,1.87597,5.61076
2019-10-08,2.69047,2.11746,1.41595,1.87597,5.61076
2019-10-09,2.69047,2.11746,1.41595,1.87597,5.61076
2019-10-10,2.69047,2.11746,1.41595,1.87597,5.61076
2019-10-11,2.69047,2.11746,1.41595,1.87597,5.61076
2019-10-14,2.69047,2.11746,1.41595,1.87597,5.61076
2019-10-15,2.69047,2.11746,1.41595,1.87597,5.61076
2019-10-16,2.69047,2.11746,1.41595,1.87597,5.61076
2019-10-17,2.69047,2.11746,1.41595,1.87597,5.61076
2019-10-18,2.69047,2.11746,1.41595,1.87597,5.61076
2019-10-21,2.69047,2.11746,1.41595,1.87597,5.61076
2019-10-22,2.69047,2.11746,1.41595,1.87597,5.61076
2019-10-23,2.69047,2.11746,1.41595,1.87597,5.61076
2019-10-24,2.69047,2.11746,1.41595,1.87597,5.61076
2019-10-25,2.69047,2.11746,1.41595,1.87597,5.61076
2019-10-28,2.69047,2.11746,1.41595,1.87597,5.61076
2019-10-29,2.69047,2.11746,1.41595,1.87597,5.61076
2019-10-30,2.69047,2.11746,1.41595,1.87597,5.61076
2019-10-31,2.69047,2.11746,1.41595,1.87597,5.61076
2019-11-01,2.69047,2.11746,1.41595,1.87597,5.61076
2019-11-04,2.69047,2.11746,1.41595,1.87597,5.61076
2019-11-05,2.69047,2.11746,1.41595,1.87597,5.61076
2019-11-06,2.69047,2.11746,1.41595,1.87597,5.61076
2019-11-07,2.69047,2.11746,1.41595,1.87597,5.61076
2019-11-08,2.69047,2.11746,1.41595,1.87597,5.61076
2019-11-11,2.69047,2.11746,1.41595,1.87597,5.61076
2019-11-12,2.69047,2.11746,1.41595,1.87597,5.61076
2019-11-13,2.69047,2.11746,1.41595,1.87597,5.61076
2019-11-14,2.69047,2.11746,1.41595,1.87597,5.61076
2019-11-15,2.69047,2.11746,1.41595,1.87597,5.61076
2019-11-18,2.69047,2.11746,1.41595,1.87597,5.61076
2019-11-19,2.69047,2.11746,1.41595,1.87597,5.61076
2019-11-20,2.69047,2.11746,1.41595,1.87597,5.61076
2019-11-21,2.69047,2.11746,1.41595,1.87597,5.61076
2019-11-22,2.69047,2.11746,1.41595,1.87597,5.61076
2019-11-25,2.69047,2.11746,1.41595,1.87597,5.61076
2019-11-26,2.69047,2.11746,1.41595,1.87597,5.61076
2019-11-27,2.69047,2.11746,1.41595,1.87597,5.61076
2019-11-29,2.69047,2.11746,1.41595,1.87597,5.61076
2019-12-02,2.69047,2.11746,1.41595,1.87597,5.61076
2019-12-03,2.69047,2.11746,1.41595,1.87597,5.61076
2019-12-04,2.68899,2.11691,1.41555,1.87494,5.6046
2019-12-05,2.6943,2.11888,1.417,1.87865,5.62675
2019-12-06,2.72313,2.12958,1.4249,1.89875,5.74714
2019-12-09,2.71078,2.12504,1.42153,1.89013,5.695
2019-12-10,2.70852,2.12421,1.42091,1.88856,5.68551
2019-12-11,2.72286,2.12951,1.42483,1.89856,5.74574
2019-12-12,2.74319,2.13697,1.43037,1.91273,5.83151
2019-12-13,2.74035,2.13594,1.4296,1.91076,5.81947
2019-12-16,2.74035,2.13594,1.4296,1.91076,5.81947
2019-12-17,2.74035,2.13594,1.4296,1.91076,5.81947
2019-12-18,2.74035,2.13594,1.4296,1.91076,5.81947
2019-12-19,2.74035,2.13594,1.4296,1.91076,5.81947
2019-12-20,2.74035,2.13594,1.4296,1.91076,5.81947
2019-12-23,2.74035,2.13594,1.4296,1.91076,5.81947
2019-12-24,2.74035,2.13594,1.4296,1.91076,5.81947
2019-12-26,2.74035,2.13594,1.4296,1.91076,5.81947
2019-12-27,2.74035,2.13594,1.4296,1.91076,5.81947
2019-12-30,2.74035,2.13594,1.4296,1.91076,5.81947
2019-12-31,2.74035,2.13594,1.4296,1.91076,5.81947
2020-01-02,2.74035,2.13594,1.4296,1.91076,5.81947
2020-01-03,2.74035,2.13594,1.4296,1.91076,5.81947
2020-01-06,2.74035,2.13594,1.4296,1.91076,5.81947
2020-01-07,2.74035,2.13594,1.4296,1.91076,5.81947
2020-01-08,2.74035,2.13594,1.4296,1.91076,5.81947
2020-01-09,2.74035,2.13594,1.4296,1.91076,5.81947
2020-01-10,2.74035,2.13594,1.4296,1.91076,5.81947
2020-01-13,2.74035,2.13594,1.4296,1.91076,5.81947
2020-01-14,2.74035,2.13594,1.4296,1.91076,5.81947
2020-01-15,2.74035,2.13594,1.4296,1.91076,5.81947
2020-01-16,2.74035,2.13594,1.4296,1.91076,5.81947
2020-01-17,2.74035,2.13594,1.4296,1.91076,5.81947
2020-01-21,2.74035,2.13594,1.4296,1.91076,5.81947
2020-01-22,2.74035,2.13594,1.4296,1.91076,5.81947
2020-01-23,2.74035,2.13594,1.4296,1.91076,5.81947
2020-01-24,2.74035,2.13594,1.4296,1.91076,5.81947
2020-01-27,2.74035,2.13594,1.4296,1.91076,5.81947
2020-01-28,2.76156,2.14368,1.43484,1.92477,5.90952
2020-01-29,2.77551,2.14873,1.43827,1.93398,5.96922
2020-01-30,2.77551,2.14873,1.43827,1.93398,5.96922
2020-01-31,2.77551,2.14873,1.43827,1.93398,5.96922
2020-02-03,2.77551,2.14873,1.43827,1.93398,5.96922
2020-02-04,2.77551,2.14873,1.43827,1.93398,5.96922
2020-02-05,2.77551,2.14873,1.43827,1.93398,5.96922
2020-02-06,2.77551,2.14873,1.43827,1.93398,5.96922
2020-02-07,2.77551,2.14873,1.43827,1.93398,5.96922
2020-02-10,2.77551,2.14873,1.43827,1.93398,5.96922
2020-02-11,2.77551,2.14873,1.43827,1.93398,5.96922
2020-02-12,2.77551,2.14873,1.43827,1.93398,5.96922
2020-02-13,2.77551,2.14873,1.43827,1.93398,5.96922
2020-02-14,2.77551,2.14873,1.43827,1.93398,5.96922
2020-02-18,2.77551,2.14873,1.43827,1.93398,5.96922
2020-02-19,2.77551,2.14873,1.43827,1.93398,5.96922
2020-02-20,2.77551,2.14873,1.43827,1.93398,5.96922
2020-02-21,2.77551,2.14873,1.43827,1.93398,5.96922
2020-02-24,2.77049,2.14692,1.43732,1.93142,5.94764
2020-02-25,2.69516,2.11973,1.42299,1.89291,5.62419
2020-02-26,2.70905,2.12488,1.42568,1.90006,5.68216
2020-02-27,2.57339,2.07481,1.39951,1.8303,5.11311
2020-02-28,2.5754,2.07559,1.39991,1.83135,5.12106
2020-03-02,2.7083,2.12719,1.42639,1.90064,5.64959
2020-03-03,2.71557,2.12988,1.4278,1.90438,5.67995
2020-03-04,2.71557,2.12988,1.4278,1.90438,5.67995
2020-03-05,2.71557,2.12988,1.4278,1.90438,5.67995
2020-03-06,2.71557,2.12988,1.4278,1.90438,5.67995
2020-03-09,2.71557,2.12988,1.4278,1.90438,5.67995
2020-03-10,2.71557,2.12988,1.4278,1.90438,5.67995
2020-03-11,2.71557,2.12988,1.4278,1.90438,5.67995
2020-03-12,2.71557,2.12988,1.4278,1.90438,5.67995
2020-03-13,2.71557,2.12988,1.4278,1.90438,5.67995
2020-03-16,2.71557,2.12988,1.4278,1.90438,5.67995
2020-03-17,2.71557,2.12988,1.4278,1.90438,5.67995
2020-03-18,2.71557,2.12988,1.4278,1.90438,5.67995
2020-03-19,2.71557,2.12988,1.4278,1.90438,5.67995
2020-03-20,2.71557,2.12988,1.4278,1.90438,5.67995
2020-03-23,2.71557,2.12988,1.4278,1.90438,5.67995
2020-03-24,2.71557,2.12988,1.4278,1.90438,5.67995
2020-03-25,2.71557,2.12988,1.4278,1.90438,5.67995
2020-03-26,2.71557,2.12988,1.4278,1.90438,5.67995
2020-03-27,2.71557,2.12988,1.4278,1.90438,5.67995
2020-03-30,2.71557,2.12988,1.4278,1.90438,5.67995
2020-03-31,2.71557,2.12988,1.4278,1.90438,5.67995
2020-04-01,2.71557,2.12988,1.4278,1.90438,5.67995
2020-04-02,2.71557,2.12988,1.4278,1.90438,5.67995
2020-04-03,2.71557,2.12988,1.4278,1.90438,5.67995
2020-04-06,2.71557,2.12988,1.4278,1.90438,5.67995
2020-04-07,2.71557,2.12988,1.4278,1.90438,5.67995
2020-04-08,2.71557,2.12988,1.4278,1.90438,5.67995
2020-04-09,2.71557,2.12988,1.4278,1.90438,5.67995
2020-04-13,2.71557,2.12988,1.4278,1.90438,5.67995
2020-04-14,2.71557,2.12988,1.4278,1.90438,5.67995
2020-04-15,2.71557,2.12988,1.4278,1.90438,5.67995
2020-04-16,2.71557,2.12988,1.4278,1.90438,5.67995
2020-04-17,2.71557,2.12988,1.4278,1.90438,5.67995
2020-04-20,2.71557,2.12988,1.4278,1.90438,5.67995
2020-04-21,2.71557,2.12988,1.4278,1.90438,5.67995
2020-04-22,2.73849,2.13832,1.42943,1.90873,5.77581
2020-04-23,2.73265,2.13618,1.42901,1.90763,5.75117
2020-04-24,2.77574,2.15195,1.43206,1.91577,5.93257
2020-04-27,2.79807,2.16,1.43362,1.91994,6.028
2020-04-28,2.74537,2.14116,1.42997,1.91015,5.80093
2020-04-29,2.84272,2.17662,1.43683,1.92848,6.21235
2020-04-30,2.84155,2.17621,1.43675,1.92827,6.20724
2020-05-01,2.76146,2.14803,1.43127,1.91356,5.85734
2020-05-04,2.79365,2.15968,1.43353,1.9196,5.9939
2020-05-05,2.82533,2.17102,1.43573,1.92549,6.12981
2020-05-06,2.84649,2.17851,1.43718,1.92939,6.22163
2020-05-07,2.84649,2.17851,1.43718,1.92939,6.22163
2020-05-08,2.84649,2.17851,1.43718,1.92939,6.22163
2020-05-11,2.84649,2.17851,1.43718,1.92939,6.22163
2020-05-12,2.84649,2.17851,1.43718,1.92939,6.22163
2020-05-13,2.84649,2.17851,1.43718,1.92939,6.22163
2020-05-14,2.84649,2.17851,1.43718,1.92939,6.22163
2020-05-15,2.84649,2.17851,1.43718,1.92939,6.22163
2020-05-18,2.84649,2.17851,1.43718,1.92939,6.22163
2020-05-19,2.84649,2.17851,1.43718,1.92939,6.22163
2020-05-20,2.84649,2.17851,1.43718,1.92939,6.22163
2020-05-21,2.84649,2.17851,1.43718,1.92939,6.22163
2020-05-22,2.84649,2.17851,1.43718,1.92939,6.22163
2020-05-26,2.84649,2.17851,1.43718,1.92939,6.22163
2020-05-27,2.84649,2.17851,1.43718,1.92939,6.22163
2020-05-28,2.84649,2.17851,1.43718,1.92939,6.22163
2020-05-29,2.84649,2.17851,1.43718,1.92939,6.22163
2020-06-01,2.84649,2.17851,1.43718,1.92939,6.22163
2020-06-02,2.84649,2.17851,1.43718,1.92939,6.22163
2020-06-03,2.84649,2.17851,1.43718,1.92939,6.22163
2020-06-04,2.84649,2.17851,1.43718,1.92939,6.22163
2020-06-05,2.84649,2.17851,1.43718,1.92939,6.22163
2020-06-08,2.84649,2.17851,1.43718,1.92939,6.22163
2020-06-09,2.84649,2.17851,1.43718,1.92939,6.22163
2020-06-10,2.84649,2.17851,1.43718,1.92939,6.22163
2020-06-11,2.84649,2.17851,1.43718,1.92939,6.22163
2020-06-12,2.84649,2.17851,1.43718,1.92939,6.22163
2020-06-15,2.84649,2.17851,1.43718,1.92939,6.22163
2020-06-16,2.84649,2.17851,1.43718,1.92939,6.22163
2020-06-17,2.84649,2.17851,1.43718,1.92939,6.22163
2020-06-18,2.84649,2.17851,1.43718,1.92939,6.22163
2020-06-19,2.84649,2.17851,1.43718,1.92939,6.22163
2020-06-22,2.84649,2.17851,1.43718,1.92939,6.22163
2020-06-23,2.84649,2.17851,1.43718,1.92939,6.22163
2020-06-24,2.84649,2.17851,1.43718,1.92939,6.22163
2020-06-25,2.84649,2.17851,1.43718,1.92939,6.22163
2020-06-26,2.84649,2.17851,1.43718,1.92939,6.22163
2020-06-29,2.84649,2.17851,1.43718,1.92939,6.22163
2020-06-30,2.84649,2.17851,1.43718,1.92939,6.22163
2020-07-01,2.84649,2.17851,1.43718,1.92939,6.22163
2020-07-02,2.84649,2.17851,1.43718,1.92939,6.22163
2020-07-06,2.84649,2.17851,1.43718,1.92939,6.22163
2020-07-07,2.84649,2.17851,1.43718,1.92939,6.22163
2020-07-08,2.84649,2.17851,1.43718,1.92939,6.22163
2020-07-09,2.84649,2.17851,1.43718,1.92939,6.22163
2020-07-10,2.84649,2.17851,1.43718,1.92939,6.22163
2020-07-13,2.84649,2.17851,1.43718,1.92939,6.22163
2020-07-14,2.84649,2.17851,1.43718,1.92939,6.22163
2020-07-15,2.84649,2.17851,1.43718,1.92939,6.22163
2020-07-16,2.84649,2.17851,1.43718,1.92939,6.22163
2020-07-17,2.84649,2.17851,1.43718,1.92939,6.22163
2020-07-20,2.84649,2.17851,1.43718,1.92939,6.22163
2020-07-21,2.84649,2.17851,1.43718,1.92939,6.22163
2020-07-22,2.84649,2.17851,1.43718,1.92939,6.22163
2020-07-23,2.84649,2.17851,1.43718,1.92939,6.22163
2020-07-24,2.84649,2.17851,1.43718,1.92939,6.22163
2020-07-27,2.87669,2.18912,1.44056,1.93846,6.35368
2020-07-28,2.8663,2.18551,1.43941,1.93536,6.30778
2020-07-29,2.8663,2.18551,1.43941,1.93536,6.30778
2020-07-30,2.8663,2.18551,1.43941,1.93536,6.30778
2020-07-31,2.8663,2.18551,1.43941,1.93536,6.30778
2020-08-03,2.8663,2.18551,1.43941,1.93536,6.30778
2020-08-04,2.8663,2.18551,1.43941,1.93536,6.30778
2020-08-05,2.8663,2.18551,1.43941,1.93536,6.30778
2020-08-06,2.8663,2.18551,1.43941,1.93536,6.30778
2020-08-07,2.8663,2.18551,1.43941,1.93536,6.30778
2020-08-10,2.8663,2.18551,1.43941,1.93536,6.30778
2020-08-11,2.8663,2.18551,1.43941,1.93536,6.30778
2020-08-12,2.91244,2.20161,1.44559,1.95197,6.51083
2020-08-13,2.91908,2.20389,1.44647,1.95435,6.54052
2020-08-14,2.91565,2.20271,1.44601,1.95312,6.52516
2020-08-17,2.9495,2.21432,1.45049,1.96522,6.67669
2020-08-18,2.97789,2.22395,1.45421,1.9753,6.80522
2020-08-19,2.97598,2.2233,1.45396,1.97463,6.79645
2020-08-20,2.97598,2.2233,1.45396,1.97463,6.79645
2020-08-21,2.97598,2.2233,1.45396,1.97463,6.79645
2020-08-24,2.97598,2.2233,1.45396,1.97463,6.79645
2020-08-25,2.97598,2.2233,1.45396,1.97463,6.79645
2020-08-26,2.97598,2.2233,1.45396,1.97463,6.79645
2020-08-27,2.97598,2.2233,1.45396,1.97463,6.79645
2020-08-28,2.97598,2.2233,1.45396,1.97463,6.79645
2020-08-31,2.97598,2.2233,1.45396,1.97463,6.79645
2020-09-01,2.97598,2.2233,1.45396,1.97463,6.79645
2020-09-02,2.97598,2.2233,1.45396,1.97463,6.79645
2020-09-03,2.97598,2.2233,1.45396,1.97463,6.79645
2020-09-04,2.97598,2.2233,1.45396,1.97463,6.79645
2020-09-08,2.94968,2.21447,1.45126,1.9673,6.67637
2020-09-09,3.03633,2.24385,1.46022,1.99157,7.06862
2020-09-10,2.9758,2.22391,1.4541,1.9749,6.78676
2020-09-11,2.95515,2.21697,1.45198,1.96914,6.69257
2020-09-14,3.00661,2.23438,1.4573,1.98354,6.92567
2020-09-15,3.04923,2.24856,1.46163,1.99535,7.122
2020-09-16,3.05666,2.251,1.46238,1.99739,7.15671
2020-09-17,3.05666,2.251,1.46238,1.99739,7.15671
2020-09-18,3.05666,2.251,1.46238,1.99739,7.15671
2020-09-21,3.1138,2.26969,1.46717,2.01048,7.42426
2020-09-22,3.17165,2.28827,1.47195,2.02357,7.70013
2020-09-23,3.16622,2.28656,1.47151,2.02235,7.67379
2020-09-24,3.16622,2.28656,1.47151,2.02235,7.67379
2020-09-25,3.16622,2.28656,1.47151,2.02235,7.67379
2020-09-28,3.16622,2.28656,1.47151,2.02235,7.67379
2020-09-29,3.16622,2.28656,1.47151,2.02235,7.67379
2020-09-30,3.16622,2.28656,1.47151,2.02235,7.67379
2020-10-01,3.16622,2.28656,1.47151,2.02235,7.67379
2020-10-02,3.16622,2.28656,1.47151,2.02235,7.67379
2020-10-05,3.16622,2.28656,1.47151,2.02235,7.67379
2020-10-06,3.16622,2.28656,1.47151,2.02235,7.67379
2020-10-07,3.16622,2.28656,1.47151,2.02235,7.67379
2020-10-08,3.16622,2.28656,1.47151,2.02235,7.67379
2020-10-09,3.16622,2.28656,1.47151,2.02235,7.67379
2020-10-12,3.16622,2.28656,1.47151,2.02235,7.67379
2020-10-13,3.16622,2.28656,1.47151,2.02235,7.67379
2020-10-14,3.16622,2.28656,1.47151,2.02235,7.67379
2020-10-15,3.16622,2.28656,1.47151,2.02235,7.67379
2020-10-16,3.16622,2.28656,1.47151,2.02235,7.67379
2020-10-19,3.16622,2.28656,1.47151,2.02235,7.67379
2020-10-20,3.16297,2.28553,1.47118,2.02145,7.65803
2020-10-21,3.16052,2.28476,1.47093,2.02076,7.64618
2020-10-22,3.16041,2.28472,1.47092,2.02073,7.64564
2020-10-23,3.16664,2.28669,1.47155,2.02247,7.67577
2020-10-26,3.11915,2.2717,1.46673,2.00922,7.44557
2020-10-27,3.14351,2.2795,1.46923,2.01607,7.56184
2020-10-28,3.02095,2.24052,1.45671,1.98172,6.97222
2020-10-29,3.07378,2.258,1.46228,1.99686,7.21605
2020-10-30,2.99582,2.23264,1.45417,1.97473,6.85002
2020-11-02,3.00249,2.23487,1.45488,1.97665,6.88053
2020-11-03,3.05443,2.25217,1.46038,1.99159,7.11856
2020-11-04,3.19077,2.2968,1.47463,2.03045,7.75409
2020-11-05,3.26276,2.31937,1.4819,2.05048,8.10398
2020-11-06,3.26276,2.31937,1.4819,2.05048,8.10398
2020-11-09,3.26276,2.31937,1.4819,2.05048,8.10398
2020-11-10,3.26276,2.31937,1.4819,2.05048,8.10398
2020-11-11,3.26276,2.31937,1.4819,2.05048,8.10398
2020-11-12,3.26276,2.31937,1.4819,2.05048,8.10398
2020-11-13,3.26276,2.31937,1.4819,2.05048,8.10398
2020-11-16,3.26276,2.31937,1.4819,2.05048,8.10398
2020-11-17,3.26276,2.31937,1.4819,2.05048,8.10398
2020-11-18,3.26276,2.31937,1.4819,2.05048,8.10398
2020-11-19,3.26276,2.31937,1.4819,2.05048,8.10398
2020-11-20,3.26276,2.31937,1.4819,2.05048,8.10398
2020-11-23,3.26276,2.31937,1.4819,2.05048,8.10398
2020-11-24,3.26276,2.31937,1.4819,2.05048,8.10398
2020-11-25,3.26276,2.31937,1.4819,2.05048,8.10398
2020-11-27,3.26276,2.31937,1.4819,2.05048,8.10398
2020-11-30,3.26276,2.31937,1.4819,2.05048,8.10398
2020-12-01,3.26276,2.31937,1.4819,2.05048,8.10398
2020-12-02,3.26276,2.31937,1.4819,2.05048,8.10398
2020-12-03,3.26276,2.31937,1.4819,2.05048,8.10398
2020-12-04,3.26276,2.31937,1.4819,2.05048,8.10398
2020-12-07,3.26276,2.31937,1.4819,2.05048,8.10398
2020-12-08,3.26276,2.31937,1.4819,2.05048,8.10398
2020-12-09,3.26276,2.31937,1.4819,2.05048,8.10398
2020-12-10,3.29721,2.32992,1.48677,2.06395,8.27509
2020-12-11,3.28991,2.32771,1.48574,2.06111,8.23844
2020-12-14,3.30166,2.33128,1.48739,2.06569,8.29731
2020-12-15,3.30166,2.33128,1.48739,2.06569,8.29731
2020-12-16,3.30166,2.33128,1.48739,2.06569,8.29731
2020-12-17,3.30166,2.33128,1.48739,2.06569,8.29731
2020-12-18,3.30166,2.33128,1.48739,2.06569,8.29731
2020-12-21,3.30166,2.33128,1.48739,2.06569,8.29731
2020-12-22,3.30166,2.33128,1.48739,2.06569,8.29731
2020-12-23,3.30166,2.33128,1.48739,2.06569,8.29731
2020-12-24,3.30166,2.33128,1.48739,2.06569,8.29731
2020-12-28,3.30166,2.33128,1.48739,2.06569,8.29731
2020-12-29,3.30166,2.33128,1.48739,2.06569,8.29731
2020-12-30,3.30166,2.33128,1.48739,2.06569,8.29731
2020-12-31,3.30166,2.33128,1.48739,2.06569,8.29731
2021-01-04,3.30166,2.33128,1.48739,2.06569,8.29731
2021-01-05,3.33822,2.34236,1.49345,2.08251,8.48108
2021-01-06,3.29198,2.3285,1.48584,2.0613,8.24611
2021-01-07,3.31965,2.33691,1.49044,2.07404,8.38473
2021-01-08,3.31965,2.33691,1.49044,2.07404,8.38473
2021-01-11,3.31965,2.33691,1.49044,2.07404,8.38473
2021-01-12,3.31965,2.33691,1.49044,2.07404,8.38473
2021-01-13,3.31965,2.33691,1.49044,2.07404,8.38473
2021-01-14,3.31965,2.33691,1.49044,2.07404,8.38473
2021-01-15,3.31965,2.33691,1.49044,2.07404,8.38473
2021-01-19,3.31965,2.33691,1.49044,2.07404,8.38473
2021-01-20,3.31965,2.33691,1.49044,2.07404,8.38473
2021-01-21,3.31965,2.33691,1.49044,2.07404,8.38473
2021-01-22,3.31965,2.33691,1.49044,2.07404,8.38473
2021-01-25,3.31965,2.33691,1.49044,2.07404,8.38473
2021-01-26,3.31965,2.33691,1.49044,2.07404,8.38473
2021-01-27,3.31965,2.33691,1.49044,2.07404,8.38473
2021-01-28,3.32472,2.33843,1.49115,2.07603,8.41033
2021-01-29,3.25477,2.3174,1.48128,2.04854,8.05645
2021-02-01,3.3361,2.34238,1.49293,2.08076,8.45906
2021-02-02,3.39053,2.3587,1.50059,2.10212,8.73508
2021-02-03,3.41096,2.36472,1.50344,2.1101,8.84037
2021-02-04,3.41096,2.36472,1.50344,2.1101,8.84037
2021-02-05,3.41096,2.36472,1.50344,2.1101,8.84037
2021-02-08,3.41096,2.36472,1.50344,2.1101,8.84037
2021-02-09,3.41096,2.36472,1.50344,2.1101,8.84037
2021-02-10,3.41096,2.36472,1.50344,2.1101,8.84037
2021-02-11,3.41096,2.36472,1.50344,2.1101,8.84037
2021-02-12,3.41096,2.36472,1.50344,2.1101,8.84037
2021-02-16,3.41096,2.36472,1.50344,2.1101,8.84037
2021-02-17,3.41096,2.36472,1.50344,2.1101,8.84037
2021-02-18,3.41096,2.36472,1.50344,2.1101,8.84037
2021-02-19,3.38025,2.35572,1.49875,2.09694,8.68121
2021-02-22,3.29264,2.3298,1.4853,2.0593,8.23119
2021-02-23,3.28284,2.32683,1.48377,2.05505,8.18217
2021-02-24,3.3099,2.33507,1.488,2.06678,8.31707
2021-02-25,3.28028,2.32612,1.48339,2.05397,8.1682
2021-02-26,3.26089,2.32021,1.48119,2.04787,8.07163
2021-03-01,3.35898,2.35029,1.49239,2.07885,8.55726
2021-03-02,3.30511,2.33425,1.48637,2.06208,8.28276
2021-03-03,3.20919,2.30523,1.47552,2.03198,7.80203
2021-03-04,3.15667,2.28887,1.46945,2.01525,7.54664
2021-03-05,3.20421,2.30393,1.47502,2.03052,7.77396
2021-03-08,3.11349,2.27561,1.46451,2.0016,7.33374
2021-03-09,3.23628,2.31505,1.47904,2.04131,7.91223
2021-03-10,3.22705,2.3122,1.47798,2.03838,7.86706
2021-03-11,3.30137,2.33523,1.48654,2.06199,8.22944
2021-03-12,3.27459,2.32712,1.48351,2.05358,8.09592
2021-03-15,3.27637,2.32766,1.48371,2.05414,8.10475
2021-03-16,3.27637,2.32766,1.48371,2.05414,8.10475
2021-03-17,3.27637,2.32766,1.48371,2.05414,8.10475
2021-03-18,3.27637,2.32766,1.48371,2.05414,8.10475
2021-03-19,3.27637,2.32766,1.48371,2.05414,8.10475
2021-03-22,3.27637,2.32766,1.48371,2.05414,8.10475
2021-03-23,3.27637,2.32766,1.48371,2.05414,8.10475
2021-03-24,3.27637,2.32766,1.48371,2.05414,8.10475
2021-03-25,3.27637,2.32766,1.48371,2.05414,8.10475
2021-03-26,3.27637,2.32766,1.48371,2.05414,8.10475
2021-03-29,3.27637,2.32766,1.48371,2.05414,8.10475
2021-03-30,3.27637,2.32766,1.48371,2.05414,8.10475
2021-03-31,3.27637,2.32766,1.48371,2.05414,8.10475
2021-04-01,3.27637,2.32766,1.48371,2.05414,8.10475
2021-04-05,3.27637,2.32766,1.48371,2.05414,8.10475
2021-04-06,3.27637,2.32766,1.48371,2.05414,8.10475
2021-04-07,3.27637,2.32766,1.48371,2.05414,8.10475
2021-04-08,3.27637,2.32766,1.48371,2.05414,8.10475
2021-04-09,3.27637,2.32766,1.48371,2.05414,8.10475
2021-04-12,3.27637,2.32766,1.48371,2.05414,8.10475
2021-04-13,3.27637,2.32766,1.48371,2.05414,8.10475
2021-04-14,3.27637,2.32766,1.48371,2.05414,8.10475
2021-04-15,3.27637,2.32766,1.48371,2.05414,8.10475
2021-04-16,3.27637,2.32766,1.48371,2.05414,8.10475
2021-04-19,3.27637,2.32766,1.48371,2.05414,8.10475
2021-04-20,3.27637,2.32766,1.48371,2.05414,8.10475
2021-04-21,3.27637,2.32766,1.48371,2.05414,8.10475
2021-04-22,3.27637,2.32766,1.48371,2.05414,8.10475
2021-04-23,3.27637,2.32766,1.48371,2.05414,8.10475
2021-04-26,3.27637,2.32766,1.48371,2.05414,8.10475
2021-04-27,3.27637,2.32766,1.48371,2.05414,8.10475
2021-04-28,3.27637,2.32766,1.48371,2.05414,8.10475
2021-04-29,3.27637,2.32766,1.48371,2.05414,8.10475
2021-04-30,3.27637,2.32766,1.48371,2.05414,8.10475
2021-05-03,3.27637,2.32766,1.48371,2.05414,8.10475
2021-05-04,3.24116,2.31692,1.47815,2.03875,7.93054
2021-05-05,3.23026,2.31355,1.47642,2.03397,7.87721
2021-05-06,3.25461,2.32109,1.4803,2.04466,7.99596
2021-05-07,3.28102,2.3292,1.48448,2.05623,8.12572
2021-05-10,3.19816,2.30395,1.47142,2.02003,7.7153
2021-05-11,3.19374,2.30257,1.47071,2.01808,7.69398
2021-05-12,3.11108,2.27669,1.45744,1.98167,7.29569
2021-05-13,3.13513,2.28442,1.46137,1.99235,7.40851
2021-05-14,3.20435,2.30649,1.47261,2.02301,7.73562
2021-05-17,3.18491,2.30043,1.4695,2.01445,7.64177
2021-05-18,3.16341,2.29368,1.46604,2.00497,7.53859
2021-05-19,3.16704,2.29483,1.46663,2.00658,7.5559
2021-05-20,3.2283,2.31417,1.47652,2.03364,7.84822
2021-05-21,3.24239,2.31853,1.47876,2.03982,7.9167
2021-05-24,3.24239,2.31853,1.47876,2.03982,7.9167
2021-05-25,3.24239,2.31853,1.47876,2.03982,7.9167
2021-05-26,3.24239,2.31853,1.47876,2.03982,7.9167
2021-05-27,3.24239,2.31853,1.47876,2.03982,7.9167
2021-05-28,3.24239,2.31853,1.47876,2.03982,7.9167
2021-06-01,3.24239,2.31853,1.47876,2.03982,7.9167
2021-06-02,3.24239,2.31853,1.47876,2.03982,7.9167
2021-06-03,3.24239,2.31853,1.47876,2.03982,7.9167
2021-06-04,3.27739,2.32933,1.4843,2.0551,8.08762
2021-06-07,3.28715,2.33231,1.48583,2.05934,8.13582
2021-06-08,3.30308,2.33715,1.48833,2.06626,8.21466
2021-06-09,3.30308,2.33715,1.48833,2.06626,8.21466
2021-06-10,3.30308,2.33715,1.48833,2.06626,8.21466
2021-06-11,3.30308,2.33715,1.48833,2.06626,8.21466
2021-06-14,3.30308,2.33715,1.48833,2.06626,8.21466
2021-06-15,3.30308,2.33715,1.48833,2.06626,8.21466
2021-06-16,3.30308,2.33715,1.48833,2.06626,8.21466
2021-06-17,3.30308,2.33715,1.48833,2.06626,8.21466
2021-06-18,3.30308,2.33715,1.48833,2.06626,8.21466
2021-06-21,3.30308,2.33715,1.48833,2.06626,8.21466
2021-06-22,3.30308,2.33715,1.48833,2.06626,8.21466
2021-06-23,3.30308,2.33715,1.48833,2.06626,8.21466
2021-06-24,3.30308,2.33715,1.48833,2.06626,8.21466
2021-06-25,3.30308,2.33715,1.48833,2.06626,8.21466
2021-06-28,3.30308,2.33715,1.48833,2.06626,8.21466
2021-06-29,3.30308,2.33715,1.48833,2.06626,8.21466
2021-06-30,3.30308,2.33715,1.48833,2.06626,8.21466
2021-07-01,3.30308,2.33715,1.48833,2.06626,8.21466
2021-07-02,3.30308,2.33715,1.48833,2.06626,8.21466
2021-07-06,3.30308,2.33715,1.48833,2.06626,8.21466
2021-07-07,3.30308,2.33715,1.48833,2.06626,8.21466
2021-07-08,3.30308,2.33715,1.48833,2.06626,8.21466
2021-07-09,3.30308,2.33715,1.48833,2.06626,8.21466
2021-07-12,3.30308,2.33715,1.48833,2.06626,8.21466
2021-07-13,3.30308,2.33715,1.48833,2.06626,8.21466
2021-07-14,3.30308,2.33715,1.48833,2.06626,8.21466
2021-07-15,3.30308,2.33715,1.48833,2.06626,8.21466
2021-07-16,3.30308,2.33715,1.48833,2.06626,8.21466
2021-07-19,3.30721,2.3384,1.48917,2.06859,8.23521
2021-07-20,3.34563,2.35002,1.49696,2.09025,8.42653
2021-07-21,3.33985,2.34829,1.4958,2.087,8.39745
2021-07-22,3.33985,2.34829,1.4958,2.087,8.39745
2021-07-23,3.33985,2.34829,1.4958,2.087,8.39745
2021-07-26,3.33985,2.34829,1.4958,2.087,8.39745
2021-07-27,3.33985,2.34829,1.4958,2.087,8.39745
2021-07-28,3.33985,2.34829,1.4958,2.087,8.39745
2021-07-29,3.33985,2.34829,1.4958,2.087,8.39745
2021-07-30,3.33985,2.34829,1.4958,2.087,8.39745
2021-08-02,3.33985,2.34829,1.4958,2.087,8.39745
2021-08-03,3.33985,2.34829,1.4958,2.087,8.39745
2021-08-04,3.33985,2.34829,1.4958,2.087,8.39745
2021-08-05,3.33985,2.34829,1.4958,2.087,8.39745
2021-08-06,3.33985,2.34829,1.4958,2.087,8.39745
2021-08-09,3.33985,2.34829,1.4958,2.087,8.39745
2021-08-10,3.33985,2.34829,1.4958,2.087,8.39745
2021-08-11,3.33985,2.34829,1.4958,2.087,8.39745
2021-08-12,3.33985,2.34829,1.4958,2.087,8.39745
2021-08-13,3.33985,2.34829,1.4958,2.087,8.39745
2021-08-16,3.33985,2.34829,1.4958,2.087,8.39745
2021-08-17,3.33985,2.34829,1.4958,2.087,8.39745
2021-08-18,3.31104,2.33966,1.48966,2.06986,8.25253
2021-08-19,3.32703,2.3445,1.49308,2.07938,8.33227
2021-08-20,3.3615,2.35485,1.50044,2.09988,8.50489
2021-08-23,3.36959,2.35726,1.50216,2.1047,8.54585
2021-08-24,3.36959,2.35726,1.50216,2.1047,8.54585
2021-08-25,3.36959,2.35726,1.50216,2.1047,8.54585
2021-08-26,3.36959,2.35726,1.50216,2.1047,8.54585
2021-08-27,3.36959,2.35726,1.50216,2.1047,8.54585
2021-08-30,3.36959,2.35726,1.50216,2.1047,8.54585
2021-08-31,3.36959,2.35726,1.50216,2.1047,8.54585
2021-09-01,3.36959,2.35726,1.50216,2.1047,8.54585
2021-09-02,3.36959,2.35726,1.50216,2.1047,8.54585
2021-09-03,3.36959,2.35726,1.50216,2.1047,8.54585
2021-09-07,3.36959,2.35726,1.50216,2.1047,8.54585
2021-09-08,3.36959,2.35726,1.50216,2.1047,8.54585
2021-09-09,3.36959,2.35726,1.50216,2.1047,8.54585
2021-09-10,3.32691,2.3446,1.49168,2.07804,8.32939
2021-09-13,3.32462,2.34391,1.49111,2.0766,8.31788
2021-09-14,3.31516,2.34106,1.48877,2.0707,8.27059
2021-09-15,3.33981,2.3485,1.49487,2.0861,8.39356
2021-09-16,3.34211,2.34919,1.49544,2.08753,8.40512
2021-09-17,3.33611,2.34739,1.49396,2.08378,8.37495
2021-09-20,3.31847,2.3421,1.49034,2.07367,8.28639
2021-09-21,3.32256,2.34333,1.49118,2.07602,8.30678
2021-09-22,3.35359,2.35268,1.49757,2.09381,8.46196
2021-09-23,3.38454,2.3619,1.50391,2.11154,8.61812
2021-09-24,3.36171,2.35516,1.49925,2.09847,8.50188
2021-09-27,3.36171,2.35516,1.49925,2.09847,8.50188
2021-09-28,3.36171,2.35516,1.49925,2.09847,8.50188
2021-09-29,3.34245,2.34943,1.49618,2.08986,8.40444
2021-09-30,3.33017,2.34575,1.49421,2.08436,8.34268
2021-10-01,3.35082,2.35196,1.49753,2.09362,8.44617
2021-10-04,3.28049,2.33097,1.48627,2.06215,8.0916
2021-10-05,3.32477,2.34447,1.49346,2.08208,8.31006
2021-10-06,3.34607,2.35087,1.49688,2.09164,8.41656
2021-10-07,3.37351,2.35907,1.50128,2.10392,8.55456
2021-10-08,3.37351,2.35907,1.50128,2.10392,8.55456
2021-10-11,3.37351,2.35907,1.50128,2.10392,8.55456
2021-10-12,3.37351,2.35907,1.50128,2.10392,8.55456
2021-10-13,3.37351,2.35907,1.50128,2.10392,8.55456
2021-10-14,3.37351,2.35907,1.50128,2.10392,8.55456
2021-10-15,3.37351,2.35907,1.50128,2.10392,8.55456
2021-10-18,3.37351,2.35907,1.50128,2.10392,8.55456
2021-10-19,3.37351,2.35907,1.50128,2.10392,8.55456
2021-10-20,3.37351,2.35907,1.50128,2.10392,8.55456
2021-10-21,3.37351,2.35907,1.50128,2.10392,8.55456
2021-10-22,3.37351,2.35907,1.50128,2.10392,8.55456
2021-10-25,3.37351,2.35907,1.50128,2.10392,8.55456
2021-10-26,3.37351,2.35907,1.50128,2.10392,8.55456
2021-10-27,3.37351,2.35907,1.50128,2.10392,8.55456
2021-10-28,3.37351,2.35907,1.50128,2.10392,8.55456
2021-10-29,3.37351,2.35907,1.50128,2.10392,8.55456
2021-11-01,3.37351,2.35907,1.50128,2.10392,8.55456
2021-11-02,3.37351,2.35907,1.50128,2.10392,8.55456
2021-11-03,3.37351,2.35907,1.50128,2.10392,8.55456
2021-11-04,3.37351,2.35907,1.50128,2.10392,8.55456
2021-11-05,3.37351,2.35907,1.50128,2.10392,8.55456
2021-11-08,3.37351,2.35907,1.50128,2.10392,8.55456
2021-11-09,3.37351,2.35907,1.50128,2.10392,8.55456
2021-11-10,3.37351,2.35907,1.50128,2.10392,8.55456
2021-11-11,3.35481,2.35353,1.49788,2.09439,8.45976
2021-11-12,3.39012,2.36405,1.50432,2.11241,8.6378
2021-11-15,3.38934,2.36383,1.50418,2.11202,8.63386
2021-11-16,3.41348,2.37095,1.50856,2.12432,8.75682
2021-11-17,3.41528,2.37147,1.50889,2.12524,8.76607
2021-11-18,3.45067,2.38184,1.51528,2.14325,8.94773
2021-11-19,3.46991,2.38741,1.51874,2.15302,9.04751
2021-11-22,3.48174,2.39082,1.52086,2.15903,9.1092
2021-11-23,3.48174,2.39082,1.52086,2.15903,9.1092
2021-11-24,3.48174,2.39082,1.52086,2.15903,9.1092
2021-11-26,3.48174,2.39082,1.52086,2.15903,9.1092
2021-11-29,3.5134,2.39991,1.52592,2.17341,9.27488
2021-11-30,3.4618,2.38523,1.51771,2.15003,9.00245
2021-12-01,3.40291,2.36822,1.50825,2.12322,8.69613
2021-12-02,3.42743,2.37542,1.51223,2.13444,8.82148
2021-12-03,3.36783,2.35803,1.5026,2.10724,8.51469
2021-12-06,3.39482,2.36605,1.50701,2.11961,8.65115
2021-12-07,3.49705,2.39616,1.52364,2.16638,9.17219
2021-12-08,3.49829,2.39651,1.52384,2.16695,9.17869
2021-12-09,3.49829,2.39651,1.52384,2.16695,9.17869
2021-12-10,3.49829,2.39651,1.52384,2.16695,9.17869
2021-12-13,3.49829,2.39651,1.52384,2.16695,9.17869
2021-12-14,3.49829,2.39651,1.52384,2.16695,9.17869
2021-12-15,3.49829,2.39651,1.52384,2.16695,9.17869
2021-12-16,3.49829,2.39651,1.52384,2.16695,9.17869
2021-12-17,3.49829,2.39651,1.52384,2.16695,9.17869
2021-12-20,3.49829,2.39651,1.52384,2.16695,9.17869
2021-12-21,3.54352,2.40944,1.52865,2.18063,9.41603
2021-12-22,3.53902,2.40817,1.52817,2.17928,9.39211
2021-12-23,3.53902,2.40817,1.52817,2.17928,9.39211
2021-12-27,3.53902,2.40817,1.52817,2.17928,9.39211
2021-12-28,3.53902,2.40817,1.52817,2.17928,9.39211
2021-12-29,3.53902,2.40817,1.52817,2.17928,9.39211
2021-12-30,3.53902,2.40817,1.52817,2.17928,9.39211
2021-12-31,3.53902,2.40817,1.52817,2.17928,9.39211
2022-01-03,3.53902,2.40817,1.52817,2.17928,9.39211
2022-01-04,3.53902,2.40817,1.52817,2.17928,9.39211
2022-01-05,3.53902,2.40817,1.52817,2.17928,9.39211
2022-01-06,3.55205,2.41186,1.5297,2.18363,9.46128
2022-01-07,3.51357,2.40102,1.52521,2.1708,9.2563
2022-01-10,3.51588,2.40168,1.52548,2.17158,9.26848
2022-01-11,3.5687,2.4167,1.53169,2.18926,9.54694
2022-01-12,3.59132,2.42304,1.53432,2.19679,9.66798
2022-01-13,3.59132,2.42304,1.53432,2.19679,9.66798
2022-01-14,3.59132,2.42304,1.53432,2.19679,9.66798
2022-01-18,3.59132,2.42304,1.53432,2.19679,9.66798
2022-01-19,3.53484,2.40731,1.52854,2.18022,9.36387
2022-01-20,3.48893,2.39433,1.52378,2.16665,9.12063
2022-01-21,3.39218,2.3666,1.51365,2.13785,8.61482
2022-01-24,3.40771,2.37118,1.51531,2.14254,8.69369
2022-01-25,3.32872,2.34799,1.50689,2.11873,8.29063
2022-01-26,3.32351,2.34643,1.50633,2.11714,8.26469
2022-01-27,3.29004,2.33636,1.50269,2.10692,8.09823
2022-01-28,3.39324,2.36773,1.51399,2.1386,8.60629
2022-01-31,3.50175,2.39971,1.5256,2.17139,9.15672
2022-02-01,3.51331,2.40301,1.5268,2.17482,9.21714
2022-02-02,3.51331,2.40301,1.5268,2.17482,9.21714
2022-02-03,3.51331,2.40301,1.5268,2.17482,9.21714
2022-02-04,3.51331,2.40301,1.5268,2.17482,9.21714
2022-02-07,3.51331,2.40301,1.5268,2.17482,9.21714
2022-02-08,3.51331,2.40301,1.5268,2.17482,9.21714
2022-02-09,3.51331,2.40301,1.5268,2.17482,9.21714
2022-02-10,3.51331,2.40301,1.5268,2.17482,9.21714
2022-02-11,3.51331,2.40301,1.5268,2.17482,9.21714
2022-02-14,3.51331,2.40301,1.5268,2.17482,9.21714
2022-02-15,3.51331,2.40301,1.5268,2.17482,9.21714
2022-02-16,3.51331,2.40301,1.5268,2.17482,9.21714
2022-02-17,3.51331,2.40301,1.5268,2.17482,9.21714
2022-02-18,3.51331,2.40301,1.5268,2.17482,9.21714
2022-02-22,3.51331,2.40301,1.5268,2.17482,9.21714
2022-02-23,3.51331,2.40301,1.5268,2.17482,9.21714
2022-02-24,3.51331,2.40301,1.5268,2.17482,9.21714
2022-02-25,3.51331,2.40301,1.5268,2.17482,9.21714
2022-02-28,3.51331,2.40301,1.5268,2.17482,9.21714
2022-03-01,3.51331,2.40301,1.5268,2.17482,9.21714
2022-03-02,3.51331,2.40301,1.5268,2.17482,9.21714
2022-03-03,3.51331,2.40301,1.5268,2.17482,9.21714
2022-03-04,3.51331,2.40301,1.5268,2.17482,9.21714
2022-03-07,3.51331,2.40301,1.5268,2.17482,9.21714
2022-03-08,3.51331,2.40301,1.5268,2.17482,9.21714
2022-03-09,3.51331,2.40301,1.5268,2.17482,9.21714
2022-03-10,3.51331,2.40301,1.5268,2.17482,9.21714
2022-03-11,3.51331,2.40301,1.5268,2.17482,9.21714
2022-03-14,3.51331,2.40301,1.5268,2.17482,9.21714
2022-03-15,3.51331,2.40301,1.5268,2.17482,9.21714
2022-03-16,3.51331,2.40301,1.5268,2.17482,9.21714
2022-03-17,3.51331,2.40301,1.5268,2.17482,9.21714
2022-03-18,3.51331,2.40301,1.5268,2.17482,9.21714
2022-03-21,3.51331,2.40301,1.5268,2.17482,9.21714
2022-03-22,3.51331,2.40301,1.5268,2.17482,9.21714
2022-03-23,3.51331,2.40301,1.5268,2.17482,9.21714
2022-03-24,3.51331,2.40301,1.5268,2.17482,9.21714
2022-03-25,3.51331,2.40301,1.5268,2.17482,9.21714
2022-03-28,3.51331,2.40301,1.5268,2.17482,9.21714
2022-03-29,3.51331,2.40301,1.5268,2.17482,9.21714
2022-03-30,3.51331,2.40301,1.5268,2.17482,9.21714
2022-03-31,3.51331,2.40301,1.5268,2.17482,9.21714
2022-04-01,3.51331,2.40301,1.5268,2.17482,9.21714
2022-04-04,3.51331,2.40301,1.5268,2.17482,9.21714
2022-04-05,3.51331,2.40301,1.5268,2.17482,9.21714
2022-04-06,3.51331,2.40301,1.5268,2.17482,9.21714
2022-04-07,3.51331,2.40301,1.5268,2.17482,9.21714
2022-04-08,3.51331,2.40301,1.5268,2.17482,9.21714
2022-04-11,3.51331,2.40301,1.5268,2.17482,9.21714
2022-04-12,3.51331,2.40301,1.5268,2.17482,9.21714
2022-04-13,3.51331,2.40301,1.5268,2.17482,9.21714
2022-04-14,3.51331,2.40301,1.5268,2.17482,9.21714
2022-04-18,3.51331,2.40301,1.5268,2.17482,9.21714
2022-04-19,3.51331,2.40301,1.5268,2.17482,9.21714
2022-04-20,3.51331,2.40301,1.5268,2.17482,9.21714
2022-04-21,3.51331,2.40301,1.5268,2.17482,9.21714
2022-04-22,3.51331,2.40301,1.5268,2.17482,9.21714
2022-04-25,3.51331,2.40301,1.5268,2.17482,9.21714
2022-04-26,3.51331,2.40301,1.5268,2.17482,9.21714
2022-04-27,3.51331,2.40301,1.5268,2.17482,9.21714
2022-04-28,3.51331,2.40301,1.5268,2.17482,9.21714
2022-04-29,3.51331,2.40301,1.5268,2.17482,9.21714
2022-05-02,3.51331,2.40301,1.5268,2.17482,9.21714
2022-05-03,3.51331,2.40301,1.5268,2.17482,9.21714
2022-05-04,3.51331,2.40301,1.5268,2.17482,9.21714
2022-05-05,3.51331,2.40301,1.5268,2.17482,9.21714
2022-05-06,3.51331,2.40301,1.5268,2.17482,9.21714
2022-05-09,3.51331,2.40301,1.5268,2.17482,9.21714
2022-05-10,3.51331,2.40301,1.5268,2.17482,9.21714
2022-05-11,3.51331,2.40301,1.5268,2.17482,9.21714
2022-05-12,3.51331,2.40301,1.5268,2.17482,9.21714
2022-05-13,3.51331,2.40301,1.5268,2.17482,9.21714
2022-05-16,3.51331,2.40301,1.5268,2.17482,9.21714
2022-05-17,3.51331,2.40301,1.5268,2.17482,9.21714
2022-05-18,3.51331,2.40301,1.5268,2.17482,9.21714
2022-05-19,3.51331,2.40301,1.5268,2.17482,9.21714
2022-05-20,3.51331,2.40301,1.5268,2.17482,9.21714
2022-05-23,3.51331,2.40301,1.5268,2.17482,9.21714
2022-05-24,3.51331,2.40301,1.5268,2.17482,9.21714
2022-05-25,3.51331,2.40301,1.5268,2.17482,9.21714
2022-05-26,3.51331,2.40301,1.5268,2.17482,9.21714
2022-05-27,3.51331,2.40301,1.5268,2.17482,9.21714
2022-05-31,3.51331,2.40301,1.5268,2.17482,9.21714
2022-06-01,3.51331,2.40301,1.5268,2.17482,9.21714
2022-06-02,3.51331,2.40301,1.5268,2.17482,9.21714
2022-06-03,3.51331,2.40301,1.5268,2.17482,9.21714
2022-06-06,3.51331,2.40301,1.5268,2.17482,9.21714
2022-06-07,3.51331,2.40301,1.5268,2.17482,9.21714
2022-06-08,3.51331,2.40301,1.5268,2.17482,9.21714
2022-06-09,3.51331,2.40301,1.5268,2.17482,9.21714
2022-06-10,3.51331,2.40301,1.5268,2.17482,9.21714
2022-06-13,3.51331,2.40301,1.5268,2.17482,9.21714
2022-06-14,3.51331,2.40301,1.5268,2.17482,9.21714
2022-06-15,3.51331,2.40301,1.5268,2.17482,9.21714
2022-06-16,3.51331,2.40301,1.5268,2.17482,9.21714
2022-06-17,3.51331,2.40301,1.5268,2.17482,9.21714
2022-06-21,3.51331,2.40301,1.5268,2.17482,9.21714
2022-06-22,3.51331,2.40301,1.5268,2.17482,9.21714
2022-06-23,3.51331,2.40301,1.5268,2.17482,9.21714
2022-06-24,3.51331,2.40301,1.5268,2.17482,9.21714
2022-06-27,3.51331,2.40301,1.5268,2.17482,9.21714
2022-06-28,3.51331,2.40301,1.5268,2.17482,9.21714
2022-06-29,3.51331,2.40301,1.5268,2.17482,9.21714
2022-06-30,3.51331,2.40301,1.5268,2.17482,9.21714
2022-07-01,3.51331,2.40301,1.5268,2.17482,9.21714
2022-07-05,3.51331,2.40301,1.5268,2.17482,9.21714
2022-07-06,3.51331,2.40301,1.5268,2.17482,9.21714
2022-07-07,3.51331,2.40301,1.5268,2.17482,9.21714
2022-07-08,3.51331,2.40301,1.5268,2.17482,9.21714
2022-07-11,3.51331,2.40301,1.5268,2.17482,9.21714
2022-07-12,3.51331,2.40301,1.5268,2.17482,9.21714
2022-07-13,3.51331,2.40301,1.5268,2.17482,9.21714
2022-07-14,3.51331,2.40301,1.5268,2.17482,9.21714
2022-07-15,3.51331,2.40301,1.5268,2.17482,9.21714
2022-07-18,3.51331,2.40301,1.5268,2.17482,9.21714
2022-07-19,3.51331,2.40301,1.5268,2.17482,9.21714
2022-07-20,3.51331,2.40301,1.5268,2.17482,9.21714
2022-07-21,3.51331,2.40301,1.5268,2.17482,9.21714
2022-07-22,3.51331,2.40301,1.5268,2.17482,9.21714
2022-07-25,3.51331,2.40301,1.5268,2.17482,9.21714
2022-07-26,3.51331,2.40301,1.5268,2.17482,9.21714
2022-07-27,3.51331,2.40301,1.5268,2.17482,9.21714
2022-07-28,3.51331,2.40301,1.5268,2.17482,9.21714
2022-07-29,3.51331,2.40301,1.5268,2.17482,9.21714
2022-08-01,3.51331,2.40301,1.5268,2.17482,9.21714
2022-08-02,3.51331,2.40301,1.5268,2.17482,9.21714
2022-08-03,3.51331,2.40301,1.5268,2.17482,9.21714
2022-08-04,3.51331,2.40301,1.5268,2.17482,9.21714
2022-08-05,3.51331,2.40301,1.5268,2.17482,9.21714
2022-08-08,3.51331,2.40301,1.5268,2.17482,9.21714
2022-08-09,3.51331,2.40301,1.5268,2.17482,9.21714
2022-08-10,3.51331,2.40301,1.5268,2.17482,9.21714
2022-08-11,3.51331,2.40301,1.5268,2.17482,9.21714
2022-08-12,3.51331,2.40301,1.5268,2.17482,9.21714
2022-08-15,3.51331,2.40301,1.5268,2.17482,9.21714
2022-08-16,3.51331,2.40301,1.5268,2.17482,9.21714
2022-08-17,3.51331,2.40301,1.5268,2.17482,9.21714
2022-08-18,3.51331,2.40301,1.5268,2.17482,9.21714
2022-08-19,3.51331,2.40301,1.5268,2.17482,9.21714
2022-08-22,3.51331,2.40301,1.5268,2.17482,9.21714
2022-08-23,3.51331,2.40301,1.5268,2.17482,9.21714
2022-08-24,3.51331,2.40301,1.5268,2.17482,9.21714
2022-08-25,3.51331,2.40301,1.5268,2.17482,9.21714
2022-08-26,3.51331,2.40301,1.5268,2.17482,9.21714
2022-08-29,3.51331,2.40301,1.5268,2.17482,9.21714
2022-08-30,3.51331,2.40301,1.5268,2.17482,9.21714
2022-08-31,3.51331,2.40301,1.5268,2.17482,9.21714
2022-09-01,3.51331,2.40301,1.5268,2.17482,9.21714
2022-09-02,3.51331,2.40301,1.5268,2.17482,9.21714
2022-09-06,3.51331,2.40301,1.5268,2.17482,9.21714
2022-09-07,3.51331,2.40301,1.5268,2.17482,9.21714
2022-09-08,3.51331,2.40301,1.5268,2.17482,9.21714
2022-09-09,3.51331,2.40301,1.5268,2.17482,9.21714
2022-09-12,3.51331,2.40301,1.5268,2.17482,9.21714
2022-09-13,3.51331,2.40301,1.5268,2.17482,9.21714
2022-09-14,3.51331,2.40301,1.5268,2.17482,9.21714
2022-09-15,3.51331,2.40301,1.5268,2.17482,9.21714
2022-09-16,3.51331,2.40301,1.5268,2.17482,9.21714
2022-09-19,3.51331,2.40301,1.5268,2.17482,9.21714
2022-09-20,3.51331,2.40301,1.5268,2.17482,9.21714
2022-09-21,3.51331,2.40301,1.5268,2.17482,9.21714
2022-09-22,3.51331,2.40301,1.5268,2.17482,9.21714
2022-09-23,3.51331,2.40301,1.5268,2.17482,9.21714
2022-09-26,3.51331,2.40301,1.5268,2.17482,9.21714
2022-09-27,3.51331,2.40301,1.5268,2.17482,9.21714
2022-09-28,3.51331,2.40301,1.5268,2.17482,9.21714
2022-09-29,3.51331,2.40301,1.5268,2.17482,9.21714
2022-09-30,3.51331,2.40301,1.5268,2.17482,9.21714
2022-10-03,3.51331,2.40301,1.5268,2.17482,9.21714
2022-10-04,3.51331,2.40301,1.5268,2.17482,9.21714
2022-10-05,3.51331,2.40301,1.5268,2.17482,9.21714
2022-10-06,3.51331,2.40301,1.5268,2.17482,9.21714
2022-10-07,3.51331,2.40301,1.5268,2.17482,9.21714
2022-10-10,3.51331,2.40301,1.5268,2.17482,9.21714
2022-10-11,3.51331,2.40301,1.5268,2.17482,9.21714
2022-10-12,3.51331,2.40301,1.5268,2.17482,9.21714
2022-10-13,3.51331,2.40301,1.5268,2.17482,9.21714
2022-10-14,3.51331,2.40301,1.5268,2.17482,9.21714
2022-10-17,3.51331,2.40301,1.5268,2.17482,9.21714
2022-10-18,3.51331,2.40301,1.5268,2.17482,9.21714
2022-10-19,3.51331,2.40301,1.5268,2.17482,9.21714
2022-10-20,3.51331,2.40301,1.5268,2.17482,9.21714
2022-10-21,3.51331,2.40301,1.5268,2.17482,9.21714
2022-10-24,3.51331,2.40301,1.5268,2.17482,9.21714
2022-10-25,3.51331,2.40301,1.5268,2.17482,9.21714
2022-10-26,3.51331,2.40301,1.5268,2.17482,9.21714
2022-10-27,3.51331,2.40301,1.5268,2.17482,9.21714
2022-10-28,3.51331,2.40301,1.5268,2.17482,9.21714
2022-10-31,3.51331,2.40301,1.5268,2.17482,9.21714
2022-11-01,3.51331,2.40301,1.5268,2.17482,9.21714
2022-11-02,3.51331,2.40301,1.5268,2.17482,9.21714
2022-11-03,3.51331,2.40301,1.5268,2.17482,9.21714
2022-11-04,3.51331,2.40301,1.5268,2.17482,9.21714
2022-11-07,3.51331,2.40301,1.5268,2.17482,9.21714
2022-11-08,3.51331,2.40301,1.5268,2.17482,9.21714
2022-11-09,3.51331,2.40301,1.5268,2.17482,9.21714
2022-11-10,3.51331,2.40301,1.5268,2.17482,9.21714
2022-11-11,3.51331,2.40301,1.5268,2.17482,9.21714
2022-11-14,3.51331,2.40301,1.5268,2.17482,9.21714
2022-11-15,3.51331,2.40301,1.5268,2.17482,9.21714
2022-11-16,3.51331,2.40301,1.5268,2.17482,9.21714
2022-11-17,3.51331,2.40301,1.5268,2.17482,9.21714
2022-11-18,3.51331,2.40301,1.5268,2.17482,9.21714
2022-11-21,3.51331,2.40301,1.5268,2.17482,9.21714
2022-11-22,3.51331,2.40301,1.5268,2.17482,9.21714
2022-11-23,3.51331,2.40301,1.5268,2.17482,9.21714
2022-11-25,3.51331,2.40301,1.5268,2.17482,9.21714
2022-11-28,3.51331,2.40301,1.5268,2.17482,9.21714
2022-11-29,3.51331,2.40301,1.5268,2.17482,9.21714
2022-11-30,3.51331,2.40301,1.5268,2.17482,9.21714
2022-12-01,3.51331,2.40301,1.5268,2.17482,9.21714
2022-12-02,3.51331,2.40301,1.5268,2.17482,9.21714
2022-12-05,3.51331,2.40301,1.5268,2.17482,9.21714
2022-12-06,3.51331,2.40301,1.5268,2.17482,9.21714
2022-12-07,3.51331,2.40301,1.5268,2.17482,9.21714
2022-12-08,3.51331,2.40301,1.5268,2.17482,9.21714
2022-12-09,3.51331,2.40301,1.5268,2.17482,9.21714
2022-12-12,3.51331,2.40301,1.5268,2.17482,9.21714
2022-12-13,3.51331,2.40301,1.5268,2.17482,9.21714
2022-12-14,3.51331,2.40301,1.5268,2.17482,9.21714
2022-12-15,3.51331,2.40301,1.5268,2.17482,9.21714
2022-12-16,3.51331,2.40301,1.5268,2.17482,9.21714
2022-12-19,3.51331,2.40301,1.5268,2.17482,9.21714
2022-12-20,3.51331,2.40301,1.5268,2.17482,9.21714
2022-12-21,3.51331,2.40301,1.5268,2.17482,9.21714
2022-12-22,3.51331,2.40301,1.5268,2.17482,9.21714
2022-12-23,3.51331,2.40301,1.5268,2.17482,9.21714
2022-12-27,3.51331,2.40301,1.5268,2.17482,9.21714
2022-12-28,3.51331,2.40301,1.5268,2.17482,9.21714
2022-12-29,3.51331,2.40301,1.5268,2.17482,9.21714
2022-12-30,3.51331,2.40301,1.5268,2.17482,9.21714
2023-01-03,3.51331,2.40301,1.5268,2.17482,9.21714
2023-01-04,3.51331,2.40301,1.5268,2.17482,9.21714
2023-01-05,3.51331,2.40301,1.5268,2.17482,9.21714
2023-01-06,3.51331,2.40301,1.5268,2.17482,9.21714
2023-01-09,3.51331,2.40301,1.5268,2.17482,9.21714
2023-01-10,3.51331,2.40301,1.5268,2.17482,9.21714
2023-01-11,3.51331,2.40301,1.5268,2.17482,9.21714
2023-01-12,3.51331,2.40301,1.5268,2.17482,9.21714
2023-01-13,3.51331,2.40301,1.5268,2.17482,9.21714
2023-01-17,3.51331,2.40301,1.5268,2.17482,9.21714
2023-01-18,3.51331,2.40301,1.5268,2.17482,9.21714
2023-01-19,3.51331,2.40301,1.5268,2.17482,9.21714
2023-01-20,3.51331,2.40301,1.5268,2.17482,9.21714
2023-01-23,3.51331,2.40301,1.5268,2.17482,9.21714
2023-01-24,3.51331,2.40301,1.5268,2.17482,9.21714
2023-01-25,3.51331,2.40301,1.5268,2.17482,9.21714
2023-01-26,3.51331,2.40301,1.5268,2.17482,9.21714
2023-01-27,3.51331,2.40301,1.5268,2.17482,9.21714
2023-01-30,3.51331,2.40301,1.5268,2.17482,9.21714
2023-01-31,3.51331,2.40301,1.5268,2.17482,9.21714
2023-02-01,3.51331,2.40301,1.5268,2.17482,9.21714
2023-02-02,3.51331,2.40301,1.5268,2.17482,9.21714
2023-02-03,3.51331,2.40301,1.5268,2.17482,9.21714
2023-02-06,3.51331,2.40301,1.5268,2.17482,9.21714
2023-02-07,3.51331,2.40301,1.5268,2.17482,9.21714
2023-02-08,3.51331,2.40301,1.5268,2.17482,9.21714
2023-02-09,3.51331,2.40301,1.5268,2.17482,9.21714
2023-02-10,3.51331,2.40301,1.5268,2.17482,9.21714
2023-02-13,3.51331,2.40301,1.5268,2.17482,9.21714
2023-02-14,3.51331,2.40301,1.5268,2.17482,9.21714
2023-02-15,3.51331,2.40301,1.5268,2.17482,9.21714
2023-02-16,3.51331,2.40301,1.5268,2.17482,9.21714
2023-02-17,3.51331,2.40301,1.5268,2.17482,9.21714
2023-02-21,3.51331,2.40301,1.5268,2.17482,9.21714
2023-02-22,3.50714,2.40125,1.52619,2.17307,9.18479
2023-02-23,3.53777,2.40998,1.52924,2.18177,9.34523
2023-02-24,3.47854,2.39324,1.52338,2.16504,9.03228
2023-02-27,3.50345,2.4004,1.52588,2.17214,9.16164
2023-02-28,3.49892,2.39911,1.52542,2.17085,9.13796
2023-03-01,3.47079,2.39107,1.52262,2.16286,8.99103
2023-03-02,3.49951,2.39935,1.5255,2.17105,9.13985
2023-03-03,3.57186,2.42002,1.53272,2.19161,9.51776
2023-03-06,3.58509,2.42372,1.53402,2.19533,9.58824
2023-03-07,3.58509,2.42372,1.53402,2.19533,9.58824
2023-03-08,3.58509,2.42372,1.53402,2.19533,9.58824
2023-03-09,3.58509,2.42372,1.53402,2.19533,9.58824
2023-03-10,3.58509,2.42372,1.53402,2.19533,9.58824
2023-03-13,3.58509,2.42372,1.53402,2.19533,9.58824
2023-03-14,3.58509,2.42372,1.53402,2.19533,9.58824
2023-03-15,3.58509,2.42372,1.53402,2.19533,9.58824
2023-03-16,3.58509,2.42372,1.53402,2.19533,9.58824
2023-03-17,3.58509,2.42372,1.53402,2.19533,9.58824
2023-03-20,3.58509,2.42372,1.53402,2.19533,9.58824
2023-03-21,3.58509,2.42372,1.53402,2.19533,9.58824
2023-03-22,3.58509,2.42372,1.53402,2.19533,9.58824
2023-03-23,3.58509,2.42372,1.53402,2.19533,9.58824
2023-03-24,3.58509,2.42372,1.53402,2.19533,9.58824
2023-03-27,3.58509,2.42372,1.53402,2.19533,9.58824
2023-03-28,3.58509,2.42372,1.53402,2.19533,9.58824
2023-03-29,3.58509,2.42372,1.53402,2.19533,9.58824
2023-03-30,3.58509,2.42372,1.53402,2.19533,9.58824
2023-03-31,3.58509,2.42372,1.53402,2.19533,9.58824
2023-04-03,3.58509,2.42372,1.53402,2.19533,9.58824
2023-04-04,3.58509,2.42372,1.53402,2.19533,9.58824
2023-04-05,3.58509,2.42372,1.53402,2.19533,9.58824
2023-04-06,3.58509,2.42372,1.53402,2.19533,9.58824
2023-04-10,3.58509,2.42372,1.53402,2.19533,9.58824
2023-04-11,3.58509,2.42372,1.53402,2.19533,9.58824
2023-04-12,3.58509,2.42372,1.53402,2.19533,9.58824
2023-04-13,3.63269,2.437,1.54005,2.21259,9.84287
2023-04-14,3.62586,2.43512,1.5392,2.21013,9.80587
2023-04-17,3.61927,2.4333,1.53837,2.20775,9.77021
2023-04-18,3.61927,2.4333,1.53837,2.20775,9.77021
2023-04-19,3.61927,2.4333,1.53837,2.20775,9.77021
2023-04-20,3.61927,2.4333,1.53837,2.20775,9.77021
2023-04-21,3.62548,2.43502,1.53921,2.21017,9.80372
2023-04-24,3.62103,2.43379,1.53861,2.20844,9.77968
2023-04-25,3.56971,2.41962,1.53141,2.18778,9.50244
2023-04-26,3.59135,2.42568,1.53448,2.19654,9.6177
2023-04-27,3.68901,2.45287,1.54824,2.23594,10.14072
2023-04-28,3.71446,2.45977,1.55177,2.24612,10.28064
2023-05-01,3.70719,2.45781,1.55076,2.24322,10.24041
2023-05-02,3.70719,2.45781,1.55076,2.24322,10.24041
2023-05-03,3.70719,2.45781,1.55076,2.24322,10.24041
2023-05-04,3.70719,2.45781,1.55076,2.24322,10.24041
2023-05-05,3.75676,2.47119,1.55768,2.26323,10.51429
2023-05-08,3.76607,2.47366,1.55897,2.26698,10.56639
2023-05-09,3.74453,2.46795,1.556,2.25833,10.44554
2023-05-10,3.74453,2.46795,1.556,2.25833,10.44554
2023-05-11,3.74453,2.46795,1.556,2.25833,10.44554
2023-05-12,3.74453,2.46795,1.556,2.25833,10.44554
2023-05-15,3.74453,2.46795,1.556,2.25833,10.44554
2023-05-16,3.74453,2.46795,1.556,2.25833,10.44554
2023-05-17,3.74453,2.46795,1.556,2.25833,10.44554
2023-05-18,3.74453,2.46795,1.556,2.25833,10.44554
2023-05-19,3.74453,2.46795,1.556,2.25833,10.44554
2023-05-22,3.74453,2.46795,1.556,2.25833,10.44554
2023-05-23,3.74453,2.46795,1.556,2.25833,10.44554
2023-05-24,3.74453,2.46795,1.556,2.25833,10.44554
2023-05-25,3.74453,2.46795,1.556,2.25833,10.44554
2023-05-26,3.74453,2.46795,1.556,2.25833,10.44554
2023-05-30,3.74453,2.46795,1.556,2.25833,10.44554
2023-05-31,3.74453,2.46795,1.556,2.25833,10.44554
2023-06-01,3.74453,2.46795,1.556,2.25833,10.44554
2023-06-02,3.74453,2.46795,1.556,2.25833,10.44554
2023-06-05,3.74453,2.46795,1.556,2.25833,10.44554
2023-06-06,3.74453,2.46795,1.556,2.25833,10.44554
2023-06-07,3.74453,2.46795,1.556,2.25833,10.44554
2023-06-08,3.78586,2.47898,1.56198,2.27571,10.67613
2023-06-09,3.80034,2.48281,1.56406,2.28177,10.75776
2023-06-12,3.86455,2.4997,1.57328,2.30865,11.1213
2023-06-13,3.89425,2.50739,1.57749,2.32102,11.29222
2023-06-14,3.92255,2.51466,1.58149,2.33279,11.45635
2023-06-15,3.96929,2.52657,1.58806,2.35217,11.72937
2023-06-16,3.99366,2.53271,1.59146,2.36224,11.87343
2023-06-20,3.99366,2.53271,1.59146,2.36224,11.87343
2023-06-21,3.99366,2.53271,1.59146,2.36224,11.87343
2023-06-22,4.05299,2.54757,1.59961,2.38643,12.22617
2023-06-23,4.01281,2.53765,1.59414,2.37012,11.98377
2023-06-26,4.00483,2.53566,1.59305,2.36687,11.9361
2023-06-27,4.05386,2.54791,1.59949,2.38602,12.22836
2023-06-28,4.06177,2.54986,1.60052,2.38909,12.27609
2023-06-29,4.0564,2.54854,1.59982,2.387,12.24361
2023-06-30,4.0564,2.54854,1.59982,2.387,12.24361
2023-07-03,4.0564,2.54854,1.59982,2.387,12.24361
2023-07-05,4.0564,2.54854,1.59982,2.387,12.24361
2023-07-06,4.0564,2.54854,1.59982,2.387,12.24361
2023-07-07,4.0564,2.54854,1.59982,2.387,12.24361
2023-07-10,4.0564,2.54854,1.59982,2.387,12.24361
2023-07-11,4.0564,2.54854,1.59982,2.387,12.24361
2023-07-12,4.0564,2.54854,1.59982,2.387,12.24361
2023-07-13,4.0564,2.54854,1.59982,2.387,12.24361
2023-07-14,4.0564,2.54854,1.59982,2.387,12.24361
2023-07-17,4.0564,2.54854,1.59982,2.387,12.24361
2023-07-18,4.0564,2.54854,1.59982,2.387,12.24361
2023-07-19,4.0564,2.54854,1.59982,2.387,12.24361
2023-07-20,4.0564,2.54854,1.59982,2.387,12.24361
2023-07-21,4.01641,2.53868,1.5943,2.37053,12.00223
2023-07-24,4.02283,2.54028,1.59519,2.37318,12.04058
2023-07-25,4.05009,2.54705,1.59898,2.38444,12.2038
2023-07-26,4.03662,2.54373,1.59712,2.37889,12.1226
2023-07-27,4.027,2.54134,1.59578,2.37492,12.06481
2023-07-28,4.10035,2.55956,1.60596,2.40521,12.50431
2023-07-31,4.10248,2.56008,1.60626,2.40609,12.51736
2023-08-01,4.09297,2.55776,1.60495,2.40218,12.45929
2023-08-02,4.00315,2.53582,1.59262,2.36526,11.91247
2023-08-03,3.99674,2.53421,1.59172,2.36261,11.87429
2023-08-04,3.97802,2.52953,1.58911,2.35486,11.76311
2023-08-07,4.01171,2.538,1.59383,2.36883,11.9623
2023-08-08,3.9776,2.5295,1.58908,2.35472,11.75888
2023-08-09,3.93386,2.5185,1.58296,2.33659,11.50031
2023-08-10,3.94114,2.52035,1.58399,2.33961,11.54282
2023-08-11,3.91601,2.51397,1.58045,2.32917,11.39564
2023-08-14,3.95995,2.5252,1.58666,2.34747,11.65141
2023-08-15,3.94739,2.52202,1.5849,2.34226,11.57749
2023-08-16,3.94739,2.52202,1.5849,2.34226,11.57749
2023-08-17,3.8871,2.50675,1.5767,2.31803,11.22382
2023-08-18,3.88222,2.50549,1.57603,2.31606,11.19565
2023-08-21,3.94477,2.52161,1.58463,2.34133,11.55641
2023-08-22,3.97151,2.52838,1.58827,2.35208,11.71308
2023-08-23,3.97151,2.52838,1.58827,2.35208,11.71308
2023-08-24,3.97151,2.52838,1.58827,2.35208,11.71308
2023-08-25,3.97151,2.52838,1.58827,2.35208,11.71308
2023-08-28,3.97151,2.52838,1.58827,2.35208,11.71308
2023-08-29,3.97151,2.52838,1.58827,2.35208,11.71308
2023-08-30,3.97151,2.52838,1.58827,2.35208,11.71308
2023-08-31,3.97151,2.52838,1.58827,2.35208,11.71308
2023-09-01,3.97151,2.52838,1.58827,2.35208,11.71308
2023-09-05,3.97151,2.52838,1.58827,2.35208,11.71308
2023-09-06,3.97151,2.52838,1.58827,2.35208,11.71308
2023-09-07,3.97151,2.52838,1.58827,2.35208,11.71308
2023-09-08,3.97561,2.52942,1.58883,2.35374,11.73725
2023-09-11,4.00647,2.53718,1.59304,2.36622,11.91947
2023-09-12,4.00647,2.53718,1.59304,2.36622,11.91947
2023-09-13,4.00647,2.53718,1.59304,2.36622,11.91947
2023-09-14,4.00647,2.53718,1.59304,2.36622,11.91947
2023-09-15,4.00647,2.53718,1.59304,2.36622,11.91947
2023-09-18,4.00647,2.53718,1.59304,2.36622,11.91947
2023-09-19,4.00647,2.53718,1.59304,2.36622,11.91947
2023-09-20,4.00647,2.53718,1.59304,2.36622,11.91947
2023-09-21,3.97184,2.52853,1.58817,2.35175,11.71339
2023-09-22,3.97239,2.52867,1.58825,2.35198,11.71667
2023-09-25,3.99126,2.53342,1.59092,2.35988,11.82797
2023-09-26,3.93133,2.51841,1.58246,2.33481,11.47275
2023-09-27,3.94054,2.52075,1.58378,2.33868,11.52652
2023-09-28,3.9735,2.52912,1.58846,2.35252,11.71936
2023-09-29,3.97639,2.52984,1.58887,2.35373,11.73638
2023-10-02,4.00957,2.53819,1.59356,2.36763,11.93228
2023-10-03,3.93921,2.52064,1.58367,2.33823,11.51346
2023-10-04,3.99281,2.53425,1.59129,2.36075,11.82683
2023-10-05,3.98105,2.5313,1.58963,2.35582,11.75714
2023-10-06,4.04775,2.54806,1.59906,2.38376,12.15113
2023-10-09,4.0684,2.55316,1.60194,2.39236,12.27507
2023-10-10,4.07013,2.55358,1.60219,2.39308,12.28556
2023-10-11,4.07013,2.55358,1.60219,2.39308,12.28556
2023-10-12,4.07013,2.55358,1.60219,2.39308,12.28556
2023-10-13,4.07013,2.55358,1.60219,2.39308,12.28556
2023-10-16,4.07013,2.55358,1.60219,2.39308,12.28556
2023-10-17,4.07013,2.55358,1.60219,2.39308,12.28556
2023-10-18,4.07013,2.55358,1.60219,2.39308,12.28556
2023-10-19,4.07013,2.55358,1.60219,2.39308,12.28556
2023-10-20,4.0131,2.53957,1.59535,2.37265,11.94124
2023-10-23,4.02521,2.54259,1.59681,2.37701,12.0133
2023-10-24,4.06437,2.55232,1.60155,2.3911,12.24703
2023-10-25,4.03485,2.54505,1.598,2.38052,12.06914
2023-10-26,4.03485,2.54505,1.598,2.38052,12.06914
2023-10-27,4.01979,2.54132,1.59636,2.37563,11.97908
2023-10-30,4.06508,2.55259,1.60131,2.39036,12.24898
2023-10-31,4.08452,2.55737,1.60342,2.39666,12.36613
2023-11-01,4.09237,2.55929,1.60427,2.39919,12.41365
2023-11-02,4.09237,2.55929,1.60427,2.39919,12.41365
2023-11-03,4.09237,2.55929,1.60427,2.39919,12.41365
2023-11-06,4.09237,2.55929,1.60427,2.39919,12.41365
2023-11-07,4.09237,2.55929,1.60427,2.39919,12.41365
2023-11-08,4.09237,2.55929,1.60427,2.39919,12.41365
2023-11-09,4.09237,2.55929,1.60427,2.39919,12.41365
2023-11-10,4.09237,2.55929,1.60427,2.39919,12.41365
2023-11-13,4.09237,2.55929,1.60427,2.39919,12.41365
2023-11-14,4.09237,2.55929,1.60427,2.39919,12.41365
2023-11-15,4.09237,2.55929,1.60427,2.39919,12.41365
2023-11-16,4.09237,2.55929,1.60427,2.39919,12.41365
2023-11-17,4.09237,2.55929,1.60427,2.39919,12.41365
2023-11-20,4.09237,2.55929,1.60427,2.39919,12.41365
2023-11-21,4.09237,2.55929,1.60427,2.39919,12.41365
2023-11-22,4.09237,2.55929,1.60427,2.39919,12.41365
2023-11-24,4.09237,2.55929,1.60427,2.39919,12.41365
2023-11-27,4.09237,2.55929,1.60427,2.39919,12.41365
2023-11-28,4.09237,2.55929,1.60427,2.39919,12.41365
2023-11-29,4.09237,2.55929,1.60427,2.39919,12.41365
2023-11-30,4.09237,2.55929,1.60427,2.39919,12.41365
2023-12-01,4.09237,2.55929,1.60427,2.39919,12.41365
2023-12-04,4.09237,2.55929,1.60427,2.39919,12.41365
2023-12-05,4.12118,2.56633,1.60879,2.41273,12.58846
2023-12-06,4.15081,2.57352,1.61343,2.42663,12.76949
2023-12-07,4.15081,2.57352,1.61343,2.42663,12.76949
2023-12-08,4.15081,2.57352,1.61343,2.42663,12.76949
2023-12-11,4.15081,2.57352,1.61343,2.42663,12.76949
2023-12-12,4.15081,2.57352,1.61343,2.42663,12.76949
2023-12-13,4.15081,2.57352,1.61343,2.42663,12.76949
2023-12-14,4.15081,2.57352,1.61343,2.42663,12.76949
2023-12-15,4.15081,2.57352,1.61343,2.42663,12.76949
2023-12-18,4.15081,2.57352,1.61343,2.42663,12.76949
2023-12-19,4.15081,2.57352,1.61343,2.42663,12.76949
2023-12-20,4.15081,2.57352,1.61343,2.42663,12.76949
2023-12-21,4.15081,2.57352,1.61343,2.42663,12.76949
2023-12-22,4.15081,2.57352,1.61343,2.42663,12.76949
2023-12-26,4.15081,2.57352,1.61343,2.42663,12.76949
2023-12-27,4.15081,2.57352,1.61343,2.42663,12.76949
2023-12-28,4.15081,2.57352,1.61343,2.42663,12.76949
2023-12-29,4.15081,2.57352,1.61343,2.42663,12.76949
2024-01-02,4.15081,2.57352,1.61343,2.42663,12.76949
2024-01-03,4.13214,2.56902,1.61023,2.41703,12.65461
2024-01-04,4.11087,2.56388,1.60659,2.40608,12.52435
2024-01-05,4.11575,2.56506,1.60743,2.40859,12.55406
2024-01-08,4.20081,2.58573,1.62204,2.45239,13.07299
2024-01-09,4.16719,2.57773,1.61633,2.43512,12.86373
2024-01-10,4.16719,2.57773,1.61633,2.43512,12.86373
2024-01-11,4.16719,2.57773,1.61633,2.43512,12.86373
2024-01-12,4.16719,2.57773,1.61633,2.43512,12.86373
2024-01-16,4.16719,2.57773,1.61633,2.43512,12.86373
2024-01-17,4.16719,2.57773,1.61633,2.43512,12.86373
2024-01-18,4.16719,2.57773,1.61633,2.43512,12.86373
2024-01-19,4.16719,2.57773,1.61633,2.43512,12.86373
2024-01-22,4.16719,2.57773,1.61633,2.43512,12.86373
2024-01-23,4.16719,2.57773,1.61633,2.43512,12.86373
2024-01-24,4.16719,2.57773,1.61633,2.43512,12.86373
2024-01-25,4.16719,2.57773,1.61633,2.43512,12.86373
2024-01-26,4.16719,2.57773,1.61633,2.43512,12.86373
2024-01-29,4.16719,2.57773,1.61633,2.43512,12.86373
2024-01-30,4.16719,2.57773,1.61633,2.43512,12.86373
2024-01-31,4.16719,2.57773,1.61633,2.43512,12.86373
2024-02-01,4.19584,2.5846,1.6209,2.44888,13.04061
2024-02-02,4.26675,2.6015,1.63215,2.4829,13.48139
2024-02-05,4.26522,2.60114,1.63191,2.48216,13.47168
2024-02-06,4.26522,2.60114,1.63191,2.48216,13.47168
2024-02-07,4.26522,2.60114,1.63191,2.48216,13.47168
2024-02-08,4.26522,2.60114,1.63191,2.48216,13.47168
2024-02-09,4.26522,2.60114,1.63191,2.48216,13.47168
2024-02-12,4.26522,2.60114,1.63191,2.48216,13.47168
2024-02-13,4.26522,2.60114,1.63191,2.48216,13.47168
2024-02-14,4.26522,2.60114,1.63191,2.48216,13.47168
2024-02-15,4.26522,2.60114,1.63191,2.48216,13.47168
2024-02-16,4.26522,2.60114,1.63191,2.48216,13.47168
2024-02-20,4.26522,2.60114,1.63191,2.48216,13.47168
2024-02-21,4.27373,2.60314,1.6332,2.48609,13.52545
2024-02-22,4.39885,2.63241,1.65217,2.54382,14.31738
2024-02-23,4.4125,2.63552,1.6542,2.55008,14.40629
2024-02-26,4.4125,2.63552,1.6542,2.55008,14.40629
2024-02-27,4.4125,2.63552,1.6542,2.55008,14.40629
2024-02-28,4.4125,2.63552,1.6542,2.55008,14.40629
2024-02-29,4.4125,2.63552,1.6542,2.55008,14.40629
2024-03-01,4.4125,2.63552,1.6542,2.55008,14.40629
2024-03-04,4.4125,2.63552,1.6542,2.55008,14.40629
2024-03-05,4.4125,2.63552,1.6542,2.55008,14.40629
2024-03-06,4.4125,2.63552,1.6542,2.55008,14.40629
2024-03-07,4.4125,2.63552,1.6542,2.55008,14.40629
2024-03-08,4.4125,2.63552,1.6542,2.55008,14.40629
2024-03-11,4.4125,2.63552,1.6542,2.55008,14.40629
2024-03-12,4.4125,2.63552,1.6542,2.55008,14.40629
2024-03-13,4.4125,2.63552,1.6542,2.55008,14.40629
2024-03-14,4.4125,2.63552,1.6542,2.55008,14.40629
2024-03-15,4.4125,2.63552,1.6542,2.55008,14.40629
2024-03-18,4.39773,2.63217,1.65215,2.54376,14.30985
2024-03-19,4.40869,2.63466,1.65367,2.54845,14.38115
2024-03-20,4.46096,2.64652,1.66093,2.57082,14.72218
2024-03-21,4.51007,2.65753,1.6677,2.59177,15.04634
2024-03-22,4.51007,2.65753,1.6677,2.59177,15.04634
2024-03-25,4.51007,2.65753,1.6677,2.59177,15.04634
2024-03-26,4.51007,2.65753,1.6677,2.59177,15.04634
2024-03-27,4.51007,2.65753,1.6677,2.59177,15.04634
2024-03-28,4.51007,2.65753,1.6677,2.59177,15.04634
2024-04-01,4.51007,2.65753,1.6677,2.59177,15.04634
2024-04-02,4.51007,2.65753,1.6677,2.59177,15.04634
2024-04-03,4.54007,2.66418,1.6723,2.60606,15.24646
2024-04-04,4.58121,2.67324,1.67858,2.62564,15.52281
2024-04-05,4.61761,2.68119,1.68365,2.6415,15.76945
2024-04-08,4.61897,2.68148,1.68384,2.64209,15.77876
2024-04-09,4.63606,2.68518,1.6862,2.64952,15.89551
2024-04-10,4.59559,2.67645,1.68061,2.63194,15.61802
2024-04-11,4.66898,2.69242,1.69081,2.66389,16.1168
2024-04-12,4.6219,2.68234,1.68433,2.64347,15.7918
2024-04-15,4.6219,2.68234,1.68433,2.64347,15.7918
2024-04-16,4.62173,2.6823,1.68431,2.64341,15.79067
2024-04-17,4.56534,2.6701,1.67752,2.6221,15.40533
2024-04-18,4.53929,2.66439,1.67436,2.61221,15.22952
2024-04-19,4.44538,2.64371,1.66291,2.5765,14.59935
2024-04-22,4.49008,2.65376,1.66844,2.59362,14.89299
2024-04-23,4.55709,2.66869,1.67666,2.6192,15.33748
2024-04-24,4.58835,2.67555,1.68046,2.63107,15.5479
2024-04-25,4.58835,2.67555,1.68046,2.63107,15.5479
2024-04-26,4.58835,2.67555,1.68046,2.63107,15.5479
2024-04-29,4.58835,2.67555,1.68046,2.63107,15.5479
2024-04-30,4.58835,2.67555,1.68046,2.63107,15.5479
2024-05-01,4.58835,2.67555,1.68046,2.63107,15.5479
2024-05-02,4.58835,2.67555,1.68046,2.63107,15.5479
2024-05-03,4.58835,2.67555,1.68046,2.63107,15.5479
2024-05-06,4.58835,2.67555,1.68046,2.63107,15.5479
2024-05-07,4.58835,2.67555,1.68046,2.63107,15.5479
2024-05-08,4.58835,2.67555,1.68046,2.63107,15.5479
2024-05-09,4.58835,2.67555,1.68046,2.63107,15.5479
2024-05-10,4.58835,2.67555,1.68046,2.63107,15.5479
2024-05-13,4.58835,2.67555,1.68046,2.63107,15.5479
2024-05-14,4.58835,2.67555,1.68046,2.63107,15.5479
2024-05-15,4.58835,2.67555,1.68046,2.63107,15.5479
2024-05-16,4.58835,2.67555,1.68046,2.63107,15.5479
2024-05-17,4.58835,2.67555,1.68046,2.63107,15.5479
2024-05-20,4.58835,2.67555,1.68046,2.63107,15.5479
2024-05-21,4.58835,2.67555,1.68046,2.63107,15.5479
2024-05-22,4.58835,2.67555,1.68046,2.63107,15.5479
2024-05-23,4.58835,2.67555,1.68046,2.63107,15.5479
2024-05-24,4.58835,2.67555,1.68046,2.63107,15.5479
2024-05-28,4.58835,2.67555,1.68046,2.63107,15.5479
2024-05-29,4.58835,2.67555,1.68046,2.63107,15.5479
2024-05-30,4.58835,2.67555,1.68046,2.63107,15.5479
2024-05-31,4.57519,2.67268,1.67837,2.62451,15.45875
2024-06-03,4.59976,2.67805,1.68229,2.63677,15.62476
2024-06-04,4.61235,2.68078,1.68429,2.64305,15.71027
2024-06-05,4.70533,2.70094,1.69906,2.68941,16.34371
2024-06-06,4.70998,2.70193,1.69979,2.69172,16.376
2024-06-07,4.70998,2.70193,1.69979,2.69172,16.376
2024-06-10,4.70998,2.70193,1.69979,2.69172,16.376
2024-06-11,4.70998,2.70193,1.69979,2.69172,16.376
2024-06-12,4.70998,2.70193,1.69979,2.69172,16.376
2024-06-13,4.70998,2.70193,1.69979,2.69172,16.376
2024-06-14,4.70998,2.70193,1.69979,2.69172,16.376
2024-06-17,4.70998,2.70193,1.69979,2.69172,16.376
2024-06-18,4.70998,2.70193,1.69979,2.69172,16.376
2024-06-20,4.70998,2.70193,1.69979,2.69172,16.376
2024-06-21,4.70998,2.70193,1.69979,2.69172,16.376
2024-06-24,4.70998,2.70193,1.69979,2.69172,16.376
2024-06-25,4.74036,2.70838,1.70461,2.70696,16.58724
2024-06-26,4.75015,2.71045,1.70615,2.71186,16.65575
2024-06-27,4.7453,2.70943,1.70539,2.70944,16.62176
2024-06-28,4.7453,2.70943,1.70539,2.70944,16.62176
2024-07-01,4.7453,2.70943,1.70539,2.70944,16.62176
2024-07-02,4.7453,2.70943,1.70539,2.70944,16.62176
2024-07-03,4.7453,2.70943,1.70539,2.70944,16.62176
2024-07-05,4.7453,2.70943,1.70539,2.70944,16.62176
2024-07-08,4.7453,2.70943,1.70539,2.70944,16.62176
2024-07-09,4.7453,2.70943,1.70539,2.70944,16.62176
2024-07-10,4.7453,2.70943,1.70539,2.70944,16.62176
2024-07-11,4.7453,2.70943,1.70539,2.70944,16.62176
2024-07-12,4.7453,2.70943,1.70539,2.70944,16.62176
2024-07-15,4.7453,2.70943,1.70539,2.70944,16.62176
2024-07-16,4.7453,2.70943,1.70539,2.70944,16.62176
2024-07-17,4.7453,2.70943,1.70539,2.70944,16.62176
2024-07-18,4.68393,2.69649,1.6972,2.68341,16.19181
2024-07-19,4.64241,2.68763,1.69161,2.66574,15.90477
2024-07-22,4.71157,2.70253,1.70097,2.69524,16.37867
2024-07-23,4.69497,2.699,1.69874,2.68818,16.26321
2024-07-24,4.52656,2.66313,1.67611,2.61657,15.09647
2024-07-25,4.47664,2.6521,1.66925,2.59514,14.76351
2024-07-26,4.52255,2.66236,1.67561,2.6149,15.06635
2024-07-29,4.53164,2.66437,1.67686,2.61881,15.12687
2024-07-30,4.46941,2.65064,1.66831,2.5921,14.71144
2024-07-31,4.60168,2.68023,1.68664,2.64907,15.58218
2024-08-01,4.49022,2.65601,1.67147,2.60142,14.82733
2024-08-02,4.38364,2.63228,1.65674,2.55556,14.12348
2024-08-05,4.25294,2.60246,1.63839,2.49896,13.28126
2024-08-06,4.29358,2.61201,1.64421,2.5167,13.53507
2024-08-07,4.35938,2.62734,1.65356,2.54535,13.94998
2024-08-08,4.35938,2.62734,1.65356,2.54535,13.94998
2024-08-09,4.35938,2.62734,1.65356,2.54535,13.94998
2024-08-12,4.35938,2.62734,1.65356,2.54535,13.94998
2024-08-13,4.35938,2.62734,1.65356,2.54535,13.94998
2024-08-14,4.35938,2.62734,1.65356,2.54535,13.94998
2024-08-15,4.35938,2.62734,1.65356,2.54535,13.94998
2024-08-16,4.35938,2.62734,1.65356,2.54535,13.94998
2024-08-19,4.35938,2.62734,1.65356,2.54535,13.94998
2024-08-20,4.35938,2.62734,1.65356,2.54535,13.94998
2024-08-21,4.35938,2.62734,1.65356,2.54535,13.94998
2024-08-22,4.35938,2.62734,1.65356,2.54535,13.94998
2024-08-23,4.35938,2.62734,1.65356,2.54535,13.94998
2024-08-26,4.35938,2.62734,1.65356,2.54535,13.94998
2024-08-27,4.35938,2.62734,1.65356,2.54535,13.94998
2024-08-28,4.35938,2.62734,1.65356,2.54535,13.94998
2024-08-29,4.35938,2.62734,1.65356,2.54535,13.94998
2024-08-30,4.35938,2.62734,1.65356,2.54535,13.94998
2024-09-03,4.35938,2.62734,1.65356,2.54535,13.94998
2024-09-04,4.35938,2.62734,1.65356,2.54535,13.94998
2024-09-05,4.37686,2.63135,1.65522,2.55045,14.06181
2024-09-06,4.36793,2.62931,1.65438,2.54785,14.00446
2024-09-09,4.37924,2.6319,1.65542,2.55105,14.07696
2024-09-10,4.41971,2.64114,1.65913,2.5625,14.33716
2024-09-11,4.42954,2.64336,1.66003,2.56527,14.40093
2024-09-12,4.42954,2.64336,1.66003,2.56527,14.40093
2024-09-13,4.42954,2.64336,1.66003,2.56527,14.40093
2024-09-16,4.42954,2.64336,1.66003,2.56527,14.40093
2024-09-17,4.42954,2.64336,1.66003,2.56527,14.40093
2024-09-18,4.42954,2.64336,1.66003,2.56527,14.40093
2024-09-19,4.42954,2.64336,1.66003,2.56527,14.40093
2024-09-20,4.42954,2.64336,1.66003,2.56527,14.40093
2024-09-23,4.42954,2.64336,1.66003,2.56527,14.40093
2024-09-24,4.42954,2.64336,1.66003,2.56527,14.40093
2024-09-25,4.42954,2.64336,1.66003,2.56527,14.40093
2024-09-26,4.42954,2.64336,1.66003,2.56527,14.40093
2024-09-27,4.42954,2.64336,1.66003,2.56527,14.40093
2024-09-30,4.42954,2.64336,1.66003,2.56527,14.40093
2024-10-01,4.42954,2.64336,1.66003,2.56527,14.40093
2024-10-02,4.44198,2.64617,1.66148,2.56975,14.48182
2024-10-03,4.43866,2.64543,1.66109,2.56856,14.46018
2024-10-04,4.49043,2.65709,1.66712,2.5872,14.79746
2024-10-07,4.49043,2.65709,1.66712,2.5872,14.79746
2024-10-08,4.49043,2.65709,1.66712,2.5872,14.79746
2024-10-09,4.49043,2.65709,1.66712,2.5872,14.79746
2024-10-10,4.49043,2.65709,1.66712,2.5872,14.79746
2024-10-11,4.49043,2.65709,1.66712,2.5872,14.79746
2024-10-14,4.49043,2.65709,1.66712,2.5872,14.79746
2024-10-15,4.49043,2.65709,1.66712,2.5872,14.79746
2024-10-16,4.49043,2.65709,1.66712,2.5872,14.79746
2024-10-17,4.49043,2.65709,1.66712,2.5872,14.79746
2024-10-18,4.49043,2.65709,1.66712,2.5872,14.79746
2024-10-21,4.49043,2.65709,1.66712,2.5872,14.79746
2024-10-22,4.49043,2.65709,1.66712,2.5872,14.79746
2024-10-23,4.49043,2.65709,1.66712,2.5872,14.79746
2024-10-24,4.4901,2.65701,1.66708,2.58706,14.79529
2024-10-25,4.51746,2.66311,1.67082,2.59869,14.9756
2024-10-28,4.54382,2.66894,1.67442,2.60988,15.1504
2024-10-29,4.54382,2.66894,1.67442,2.60988,15.1504
2024-10-30,4.54382,2.66894,1.67442,2.60988,15.1504
2024-10-31,4.54382,2.66894,1.67442,2.60988,15.1504
2024-11-01,4.55961,2.67242,1.6765,2.61636,15.25565
2024-11-04,4.54632,2.6695,1.67475,2.61091,15.16676
2024-11-05,4.60432,2.68226,1.6824,2.63474,15.55373
2024-11-06,4.72939,2.70943,1.69875,2.68596,16.3987
2024-11-07,4.75339,2.7145,1.70183,2.69571,16.56515
2024-11-08,4.75339,2.7145,1.70183,2.69571,16.56515
2024-11-11,4.75339,2.7145,1.70183,2.69571,16.56515
2024-11-12,4.75339,2.7145,1.70183,2.69571,16.56515
2024-11-13,4.75339,2.7145,1.70183,2.69571,16.56515
2024-11-14,4.75339,2.7145,1.70183,2.69571,16.56515
2024-11-15,4.69084,2.70134,1.69311,2.66806,16.12918
2024-11-18,4.72343,2.70829,1.69769,2.68251,16.3533
2024-11-19,4.75593,2.71517,1.70224,2.6969,16.57832
2024-11-20,4.75072,2.71407,1.70151,2.69459,16.54199
2024-11-21,4.75072,2.71407,1.70151,2.69459,16.54199
2024-11-22,4.75072,2.71407,1.70151,2.69459,16.54199
2024-11-25,4.75072,2.71407,1.70151,2.69459,16.54199
2024-11-26,4.75072,2.71407,1.70151,2.69459,16.54199
2024-11-27,4.75072,2.71407,1.70151,2.69459,16.54199
2024-11-29,4.75072,2.71407,1.70151,2.69459,16.54199
2024-12-02,4.75072,2.71407,1.70151,2.69459,16.54199
2024-12-03,4.75072,2.71407,1.70151,2.69459,16.54199
2024-12-04,4.75072,2.71407,1.70151,2.69459,16.54199
2024-12-05,4.75072,2.71407,1.70151,2.69459,16.54199
2024-12-06,4.75072,2.71407,1.70151,2.69459,16.54199
2024-12-09,4.75072,2.71407,1.70151,2.69459,16.54199
2024-12-10,4.75072,2.71407,1.70151,2.69459,16.54199
2024-12-11,4.75072,2.71407,1.70151,2.69459,16.54199
2024-12-12,4.75072,2.71407,1.70151,2.69459,16.54199
2024-12-13,4.75072,2.71407,1.70151,2.69459,16.54199
2024-12-16,4.75072,2.71407,1.70151,2.69459,16.54199
2024-12-17,4.75072,2.71407,1.70151,2.69459,16.54199
2024-12-18,4.75072,2.71407,1.70151,2.69459,16.54199
2024-12-19,4.68438,2.70011,1.69302,2.66768,16.08006
2024-12-20,4.72529,2.70884,1.69831,2.68434,16.3609
2024-12-23,4.77133,2.71859,1.70422,2.70306,16.67969
2024-12-24,4.78682,2.72183,1.7062,2.70933,16.788
2024-12-26,4.78682,2.72183,1.7062,2.70933,16.788
2024-12-27,4.78682,2.72183,1.7062,2.70933,16.788
2024-12-30,4.78682,2.72183,1.7062,2.70933,16.788
2024-12-31,4.73194,2.71037,1.69996,2.6895,16.4031
2025-01-02,4.72269,2.70841,1.6989,2.68614,16.33893
2025-01-03,4.79998,2.72478,1.70777,2.71421,16.87371
2025-01-06,4.85514,2.73627,1.71404,2.73414,17.26157
2025-01-07,4.86243,2.73777,1.71486,2.73676,17.31338
2025-01-08,4.86243,2.73777,1.71486,2.73676,17.31338
2025-01-10,4.86243,2.73777,1.71486,2.73676,17.31338
2025-01-13,4.90228,2.74597,1.71889,2.74961,17.59714
2025-01-14,4.89762,2.74502,1.71842,2.74811,17.56373
2025-01-15,5.0103,2.76802,1.72975,2.78435,18.37188
2025-01-16,4.9752,2.76102,1.72628,2.77317,18.11446
2025-01-17,5.05917,2.7779,1.73463,2.8,18.72595
2025-01-21,5.08884,2.78376,1.73754,2.80941,18.9456
2025-01-22,5.15391,2.79655,1.74391,2.83,19.43007
2025-01-23,5.12739,2.7914,1.74134,2.82165,19.23013
2025-01-24,5.12739,2.7914,1.74134,2.82165,19.23013
2025-01-27,5.12739,2.7914,1.74134,2.82165,19.23013
2025-01-28,5.19038,2.80369,1.74746,2.84148,19.7026
2025-01-29,5.19424,2.80443,1.74783,2.84269,19.73196
2025-01-30,5.19424,2.80443,1.74783,2.84269,19.73196
2025-01-31,5.19424,2.80443,1.74783,2.84269,19.73196
2025-02-03,5.19424,2.80443,1.74783,2.84269,19.73196
2025-02-04,5.19424,2.80443,1.74783,2.84269,19.73196
2025-02-05,5.19424,2.80443,1.74783,2.84269,19.73196
2025-02-06,5.19424,2.80443,1.74783,2.84269,19.73196
2025-02-07,5.19424,2.80443,1.74783,2.84269,19.73196
2025-02-10,5.19424,2.80443,1.74783,2.84269,19.73196
2025-02-11,5.19424,2.80443,1.74783,2.84269,19.73196
2025-02-12,5.19424,2.80443,1.74783,2.84269,19.73196
2025-02-13,5.19424,2.80443,1.74783,2.84269,19.73196
2025-02-14,5.19424,2.80443,1.74783,2.84269,19.73196
2025-02-18,5.19424,2.80443,1.74783,2.84269,19.73196
2025-02-19,5.19424,2.80443,1.74783,2.84269,19.73196
2025-02-20,5.19424,2.80443,1.74783,2.84269,19.73196
2025-02-21,5.19424,2.80443,1.74783,2.84269,19.73196
2025-02-24,5.11287,2.78877,1.73834,2.81182,19.11372
2025-02-25,5.04845,2.77617,1.73075,2.78725,18.63207
2025-02-26,5.06065,2.77858,1.7322,2.79192,18.72209
2025-02-27,4.92011,2.75081,1.71552,2.73816,17.68222
2025-02-28,4.9978,2.7666,1.72491,2.76814,18.24068
2025-03-03,4.88844,2.74472,1.71183,2.72615,17.44238
2025-03-04,4.87369,2.7417,1.71003,2.72044,17.3371
2025-03-05,4.93722,2.75474,1.71776,2.74503,17.78912
2025-03-06,4.85297,2.73767,1.7076,2.71255,17.18198
2025-03-07,4.85297,2.73767,1.7076,2.71255,17.18198
2025-03-10,4.85297,2.73767,1.7076,2.71255,17.18198
2025-03-11,4.85297,2.73767,1.7076,2.71255,17.18198
2025-03-12,4.85297,2.73767,1.7076,2.71255,17.18198
2025-03-13,4.85297,2.73767,1.7076,2.71255,17.18198
2025-03-14,4.85297,2.73767,1.7076,2.71255,17.18198
2025-03-17,4.85297,2.73767,1.7076,2.71255,17.18198
2025-03-18,4.85297,2.73767,1.7076,2.71255,17.18198
2025-03-19,4.85297,2.73767,1.7076,2.71255,17.18198
2025-03-20,4.85297,2.73767,1.7076,2.71255,17.18198
2025-03-21,4.85297,2.73767,1.7076,2.71255,17.18198
2025-03-24,4.85297,2.73767,1.7076,2.71255,17.18198
2025-03-25,4.85297,2.73767,1.7076,2.71255,17.18198
2025-03-26,4.85297,2.73767,1.7076,2.71255,17.18198
2025-03-27,4.85297,2.73767,1.7076,2.71255,17.18198
2025-03-28,4.85297,2.73767,1.7076,2.71255,17.18198
2025-03-31,4.85297,2.73767,1.7076,2.71255,17.18198
2025-04-01,4.85297,2.73767,1.7076,2.71255,17.18198
2025-04-02,4.85297,2.73767,1.7076,2.71255,17.18198
2025-04-03,4.85297,2.73767,1.7076,2.71255,17.18198
2025-04-04,4.85297,2.73767,1.7076,2.71255,17.18198
2025-04-07,4.85297,2.73767,1.7076,2.71255,17.18198
2025-04-08,4.85297,2.73767,1.7076,2.71255,17.18198
2025-04-09,4.85297,2.73767,1.7076,2.71255,17.18198
2025-04-10,4.85297,2.73767,1.7076,2.71255,17.18198
2025-04-11,4.85297,2.73767,1.7076,2.71255,17.18198
2025-04-14,4.85297,2.73767,1.7076,2.71255,17.18198
2025-04-15,4.85297,2.73767,1.7076,2.71255,17.18198
2025-04-16,4.85297,2.73767,1.7076,2.71255,17.18198
2025-04-17,4.85297,2.73767,1.7076,2.71255,17.18198
2025-04-21,4.85297,2.73767,1.7076,2.71255,17.18198
2025-04-22,4.85297,2.73767,1.7076,2.71255,17.18198
2025-04-23,4.85297,2.73767,1.7076,2.71255,17.18198
2025-04-24,4.85297,2.73767,1.7076,2.71255,17.18198
2025-04-25,4.85297,2.73767,1.7076,2.71255,17.18198
2025-04-28,4.85297,2.73767,1.7076,2.71255,17.18198
2025-04-29,4.85297,2.73767,1.7076,2.71255,17.18198
2025-04-30,4.85297,2.73767,1.7076,2.71255,17.18198
2025-05-01,4.85297,2.73767,1.7076,2.71255,17.18198
2025-05-02,4.85297,2.73767,1.7076,2.71255,17.18198
2025-05-05,4.85297,2.73767,1.7076,2.71255,17.18198
2025-05-06,4.85297,2.73767,1.7076,2.71255,17.18198
2025-05-07,4.85297,2.73767,1.7076,2.71255,17.18198
2025-05-08,4.85297,2.73767,1.7076,2.71255,17.18198
2025-05-09,4.85297,2.73767,1.7076,2.71255,17.18198
2025-05-12,4.85297,2.73767,1.7076,2.71255,17.18198
2025-05-13,4.85297,2.73767,1.7076,2.71255,17.18198
2025-05-14,4.85297,2.73767,1.7076,2.71255,17.18198
2025-05-15,4.85297,2.73767,1.7076,2.71255,17.18198
2025-05-16,4.85297,2.73767,1.7076,2.71255,17.18198
2025-05-19,4.85297,2.73767,1.7076,2.71255,17.18198
2025-05-20,4.85297,2.73767,1.7076,2.71255,17.18198
2025-05-21,4.85297,2.73767,1.7076,2.71255,17.18198
2025-05-22,4.85375,2.73783,1.70767,2.71277,17.18754
2025-05-23,4.8088,2.72857,1.70382,2.70053,16.8692
2025-05-27,4.87162,2.74164,1.70924,2.71771,17.30991
2025-05-28,4.87162,2.74164,1.70924,2.71771,17.30991
2025-05-29,4.87162,2.74164,1.70924,2.71771,17.30991
2025-05-30,4.87162,2.74164,1.70924,2.71771,17.30991
2025-06-02,4.87162,2.74164,1.70924,2.71771,17.30991
2025-06-03,4.87162,2.74164,1.70924,2.71771,17.30991
2025-06-04,4.87162,2.74164,1.70924,2.71771,17.30991
2025-06-05,4.87162,2.74164,1.70924,2.71771,17.30991
2025-06-06,4.87162,2.74164,1.70924,2.71771,17.30991
2025-06-09,4.87162,2.74164,1.70924,2.71771,17.30991
2025-06-10,4.87162,2.74164,1.70924,2.71771,17.30991
2025-06-11,4.87162,2.74164,1.70924,2.71771,17.30991
2025-06-12,4.87162,2.74164,1.70924,2.71771,17.30991
2025-06-13,4.87162,2.74164,1.70924,2.71771,17.30991
2025-06-16,4.87162,2.74164,1.70924,2.71771,17.30991
2025-06-17,4.87162,2.74164,1.70924,2.71771,17.30991
2025-06-18,4.87162,2.74164,1.70924,2.71771,17.30991
2025-06-20,4.87162,2.74164,1.70924,2.71771,17.30991
2025-06-23,4.87162,2.74164,1.70924,2.71771,17.30991
2025-06-24,4.87162,2.74164,1.70924,2.71771,17.30991
2025-06-25,4.87162,2.74164,1.70924,2.71771,17.30991
2025-06-26,4.87162,2.74164,1.70924,2.71771,17.30991
2025-06-27,4.87162,2.74164,1.70924,2.71771,17.30991
2025-06-30,4.87162,2.74164,1.70924,2.71771,17.30991
2025-07-01,4.87162,2.74164,1.70924,2.71771,17.30991
2025-07-02,4.87162,2.74164,1.70924,2.71771,17.30991
2025-07-03,4.87162,2.74164,1.70924,2.71771,17.30991
2025-07-07,4.87162,2.74164,1.70924,2.71771,17.30991
2025-07-08,4.87162,2.74164,1.70924,2.71771,17.30991
2025-07-09,4.87162,2.74164,1.70924,2.71771,17.30991
2025-07-10,4.87162,2.74164,1.70924,2.71771,17.30991
2025-07-11,4.87162,2.74164,1.70924,2.71771,17.30991
2025-07-14,4.87162,2.74164,1.70924,2.71771,17.30991
2025-07-15,4.87162,2.74164,1.70924,2.71771,17.30991
2025-07-16,4.87162,2.74164,1.70924,2.71771,17.30991
2025-07-17,4.87162,2.74164,1.70924,2.71771,17.30991
2025-07-18,4.87162,2.74164,1.70924,2.71771,17.30991
2025-07-21,4.87162,2.74164,1.70924,2.71771,17.30991
2025-07-22,4.87162,2.74164,1.70924,2.71771,17.30991
2025-07-23,4.87162,2.74164,1.70924,2.71771,17.30991
2025-07-24,4.87162,2.74164,1.70924,2.71771,17.30991
2025-07-25,4.87162,2.74164,1.70924,2.71771,17.30991
2025-07-28,4.87162,2.74164,1.70924,2.71771,17.30991
2025-07-29,4.87162,2.74164,1.70924,2.71771,17.30991
2025-07-30,4.87162,2.74164,1.70924,2.71771,17.30991
2025-07-31,4.87162,2.74164,1.70924,2.71771,17.30991
2025-08-01,4.87162,2.74164,1.70924,2.71771,17.30991
2025-08-04,4.91317,2.75017,1.71578,2.73853,17.60518
2025-08-05,4.87981,2.74338,1.71055,2.72183,17.36611
2025-08-06,4.94121,2.75596,1.72022,2.75259,17.80316
2025-08-07,4.95793,2.75934,1.72283,2.76095,17.92366
2025-08-08,5.00418,2.76867,1.73005,2.78408,18.25805
2025-08-11,4.98938,2.76571,1.72775,2.77668,18.15
2025-08-12,5.05209,2.77828,1.7375,2.80802,18.60625
2025-08-13,5.05461,2.77878,1.73789,2.80929,18.62485
2025-08-14,5.05069,2.77801,1.73728,2.80733,18.59598
2025-08-15,5.02848,2.77361,1.73385,2.79624,18.43243
2025-08-18,5.02648,2.77321,1.73354,2.79524,18.41774
2025-08-19,4.95828,2.75964,1.72298,2.76119,17.91797
2025-08-20,4.92884,2.75371,1.71839,2.74646,17.7052
2025-08-21,4.90602,2.74908,1.71482,2.73504,17.54126
2025-08-22,4.98171,2.7645,1.7267,2.77294,18.08249
2025-08-25,4.96734,2.76162,1.72446,2.76575,17.97817
2025-08-26,4.98729,2.76563,1.72757,2.77573,18.12254
2025-08-27,4.99495,2.76717,1.72876,2.77956,18.17824
2025-08-28,4.99785,2.76775,1.72921,2.78101,18.19935
2025-08-29,4.99785,2.76775,1.72921,2.78101,18.19935
2025-09-02,4.99785,2.76775,1.72921,2.78101,18.19935
2025-09-03,5.00273,2.76873,1.72994,2.78334,18.23485
2025-09-04,5.0061,2.7694,1.73044,2.78496,18.25945
2025-09-05,5.0061,2.7694,1.73044,2.78496,18.25945
2025-09-08,5.0061,2.7694,1.73044,2.78496,18.25945
2025-09-09,5.0061,2.7694,1.73044,2.78496,18.25945
2025-09-10,5.0061,2.7694,1.73044,2.78496,18.25945
2025-09-11,5.0061,2.7694,1.73044,2.78496,18.25945
2025-09-12,5.0061,2.7694,1.73044,2.78496,18.25945
2025-09-15,5.0061,2.7694,1.73044,2.78496,18.25945
2025-09-16,5.0061,2.7694,1.73044,2.78496,18.25945
2025-09-17,5.0061,2.7694,1.73044,2.78496,18.25945
2025-09-18,5.0061,2.7694,1.73044,2.78496,18.25945
2025-09-19,5.0061,2.7694,1.73044,2.78496,18.25945
2025-09-22,5.0061,2.7694,1.73044,2.78496,18.25945
2025-09-23,5.0061,2.7694,1.73044,2.78496,18.25945
2025-09-24,5.0061,2.7694,1.73044,2.78496,18.25945
2025-09-25,5.0061,2.7694,1.73044,2.78496,18.25945
2025-09-26,5.0061,2.7694,1.73044,2.78496,18.25945
2025-09-29,5.0061,2.7694,1.73044,2.78496,18.25945
2025-09-30,5.0061,2.7694,1.73044,2.78496,18.25945
2025-10-01,5.0061,2.7694,1.73044,2.78496,18.25945
2025-10-02,5.0061,2.7694,1.73044,2.78496,18.25945
2025-10-03,5.0061,2.7694,1.73044,2.78496,18.25945
2025-10-06,5.0061,2.7694,1.73044,2.78496,18.25945
2025-10-07,5.0061,2.7694,1.73044,2.78496,18.25945
2025-10-08,5.0061,2.7694,1.73044,2.78496,18.25945
2025-10-09,5.0061,2.7694,1.73044,2.78496,18.25945
2025-10-10,5.0061,2.7694,1.73044,2.78496,18.25945
2025-10-13,5.02304,2.77278,1.73288,2.79281,18.38302
2025-10-14,4.98958,2.76612,1.72807,2.77731,18.13813
2025-10-15,5.03721,2.77567,1.73494,2.7994,18.48439
2025-10-16,5.03721,2.77567,1.73494,2.7994,18.48439
2025-10-17,5.03721,2.77567,1.73494,2.7994,18.48439
2025-10-20,5.03721,2.77567,1.73494,2.7994,18.48439
2025-10-21,5.03721,2.77567,1.73494,2.7994,18.48439
2025-10-22,5.03721,2.77567,1.73494,2.7994,18.48439
2025-10-23,5.03721,2.77567,1.73494,2.7994,18.48439
2025-10-24,5.03721,2.77567,1.73494,2.7994,18.48439
2025-10-27,5.03721,2.77567,1.73494,2.7994,18.48439
2025-10-28,5.03721,2.77567,1.73494,2.7994,18.48439
2025-10-29,5.03721,2.77567,1.73494,2.7994,18.48439
2025-10-30,5.03721,2.77567,1.73494,2.7994,18.48439
2025-10-31,5.03721,2.77567,1.73494,2.7994,18.48439
2025-11-03,5.03721,2.77567,1.73494,2.7994,18.48439
2025-11-04,5.03721,2.77567,1.73494,2.7994,18.48439
2025-11-05,5.03721,2.77567,1.73494,2.7994,18.48439
2025-11-06,5.03721,2.77567,1.73494,2.7994,18.48439
2025-11-07,5.03721,2.77567,1.73494,2.7994,18.48439
2025-11-10,5.06975,2.78213,1.73868,2.81146,18.72323
2025-11-11,5.04559,2.77736,1.73592,2.80253,18.54476
2025-11-12,5.04559,2.77736,1.73592,2.80253,18.54476
2025-11-13,5.04559,2.77736,1.73592,2.80253,18.54476
2025-11-14,5.12138,2.79238,1.74404,2.82874,19.10187
2025-11-17,5.07764,2.78384,1.7394,2.8137,18.77559
2025-11-18,5.01581,2.77167,1.7328,2.79236,18.31838
2025-11-19,5.04576,2.77764,1.73603,2.80274,18.5371
2025-11-20,4.92632,2.75397,1.72323,2.76143,17.65949
2025-11-21,4.96333,2.76148,1.72726,2.77435,17.92483
2025-11-24,5.09026,2.78705,1.74101,2.81853,18.84162
2025-11-25,5.07384,2.78383,1.73927,2.81287,18.72009
2025-11-26,5.07384,2.78383,1.73927,2.81287,18.72009
2025-11-28,5.07384,2.78383,1.73927,2.81287,18.72009
2025-12-01,5.07384,2.78383,1.73927,2.81287,18.72009
2025-12-02,5.07384,2.78383,1.73927,2.81287,18.72009
2025-12-03,5.07384,2.78383,1.73927,2.81287,18.72009
2025-12-04,5.07384,2.78383,1.73927,2.81287,18.72009
2025-12-05,5.07384,2.78383,1.73927,2.81287,18.72009
2025-12-08,5.07384,2.78383,1.73927,2.81287,18.72009
2025-12-09,5.07384,2.78383,1.73927,2.81287,18.72009
2025-12-10,5.07384,2.78383,1.73927,2.81287,18.72009
2025-12-11,5.07384,2.78383,1.73927,2.81287,18.72009
2025-12-12,5.07384,2.78383,1.73927,2.81287,18.72009
2025-12-15,5.00709,2.77067,1.73197,2.78927,18.22754
2025-12-16,5.01701,2.77265,1.73307,2.7928,18.29978
2025-12-17,4.92401,2.75412,1.72282,2.75979,17.62133
2025-12-18,4.99536,2.76861,1.73078,2.78529,18.13201
2025-12-19,5.06048,2.78164,1.73797,2.80844,18.60472
2025-12-22,5.08473,2.78643,1.74063,2.81702,18.78308
2025-12-23,5.10855,2.79112,1.74323,2.82543,18.95902
2025-12-24,5.12349,2.79404,1.74486,2.8307,19.06995
2025-12-26,5.12692,2.79471,1.74523,2.83191,19.09549
2025-12-29,5.12692,2.79471,1.74523,2.83191,19.09549
2025-12-30,5.12692,2.79471,1.74523,2.83191,19.09549
2025-12-31,5.12692,2.79471,1.74523,2.83191,19.09549
2026-01-02,5.06701,2.78303,1.73682,2.80462,18.64916
2026-01-05,5.10725,2.79097,1.74251,2.82299,18.94542
2026-01-06,5.15213,2.79976,1.74882,2.84344,19.27835
2026-01-07,5.15709,2.80072,1.74951,2.8457,19.31546
2026-01-08,5.14633,2.79863,1.74801,2.8408,19.23489
2026-01-09,5.14633,2.79863,1.74801,2.8408,19.23489
2026-01-12,5.14633,2.79863,1.74801,2.8408,19.23489
2026-01-13,5.14633,2.79863,1.74801,2.8408,19.23489
2026-01-14,5.14633,2.79863,1.74801,2.8408,19.23489
2026-01-15,5.10419,2.79044,1.74218,2.82185,18.9199
2026-01-16,5.09992,2.78961,1.74158,2.81992,18.88825
2026-01-20,4.99157,2.76836,1.7265,2.77109,18.08561
2026-01-21,5.05904,2.78188,1.73601,2.80162,18.57458
2026-01-22,5.09582,2.78915,1.74116,2.81822,18.84464
2026-01-23,5.11191,2.79231,1.7434,2.82547,18.96364
2026-01-26,5.1344,2.79671,1.74652,2.83561,19.13052
2026-01-27,5.16014,2.80172,1.75009,2.84719,19.32233
2026-01-28,5.16014,2.80172,1.75009,2.84719,19.32233
2026-01-29,5.16014,2.80172,1.75009,2.84719,19.32233
2026-01-30,5.16014,2.80172,1.75009,2.84719,19.32233
2026-02-02,5.21958,2.81324,1.75744,2.87111,19.76749
2026-02-03,5.13939,2.79788,1.7476,2.83894,19.16007
2026-02-04,5.04961,2.78041,1.73646,2.80277,18.49065
2026-02-05,4.97692,2.76601,1.72735,2.77334,17.9583
2026-02-06,5.08212,2.78715,1.74066,2.8161,18.7175
2026-02-09,5.12105,2.79481,1.74552,2.83183,19.00426
2026-02-10,5.12674,2.79592,1.74623,2.83413,19.04647
2026-02-11,5.12674,2.79592,1.74623,2.83413,19.04647
2026-02-12,5.12674,2.79592,1.74623,2.83413,19.04647
2026-02-13,5.13689,2.7979,1.74723,2.83736,19.12192
2026-02-17,5.1316,2.79687,1.74671,2.83568,19.08253
2026-02-18,5.13595,2.79772,1.74714,2.83706,19.11484
2026-02-19,5.13595,2.79772,1.74714,2.83706,19.11484
2026-02-20,5.13595,2.79772,1.74714,2.83706,19.11484
2026-02-23,5.13595,2.79772,1.74714,2.83706,19.11484
2026-02-24,5.13595,2.79772,1.74714,2.83706,19.11484
2026-02-25,5.13595,2.79772,1.74714,2.83706,19.11484
2026-02-26,5.13595,2.79772,1.74714,2.83706,19.11484
2026-02-27,5.13595,2.79772,1.74714,2.83706,19.11484
2026-03-02,5.13595,2.79772,1.74714,2.83706,19.11484
2026-03-03,5.13595,2.79772,1.74714,2.83706,19.11484
2026-03-04,5.18937,2.80812,1.75239,2.85411,19.51253
2026-03-05,5.15833,2.80214,1.74936,2.84424,19.27907
2026-03-06,5.15833,2.80214,1.74936,2.84424,19.27907
2026-03-09,5.15833,2.80214,1.74936,2.84424,19.27907
2026-03-10,5.15833,2.80214,1.74936,2.84424,19.27907
2026-03-11,5.15833,2.80214,1.74936,2.84424,19.27907
2026-03-12,5.15833,2.80214,1.74936,2.84424,19.27907
2026-03-13,5.10408,2.79162,1.74414,2.8273,18.8736
2026-03-16,5.16134,2.80284,1.74969,2.84527,19.29703
2026-03-17,5.18653,2.80772,1.75211,2.85314,19.48537
2026-03-18,5.1683,2.8042,1.75036,2.84745,19.34839
2026-03-19,5.1683,2.8042,1.75036,2.84745,19.34839
2026-03-20,5.1683,2.8042,1.75036,2.84745,19.34839
2026-03-23,5.1683,2.8042,1.75036,2.84745,19.34839
2026-03-24,5.1683,2.8042,1.75036,2.84745,19.34839
2026-03-25,5.1683,2.8042,1.75036,2.84745,19.34839
2026-03-26,5.1683,2.8042,1.75036,2.84745,19.34839
2026-03-27,5.1683,2.8042,1.75036,2.84745,19.34839
2026-03-30,5.1683,2.8042,1.75036,2.84745,19.34839
2026-03-31,5.1683,2.8042,1.75036,2.84745,19.34839
2026-04-01,5.1683,2.8042,1.75036,2.84745,19.34839
2026-04-02,5.1683,2.8042,1.75036,2.84745,19.34839
2026-04-06,5.1683,2.8042,1.75036,2.84745,19.34839
2026-04-07,5.1683,2.8042,1.75036,2.84745,19.34839
2026-04-08,5.1683,2.8042,1.75036,2.84745,19.34839
2026-04-09,5.1683,2.8042,1.75036,2.84745,19.34839
2026-04-10,5.1683,2.8042,1.75036,2.84745,19.34839
2026-04-13,5.1683,2.8042,1.75036,2.84745,19.34839
2026-04-14,5.1683,2.8042,1.75036,2.84745,19.34839
2026-04-15,5.1683,2.8042,1.75036,2.84745,19.34839
2026-04-16,5.1683,2.8042,1.75036,2.84745,19.34839
2026-04-17,5.1683,2.8042,1.75036,2.84745,19.34839
2026-04-20,5.1683,2.8042,1.75036,2.84745,19.34839
2026-04-21,5.1683,2.8042,1.75036,2.84745,19.34839
2026-04-22,5.1683,2.8042,1.75036,2.84745,19.34839
2026-04-23,5.1683,2.8042,1.75036,2.84745,19.34839
2026-04-24,5.1683,2.8042,1.75036,2.84745,19.34839
2026-04-27,5.1683,2.8042,1.75036,2.84745,19.34839
2026-04-28,5.1683,2.8042,1.75036,2.84745,19.34839
2026-04-29,5.1683,2.8042,1.75036,2.84745,19.34839
2026-04-30,5.1683,2.8042,1.75036,2.84745,19.34839
2026-05-01,5.1683,2.8042,1.75036,2.84745,19.34839
2026-05-04,5.1683,2.8042,1.75036,2.84745,19.34839
2026-05-05,5.1683,2.8042,1.75036,2.84745,19.34839
2026-05-06,5.1683,2.8042,1.75036,2.84745,19.34839
2026-05-07,5.1683,2.8042,1.75036,2.84745,19.34839
2026-05-08,5.1683,2.8042,1.75036,2.84745,19.34839
2026-05-11,5.1683,2.8042,1.75036,2.84745,19.34839
2026-05-12,5.1683,2.8042,1.75036,2.84745,19.34839
2026-05-13,5.1683,2.8042,1.75036,2.84745,19.34839
2026-05-14,5.1683,2.8042,1.75036,2.84745,19.34839
2026-05-15,5.1683,2.8042,1.75036,2.84745,19.34839
2026-05-18,5.1683,2.8042,1.75036,2.84745,19.34839
2026-05-19,5.1683,2.8042,1.75036,2.84745,19.34839
2026-05-20,5.22328,2.81484,1.75637,2.867,19.76008
2026-05-21,5.19022,2.80851,1.75278,2.85529,19.5099
2026-05-22,5.19022,2.80851,1.75278,2.85529,19.5099
2026-05-26,5.19022,2.80851,1.75278,2.85529,19.5099
2026-05-27,5.19022,2.80851,1.75278,2.85529,19.5099
2026-05-28,5.19022,2.80851,1.75278,2.85529,19.5099
2026-05-29,5.19022,2.80851,1.75278,2.85529,19.5099
2026-06-01,5.19022,2.80851,1.75278,2.85529,19.5099
2026-06-02,5.19022,2.80851,1.75278,2.85529,19.5099
2026-06-03,5.19022,2.80851,1.75278,2.85529,19.5099
2026-06-04,5.19022,2.80851,1.75278,2.85529,19.5099
2026-06-05,5.19022,2.80851,1.75278,2.85529,19.5099
2026-06-08,5.17505,2.80559,1.75124,2.85026,19.39586
2026-06-09,5.1155,2.79408,1.74516,2.83047,18.94948
2026-06-10,5.01331,2.77411,1.73465,2.79637,18.19239
2026-06-11,5.18264,2.80788,1.75232,2.85334,19.42132
2026-06-12,5.21313,2.81377,1.75543,2.86346,19.6499
2026-06-15,5.33159,2.83649,1.76746,2.90271,20.5429
2026-06-16,5.33159,2.83649,1.76746,2.90271,20.5429
2026-06-17,5.33159,2.83649,1.76746,2.90271,20.5429
2026-06-18,5.33159,2.83649,1.76746,2.90271,20.5429
2026-06-22,5.33159,2.83649,1.76746,2.90271,20.5429
2026-06-23,5.33159,2.83649,1.76746,2.90271,20.5429
2026-06-24,5.33159,2.83649,1.76746,2.90271,20.5429
2026-06-25,5.25904,2.82288,1.76205,2.88496,19.9838
2026-06-26,5.18666,2.80912,1.7566,2.86712,19.4337
2026-06-29,5.31557,2.83397,1.76641,2.89914,20.39972
2026-06-30,5.40601,2.85099,1.77316,2.9213,21.09391
2026-07-01,5.3504,2.8407,1.76907,2.9078,20.65997
2026-07-02,5.3504,2.8407,1.76907,2.9078,20.65997
2026-07-06,5.3504,2.8407,1.76907,2.9078,20.65997
2026-07-07,5.3504,2.8407,1.76907,2.9078,20.65997
2026-07-08,5.3504,2.8407,1.76907,2.9078,20.65997
2026-07-09,5.3504,2.8407,1.76907,2.9078,20.65997
2026-07-10,5.3504,2.8407,1.76907,2.9078,20.65997
2026-07-13,5.3504,2.8407,1.76907,2.9078,20.65997
2026-07-14,5.3504,2.8407,1.76907,2.9078,20.65997
2026-07-15,5.3504,2.8407,1.76907,2.9078,20.65997
2026-07-16,5.3504,2.8407,1.76907,2.9078,20.65997
2026-07-17,5.37618,2.84552,1.77103,2.91427,20.85906
2026-07-20,5.38183,2.84657,1.77146,2.91568,20.90285
2026-07-21,5.48164,2.86512,1.77905,2.94065,21.67824
2026-07-22,5.45365,2.86001,1.77695,2.93372,21.45686
2026-07-23,5.36839,2.84438,1.77054,2.91254,20.78595
2026-07-24,5.36839,2.84438,1.77054,2.91254,20.78595
2026-07-27,5.29155,2.83006,1.76435,2.89219,20.19088
2026-07-28,5.24012,2.82034,1.76016,2.87846,19.79838
2026-07-29,5.13337,2.79997,1.75141,2.84983,18.99178
2026-07-30,5.30264,2.83295,1.76551,2.89571,20.24426
2026-07-31,5.33709,2.83944,1.76831,2.9049,20.50725
2026-08-03,5.4308,2.857,1.77589,2.9298,21.2274
2026-08-04,5.61527,2.89097,1.79062,2.97839,22.6695
2026-08-05,5.63107,2.89378,1.79185,2.98248,22.79709
2026-08-06,5.63107,2.89378,1.79185,2.98248,22.79709
2026-08-07,5.63107,2.89378,1.79185,2.98248,22.79709
2026-08-10,5.63107,2.89378,1.79185,2.98248,22.79709
2026-08-11,5.63107,2.89378,1.79185,2.98248,22.79709
2026-08-12,5.63107,2.89378,1.79185,2.98248,22.79709
2026-08-13,5.63107,2.89378,1.79185,2.98248,22.79709
2026-08-14,5.63107,2.89378,1.79185,2.98248,22.79709
2026-08-17,5.63107,2.89378,1.79185,2.98248,22.79709
2026-08-18,5.63107,2.89378,1.79185,2.98248,22.79709
2026-08-19,5.59458,2.8873,1.78843,2.97112,22.50165
2026-08-20,5.55435,2.88011,1.78465,2.95856,22.17799
2026-08-21,5.57396,2.88364,1.7865,2.9647,22.33459
2026-08-24,5.51833,2.87366,1.78126,2.94731,21.8888
2026-08-25,5.55271,2.87989,1.78453,2.9581,22.16151
2026-08-26,5.55778,2.88081,1.78501,2.95969,22.20205
2026-08-27,5.63388,2.8945,1.79219,2.98351,22.81003
2026-08-28,5.62037,2.8921,1.79093,2.9793,22.70059
2026-08-31,5.62037,2.8921,1.79093,2.9793,22.70059
2026-09-01,5.62037,2.8921,1.79093,2.9793,22.70059
2026-09-02,5.63456,2.89462,1.7925,2.98454,22.81524
2026-09-03,5.64453,2.89639,1.7936,2.98821,22.89595
2026-09-04,5.64453,2.89639,1.7936,2.98821,22.89595
2026-09-08,5.64453,2.89639,1.7936,2.98821,22.89595
2026-09-09,5.64453,2.89639,1.7936,2.98821,22.89595
2026-09-10,5.64453,2.89639,1.7936,2.98821,22.89595
2026-09-11,5.6354,2.89478,1.79245,2.98437,22.82191
2026-09-14,5.59047,2.8868,1.78677,2.96546,22.45797
2026-09-15,5.55389,2.88026,1.78213,2.95004,22.1641
2026-09-16,5.55531,2.88051,1.78231,2.95064,22.17542
2026-09-17,5.65148,2.89783,1.79457,2.99123,22.94322
2026-09-18,5.68719,2.90414,1.79907,3.00625,23.23316
2026-09-21,5.73556,2.91265,1.80515,3.02657,23.62836
