Date,capital_100,fijo_10k,riesgo_1pct_atr,riesgo_2pct_atr,apalancado_x2
1999-12-21,1.0,1.0,1.0,1.0,1.0
1999-12-22,1.0,1.0,1.0,1.0,1.0
1999-12-23,1.0,1.0,1.0,1.0,1.0
1999-12-27,1.0,1.0,1.0,1.0,1.0
1999-12-28,1.0,1.0,1.0,1.0,1.0
1999-12-29,1.0,1.0,1.0,1.0,1.0
1999-12-30,1.0,1.0,1.0,1.0,1.0
1999-12-31,1.0,1.0,1.0,1.0,1.0
2000-01-03,1.0,1.0,1.0,1.0,1.0
2000-01-04,1.0,1.0,1.0,1.0,1.0
2000-01-05,1.0,1.0,1.0,1.0,1.0
2000-01-06,1.0,1.0,1.0,1.0,1.0
2000-01-07,1.06654,1.06654,1.00779,1.01557,1.13307
2000-01-10,1.11173,1.10891,1.01278,1.02565,1.22909
2000-01-11,1.10515,1.10299,1.01208,1.02422,1.21455
2000-01-12,1.10515,1.10299,1.01208,1.02422,1.21455
2000-01-13,1.10515,1.10299,1.01208,1.02422,1.21455
2000-01-14,1.10515,1.10299,1.01208,1.02422,1.21455
2000-01-18,1.10515,1.10299,1.01208,1.02422,1.21455
2000-01-19,1.10515,1.10299,1.01208,1.02422,1.21455
2000-01-20,1.10515,1.10299,1.01208,1.02422,1.21455
2000-01-21,1.10515,1.10299,1.01208,1.02422,1.21455
2000-01-24,1.10515,1.10299,1.01208,1.02422,1.21455
2000-01-25,1.12,1.11643,1.0137,1.0275,1.24719
2000-01-26,1.07604,1.07718,1.00897,1.0179,1.14929
2000-01-27,1.08807,1.08836,1.01031,1.02061,1.17498
2000-01-28,1.03096,1.03587,1.004,1.00786,1.05164
2000-01-31,1.08206,1.08543,1.00992,1.01975,1.15588
2000-02-01,1.11211,1.11321,1.01326,1.02649,1.22009
2000-02-02,1.10855,1.11001,1.01287,1.02571,1.21228
2000-02-03,1.10855,1.11001,1.01287,1.02571,1.21228
2000-02-04,1.10855,1.11001,1.01287,1.02571,1.21228
2000-02-07,1.10855,1.11001,1.01287,1.02571,1.21228
2000-02-08,1.10855,1.11001,1.01287,1.02571,1.21228
2000-02-09,1.10855,1.11001,1.01287,1.02571,1.21228
2000-02-10,1.10855,1.11001,1.01287,1.02571,1.21228
2000-02-11,1.10855,1.11001,1.01287,1.02571,1.21228
2000-02-14,1.10855,1.11001,1.01287,1.02571,1.21228
2000-02-15,1.10855,1.11001,1.01287,1.02571,1.21228
2000-02-16,1.10855,1.11001,1.01287,1.02571,1.21228
2000-02-17,1.10855,1.11001,1.01287,1.02571,1.21228
2000-02-18,1.10855,1.11001,1.01287,1.02571,1.21228
2000-02-22,1.10855,1.11001,1.01287,1.02571,1.21228
2000-02-23,1.10855,1.11001,1.01287,1.02571,1.21228
2000-02-24,1.10855,1.11001,1.01287,1.02571,1.21228
2000-02-25,1.10855,1.11001,1.01287,1.02571,1.21228
2000-02-28,1.10855,1.11001,1.01287,1.02571,1.21228
2000-02-29,1.10855,1.11001,1.01287,1.02571,1.21228
2000-03-01,1.10855,1.11001,1.01287,1.02571,1.21228
2000-03-02,1.10855,1.11001,1.01287,1.02571,1.21228
2000-03-03,1.10855,1.11001,1.01287,1.02571,1.21228
2000-03-06,1.10855,1.11001,1.01287,1.02571,1.21228
2000-03-07,1.10855,1.11001,1.01287,1.02571,1.21228
2000-03-08,1.10855,1.11001,1.01287,1.02571,1.21228
2000-03-09,1.10855,1.11001,1.01287,1.02571,1.21228
2000-03-10,1.10855,1.11001,1.01287,1.02571,1.21228
2000-03-13,1.10855,1.11001,1.01287,1.02571,1.21228
2000-03-14,1.10855,1.11001,1.01287,1.02571,1.21228
2000-03-15,1.07126,1.07637,1.0089,1.01767,1.13072
2000-03-16,1.12881,1.13009,1.01522,1.03041,1.2522
2000-03-17,1.15286,1.1514,1.01774,1.03553,1.30558
2000-03-20,1.15424,1.15259,1.01788,1.03581,1.30869
2000-03-21,1.15424,1.15259,1.01788,1.03581,1.30869
2000-03-22,1.15424,1.15259,1.01788,1.03581,1.30869
2000-03-23,1.15424,1.15259,1.01788,1.03581,1.30869
2000-03-24,1.15424,1.15259,1.01788,1.03581,1.30869
2000-03-27,1.15424,1.15259,1.01788,1.03581,1.30869
2000-03-28,1.15424,1.15259,1.01788,1.03581,1.30869
2000-03-29,1.15424,1.15259,1.01788,1.03581,1.30869
2000-03-30,1.15366,1.15209,1.01782,1.0357,1.30738
2000-03-31,1.17786,1.17307,1.02022,1.04059,1.36224
2000-04-03,1.11332,1.11828,1.01394,1.02776,1.21295
2000-04-04,1.08374,1.09171,1.0109,1.02161,1.14849
2000-04-05,1.06492,1.07434,1.00893,1.01762,1.10859
2000-04-06,1.10055,1.1078,1.01273,1.02528,1.18278
2000-04-07,1.14022,1.14384,1.01683,1.03359,1.26804
2000-04-10,1.07567,1.08723,1.01036,1.02043,1.12449
2000-04-11,1.05147,1.06473,1.0078,1.01526,1.07388
2000-04-12,0.98828,1.00463,1.00099,1.00153,0.9448
2000-04-13,0.95735,0.97334,0.99746,0.99448,0.88567
2000-04-14,0.85785,0.86941,0.9858,0.97123,0.70157
2000-04-17,0.95735,0.98539,0.99866,0.99657,0.86431
2000-04-18,0.98693,1.01629,1.00213,1.0035,0.91773
2000-04-19,0.9945,1.02396,1.003,1.00523,0.93181
2000-04-20,0.9945,1.02396,1.003,1.00523,0.93181
2000-04-24,0.9945,1.02396,1.003,1.00523,0.93181
2000-04-25,0.9945,1.02396,1.003,1.00523,0.93181
2000-04-26,0.9945,1.02396,1.003,1.00523,0.93181
2000-04-27,0.9945,1.02396,1.003,1.00523,0.93181
2000-04-28,0.9945,1.02396,1.003,1.00523,0.93181
2000-05-01,0.9945,1.02396,1.003,1.00523,0.93181
2000-05-02,0.9945,1.02396,1.003,1.00523,0.93181
2000-05-03,0.9945,1.02396,1.003,1.00523,0.93181
2000-05-04,0.9945,1.02396,1.003,1.00523,0.93181
2000-05-05,0.9945,1.02396,1.003,1.00523,0.93181
2000-05-08,0.9945,1.02396,1.003,1.00523,0.93181
2000-05-09,0.9945,1.02396,1.003,1.00523,0.93181
2000-05-10,0.94246,0.97163,0.99904,0.9973,0.83429
2000-05-11,0.99842,1.03101,1.00351,1.00623,0.93336
2000-05-12,0.99768,1.03027,1.00346,1.00612,0.93199
2000-05-15,1.04407,1.07677,1.00697,1.01317,1.01865
2000-05-16,1.07279,1.10427,1.00906,1.01737,1.07468
2000-05-17,1.05091,1.08388,1.00751,1.01424,1.03085
2000-05-18,1.05091,1.08388,1.00751,1.01424,1.03085
2000-05-19,1.05091,1.08388,1.00751,1.01424,1.03085
2000-05-22,1.05091,1.08388,1.00751,1.01424,1.03085
2000-05-23,1.05091,1.08388,1.00751,1.01424,1.03085
2000-05-24,1.05091,1.08388,1.00751,1.01424,1.03085
2000-05-25,1.05091,1.08388,1.00751,1.01424,1.03085
2000-05-26,1.05091,1.08388,1.00751,1.01424,1.03085
2000-05-30,1.05091,1.08388,1.00751,1.01424,1.03085
2000-05-31,1.05091,1.08388,1.00751,1.01424,1.03085
2000-06-01,1.05091,1.08388,1.00751,1.01424,1.03085
2000-06-02,1.05091,1.08388,1.00751,1.01424,1.03085
2000-06-05,1.05091,1.08388,1.00751,1.01424,1.03085
2000-06-06,1.05091,1.08388,1.00751,1.01424,1.03085
2000-06-07,1.05091,1.08388,1.00751,1.01424,1.03085
2000-06-08,1.05091,1.08388,1.00751,1.01424,1.03085
2000-06-09,1.05091,1.08388,1.00751,1.01424,1.03085
2000-06-12,1.05091,1.08388,1.00751,1.01424,1.03085
2000-06-13,1.05091,1.08388,1.00751,1.01424,1.03085
2000-06-14,1.05091,1.08388,1.00751,1.01424,1.03085
2000-06-15,1.05091,1.08388,1.00751,1.01424,1.03085
2000-06-16,1.05091,1.08388,1.00751,1.01424,1.03085
2000-06-19,1.05091,1.08388,1.00751,1.01424,1.03085
2000-06-20,1.05091,1.08388,1.00751,1.01424,1.03085
2000-06-21,1.05091,1.08388,1.00751,1.01424,1.03085
2000-06-22,1.05091,1.08388,1.00751,1.01424,1.03085
2000-06-23,1.05091,1.08388,1.00751,1.01424,1.03085
2000-06-26,1.06308,1.09546,1.0088,1.01684,1.05473
2000-06-27,1.04686,1.0802,1.0071,1.01341,1.02254
2000-06-28,1.05956,1.09233,1.00845,1.01613,1.04734
2000-06-29,1.03486,1.06903,1.00585,1.01089,0.99853
2000-06-30,1.0518,1.08539,1.00767,1.01455,1.0312
2000-07-03,1.07366,1.10618,1.00999,1.01921,1.07408
2000-07-05,1.0562,1.08992,1.00817,1.01555,1.03915
2000-07-06,1.0562,1.08992,1.00817,1.01555,1.03915
2000-07-07,1.0562,1.08992,1.00817,1.01555,1.03915
2000-07-10,1.0562,1.08992,1.00817,1.01555,1.03915
2000-07-11,1.0562,1.08992,1.00817,1.01555,1.03915
2000-07-12,1.0562,1.08992,1.00817,1.01555,1.03915
2000-07-13,1.0562,1.08992,1.00817,1.01555,1.03915
2000-07-14,1.0562,1.08992,1.00817,1.01555,1.03915
2000-07-17,1.0562,1.08992,1.00817,1.01555,1.03915
2000-07-18,1.0562,1.08992,1.00817,1.01555,1.03915
2000-07-19,1.0562,1.08992,1.00817,1.01555,1.03915
2000-07-20,1.0562,1.08992,1.00817,1.01555,1.03915
2000-07-21,1.0562,1.08992,1.00817,1.01555,1.03915
2000-07-24,1.0562,1.08992,1.00817,1.01555,1.03915
2000-07-25,1.0562,1.08992,1.00817,1.01555,1.03915
2000-07-26,1.0562,1.08992,1.00817,1.01555,1.03915
2000-07-27,1.0562,1.08992,1.00817,1.01555,1.03915
2000-07-28,0.99412,1.03114,1.00019,0.99946,0.917
2000-07-31,1.0249,1.0621,1.00436,1.0078,0.97377
2000-08-01,1.01202,1.04953,1.00266,1.00439,0.94929
2000-08-02,0.99484,1.03255,1.00036,0.99979,0.91707
2000-08-03,1.03993,1.07788,1.00647,1.012,1.0002
2000-08-04,1.03063,1.06893,1.00526,1.00956,0.9823
2000-08-07,1.05639,1.09393,1.00865,1.01637,1.03141
2000-08-08,1.05353,1.09122,1.00828,1.01562,1.02583
2000-08-09,1.04924,1.08715,1.00772,1.01451,1.01746
2000-08-10,1.02991,1.06873,1.00522,1.00947,0.97998
2000-08-11,1.04065,1.07915,1.00664,1.01231,1.00041
2000-08-14,1.06427,1.10185,1.00971,1.0185,1.04583
2000-08-15,1.06159,1.09933,1.00937,1.01781,1.04056
2000-08-16,1.06159,1.09933,1.00937,1.01781,1.04056
2000-08-17,1.06159,1.09933,1.00937,1.01781,1.04056
2000-08-18,1.06159,1.09933,1.00937,1.01781,1.04056
2000-08-21,1.06159,1.09933,1.00937,1.01781,1.04056
2000-08-22,1.06159,1.09933,1.00937,1.01781,1.04056
2000-08-23,1.06159,1.09933,1.00937,1.01781,1.04056
2000-08-24,1.06159,1.09933,1.00937,1.01781,1.04056
2000-08-25,1.06159,1.09933,1.00937,1.01781,1.04056
2000-08-28,1.06159,1.09933,1.00937,1.01781,1.04056
2000-08-29,1.06159,1.09933,1.00937,1.01781,1.04056
2000-08-30,1.06159,1.09933,1.00937,1.01781,1.04056
2000-08-31,1.06159,1.09933,1.00937,1.01781,1.04056
2000-09-01,1.06159,1.09933,1.00937,1.01781,1.04056
2000-09-05,1.06159,1.09933,1.00937,1.01781,1.04056
2000-09-06,1.06159,1.09933,1.00937,1.01781,1.04056
2000-09-07,1.07681,1.11367,1.01184,1.02279,1.07041
2000-09-08,1.03982,1.07932,1.00591,1.01081,0.99687
2000-09-11,1.01687,1.05725,1.00213,1.0032,0.95287
2000-09-12,1.00078,1.04142,0.99942,0.99778,0.9227
2000-09-13,1.02407,1.06469,1.00339,1.0057,0.96565
2000-09-14,1.02338,1.06402,1.00327,1.00547,0.96435
2000-09-15,1.00146,1.04261,0.99961,0.99813,0.92304
2000-09-18,0.98434,1.02551,0.9967,0.99231,0.89148
2000-09-19,1.02475,1.06656,1.00367,1.0062,0.96468
2000-09-20,1.03777,1.07926,1.00585,1.01056,0.98918
2000-09-21,1.02698,1.06887,1.00406,1.00698,0.96862
2000-09-22,1.02698,1.06887,1.00406,1.00698,0.96862
2000-09-25,1.02698,1.06887,1.00406,1.00698,0.96862
2000-09-26,1.02698,1.06887,1.00406,1.00698,0.96862
2000-09-27,1.02698,1.06887,1.00406,1.00698,0.96862
2000-09-28,1.02698,1.06887,1.00406,1.00698,0.96862
2000-09-29,1.02698,1.06887,1.00406,1.00698,0.96862
2000-10-02,1.02698,1.06887,1.00406,1.00698,0.96862
2000-10-03,1.02698,1.06887,1.00406,1.00698,0.96862
2000-10-04,1.02698,1.06887,1.00406,1.00698,0.96862
2000-10-05,1.02698,1.06887,1.00406,1.00698,0.96862
2000-10-06,1.02698,1.06887,1.00406,1.00698,0.96862
2000-10-09,1.02698,1.06887,1.00406,1.00698,0.96862
2000-10-10,1.02698,1.06887,1.00406,1.00698,0.96862
2000-10-11,1.02698,1.06887,1.00406,1.00698,0.96862
2000-10-12,1.02698,1.06887,1.00406,1.00698,0.96862
2000-10-13,1.02698,1.06887,1.00406,1.00698,0.96862
2000-10-16,1.02698,1.06887,1.00406,1.00698,0.96862
2000-10-17,1.02698,1.06887,1.00406,1.00698,0.96862
2000-10-18,1.02698,1.06887,1.00406,1.00698,0.96862
2000-10-19,1.02698,1.06887,1.00406,1.00698,0.96862
2000-10-20,1.02698,1.06887,1.00406,1.00698,0.96862
2000-10-23,1.02698,1.06887,1.00406,1.00698,0.96862
2000-10-24,1.02698,1.06887,1.00406,1.00698,0.96862
2000-10-25,1.02698,1.06887,1.00406,1.00698,0.96862
2000-10-26,1.02698,1.06887,1.00406,1.00698,0.96862
2000-10-27,1.02698,1.06887,1.00406,1.00698,0.96862
2000-10-30,1.02698,1.06887,1.00406,1.00698,0.96862
2000-10-31,1.02698,1.06887,1.00406,1.00698,0.96862
2000-11-01,1.02698,1.06887,1.00406,1.00698,0.96862
2000-11-02,1.02698,1.06887,1.00406,1.00698,0.96862
2000-11-03,1.02698,1.06887,1.00406,1.00698,0.96862
2000-11-06,1.02698,1.06887,1.00406,1.00698,0.96862
2000-11-07,1.02698,1.06887,1.00406,1.00698,0.96862
2000-11-08,1.02698,1.06887,1.00406,1.00698,0.96862
2000-11-09,1.02698,1.06887,1.00406,1.00698,0.96862
2000-11-10,1.02698,1.06887,1.00406,1.00698,0.96862
2000-11-13,1.02698,1.06887,1.00406,1.00698,0.96862
2000-11-14,1.02698,1.06887,1.00406,1.00698,0.96862
2000-11-15,1.02698,1.06887,1.00406,1.00698,0.96862
2000-11-16,1.02698,1.06887,1.00406,1.00698,0.96862
2000-11-17,1.02698,1.06887,1.00406,1.00698,0.96862
2000-11-20,1.02698,1.06887,1.00406,1.00698,0.96862
2000-11-21,1.02698,1.06887,1.00406,1.00698,0.96862
2000-11-22,1.02698,1.06887,1.00406,1.00698,0.96862
2000-11-24,1.02698,1.06887,1.00406,1.00698,0.96862
2000-11-27,1.02698,1.06887,1.00406,1.00698,0.96862
2000-11-28,1.02698,1.06887,1.00406,1.00698,0.96862
2000-11-29,1.02698,1.06887,1.00406,1.00698,0.96862
2000-11-30,1.02698,1.06887,1.00406,1.00698,0.96862
2000-12-01,1.02698,1.06887,1.00406,1.00698,0.96862
2000-12-04,1.02698,1.06887,1.00406,1.00698,0.96862
2000-12-05,1.02698,1.06887,1.00406,1.00698,0.96862
2000-12-06,1.02698,1.06887,1.00406,1.00698,0.96862
2000-12-07,1.02698,1.06887,1.00406,1.00698,0.96862
2000-12-08,1.02698,1.06887,1.00406,1.00698,0.96862
2000-12-11,1.02698,1.06887,1.00406,1.00698,0.96862
2000-12-12,1.02698,1.06887,1.00406,1.00698,0.96862
2000-12-13,1.02698,1.06887,1.00406,1.00698,0.96862
2000-12-14,1.02698,1.06887,1.00406,1.00698,0.96862
2000-12-15,1.02698,1.06887,1.00406,1.00698,0.96862
2000-12-18,1.02698,1.06887,1.00406,1.00698,0.96862
2000-12-19,1.02698,1.06887,1.00406,1.00698,0.96862
2000-12-20,1.02698,1.06887,1.00406,1.00698,0.96862
2000-12-21,1.02698,1.06887,1.00406,1.00698,0.96862
2000-12-22,1.02698,1.06887,1.00406,1.00698,0.96862
2000-12-26,1.02698,1.06887,1.00406,1.00698,0.96862
2000-12-27,1.02698,1.06887,1.00406,1.00698,0.96862
2000-12-28,1.02698,1.06887,1.00406,1.00698,0.96862
2000-12-29,1.02698,1.06887,1.00406,1.00698,0.96862
2001-01-02,1.02698,1.06887,1.00406,1.00698,0.96862
2001-01-03,1.02698,1.06887,1.00406,1.00698,0.96862
2001-01-04,1.02698,1.06887,1.00406,1.00698,0.96862
2001-01-05,1.02698,1.06887,1.00406,1.00698,0.96862
2001-01-08,1.02698,1.06887,1.00406,1.00698,0.96862
2001-01-09,1.02698,1.06887,1.00406,1.00698,0.96862
2001-01-10,1.02698,1.06887,1.00406,1.00698,0.96862
2001-01-11,1.02698,1.06887,1.00406,1.00698,0.96862
2001-01-12,1.02698,1.06887,1.00406,1.00698,0.96862
2001-01-16,1.02698,1.06887,1.00406,1.00698,0.96862
2001-01-17,1.02698,1.06887,1.00406,1.00698,0.96862
2001-01-18,1.02698,1.06887,1.00406,1.00698,0.96862
2001-01-19,1.02698,1.06887,1.00406,1.00698,0.96862
2001-01-22,1.02698,1.06887,1.00406,1.00698,0.96862
2001-01-23,1.02698,1.06887,1.00406,1.00698,0.96862
2001-01-24,1.02698,1.06887,1.00406,1.00698,0.96862
2001-01-25,1.02698,1.06887,1.00406,1.00698,0.96862
2001-01-26,1.02698,1.06887,1.00406,1.00698,0.96862
2001-01-29,1.02698,1.06887,1.00406,1.00698,0.96862
2001-01-30,1.02698,1.06887,1.00406,1.00698,0.96862
2001-01-31,1.02698,1.06887,1.00406,1.00698,0.96862
2001-02-01,1.02698,1.06887,1.00406,1.00698,0.96862
2001-02-02,1.02698,1.06887,1.00406,1.00698,0.96862
2001-02-05,1.02698,1.06887,1.00406,1.00698,0.96862
2001-02-06,1.02698,1.06887,1.00406,1.00698,0.96862
2001-02-07,1.02698,1.06887,1.00406,1.00698,0.96862
2001-02-08,1.02698,1.06887,1.00406,1.00698,0.96862
2001-02-09,1.02698,1.06887,1.00406,1.00698,0.96862
2001-02-12,1.02698,1.06887,1.00406,1.00698,0.96862
2001-02-13,1.02698,1.06887,1.00406,1.00698,0.96862
2001-02-14,1.02698,1.06887,1.00406,1.00698,0.96862
2001-02-15,1.02698,1.06887,1.00406,1.00698,0.96862
2001-02-16,1.02698,1.06887,1.00406,1.00698,0.96862
2001-02-20,1.02698,1.06887,1.00406,1.00698,0.96862
2001-02-21,1.02698,1.06887,1.00406,1.00698,0.96862
2001-02-22,1.02698,1.06887,1.00406,1.00698,0.96862
2001-02-23,1.02698,1.06887,1.00406,1.00698,0.96862
2001-02-26,1.02698,1.06887,1.00406,1.00698,0.96862
2001-02-27,1.02698,1.06887,1.00406,1.00698,0.96862
2001-02-28,1.02698,1.06887,1.00406,1.00698,0.96862
2001-03-01,1.02698,1.06887,1.00406,1.00698,0.96862
2001-03-02,1.02698,1.06887,1.00406,1.00698,0.96862
2001-03-05,1.02698,1.06887,1.00406,1.00698,0.96862
2001-03-06,1.02698,1.06887,1.00406,1.00698,0.96862
2001-03-07,1.02698,1.06887,1.00406,1.00698,0.96862
2001-03-08,1.02698,1.06887,1.00406,1.00698,0.96862
2001-03-09,1.02698,1.06887,1.00406,1.00698,0.96862
2001-03-12,1.02698,1.06887,1.00406,1.00698,0.96862
2001-03-13,1.02698,1.06887,1.00406,1.00698,0.96862
2001-03-14,1.02698,1.06887,1.00406,1.00698,0.96862
2001-03-15,1.02698,1.06887,1.00406,1.00698,0.96862
2001-03-16,1.02698,1.06887,1.00406,1.00698,0.96862
2001-03-19,1.02698,1.06887,1.00406,1.00698,0.96862
2001-03-20,1.02698,1.06887,1.00406,1.00698,0.96862
2001-03-21,1.02698,1.06887,1.00406,1.00698,0.96862
2001-03-22,1.02698,1.06887,1.00406,1.00698,0.96862
2001-03-23,1.02698,1.06887,1.00406,1.00698,0.96862
2001-03-26,1.02698,1.06887,1.00406,1.00698,0.96862
2001-03-27,1.02698,1.06887,1.00406,1.00698,0.96862
2001-03-28,1.02698,1.06887,1.00406,1.00698,0.96862
2001-03-29,1.02698,1.06887,1.00406,1.00698,0.96862
2001-03-30,1.02698,1.06887,1.00406,1.00698,0.96862
2001-04-02,1.02698,1.06887,1.00406,1.00698,0.96862
2001-04-03,1.02698,1.06887,1.00406,1.00698,0.96862
2001-04-04,1.02698,1.06887,1.00406,1.00698,0.96862
2001-04-05,1.02698,1.06887,1.00406,1.00698,0.96862
2001-04-06,1.02698,1.06887,1.00406,1.00698,0.96862
2001-04-09,1.02698,1.06887,1.00406,1.00698,0.96862
2001-04-10,1.02698,1.06887,1.00406,1.00698,0.96862
2001-04-11,1.02698,1.06887,1.00406,1.00698,0.96862
2001-04-12,1.02698,1.06887,1.00406,1.00698,0.96862
2001-04-16,1.02698,1.06887,1.00406,1.00698,0.96862
2001-04-17,1.02698,1.06887,1.00406,1.00698,0.96862
2001-04-18,1.02698,1.06887,1.00406,1.00698,0.96862
2001-04-19,1.02698,1.06887,1.00406,1.00698,0.96862
2001-04-20,1.02698,1.06887,1.00406,1.00698,0.96862
2001-04-23,1.02698,1.06887,1.00406,1.00698,0.96862
2001-04-24,1.02698,1.06887,1.00406,1.00698,0.96862
2001-04-25,1.02698,1.06887,1.00406,1.00698,0.96862
2001-04-26,1.02698,1.06887,1.00406,1.00698,0.96862
2001-04-27,1.02698,1.06887,1.00406,1.00698,0.96862
2001-04-30,1.02698,1.06887,1.00406,1.00698,0.96862
2001-05-01,1.02698,1.06887,1.00406,1.00698,0.96862
2001-05-02,1.02698,1.06887,1.00406,1.00698,0.96862
2001-05-03,1.02698,1.06887,1.00406,1.00698,0.96862
2001-05-04,1.02698,1.06887,1.00406,1.00698,0.96862
2001-05-07,1.02698,1.06887,1.00406,1.00698,0.96862
2001-05-08,1.02698,1.06887,1.00406,1.00698,0.96862
2001-05-09,1.02698,1.06887,1.00406,1.00698,0.96862
2001-05-10,1.02698,1.06887,1.00406,1.00698,0.96862
2001-05-11,1.02698,1.06887,1.00406,1.00698,0.96862
2001-05-14,1.02698,1.06887,1.00406,1.00698,0.96862
2001-05-15,1.02698,1.06887,1.00406,1.00698,0.96862
2001-05-16,1.02698,1.06887,1.00406,1.00698,0.96862
2001-05-17,1.02698,1.06887,1.00406,1.00698,0.96862
2001-05-18,1.02698,1.06887,1.00406,1.00698,0.96862
2001-05-21,1.02698,1.06887,1.00406,1.00698,0.96862
2001-05-22,1.02698,1.06887,1.00406,1.00698,0.96862
2001-05-23,1.02698,1.06887,1.00406,1.00698,0.96862
2001-05-24,1.02698,1.06887,1.00406,1.00698,0.96862
2001-05-25,1.02698,1.06887,1.00406,1.00698,0.96862
2001-05-29,1.02698,1.06887,1.00406,1.00698,0.96862
2001-05-30,1.02698,1.06887,1.00406,1.00698,0.96862
2001-05-31,1.02698,1.06887,1.00406,1.00698,0.96862
2001-06-01,1.02698,1.06887,1.00406,1.00698,0.96862
2001-06-04,1.02698,1.06887,1.00406,1.00698,0.96862
2001-06-05,1.02698,1.06887,1.00406,1.00698,0.96862
2001-06-06,1.02698,1.06887,1.00406,1.00698,0.96862
2001-06-07,1.02698,1.06887,1.00406,1.00698,0.96862
2001-06-08,1.02698,1.06887,1.00406,1.00698,0.96862
2001-06-11,1.02698,1.06887,1.00406,1.00698,0.96862
2001-06-12,1.02698,1.06887,1.00406,1.00698,0.96862
2001-06-13,1.02698,1.06887,1.00406,1.00698,0.96862
2001-06-14,1.02698,1.06887,1.00406,1.00698,0.96862
2001-06-15,1.02698,1.06887,1.00406,1.00698,0.96862
2001-06-18,1.02698,1.06887,1.00406,1.00698,0.96862
2001-06-19,1.02698,1.06887,1.00406,1.00698,0.96862
2001-06-20,1.02698,1.06887,1.00406,1.00698,0.96862
2001-06-21,1.02698,1.06887,1.00406,1.00698,0.96862
2001-06-22,1.02698,1.06887,1.00406,1.00698,0.96862
2001-06-25,1.02698,1.06887,1.00406,1.00698,0.96862
2001-06-26,1.02698,1.06887,1.00406,1.00698,0.96862
2001-06-27,1.02698,1.06887,1.00406,1.00698,0.96862
2001-06-28,1.02698,1.06887,1.00406,1.00698,0.96862
2001-06-29,1.02698,1.06887,1.00406,1.00698,0.96862
2001-07-02,1.02698,1.06887,1.00406,1.00698,0.96862
2001-07-03,1.02698,1.06887,1.00406,1.00698,0.96862
2001-07-05,1.02698,1.06887,1.00406,1.00698,0.96862
2001-07-06,1.02698,1.06887,1.00406,1.00698,0.96862
2001-07-09,1.02698,1.06887,1.00406,1.00698,0.96862
2001-07-10,1.02698,1.06887,1.00406,1.00698,0.96862
2001-07-11,1.02698,1.06887,1.00406,1.00698,0.96862
2001-07-12,1.02698,1.06887,1.00406,1.00698,0.96862
2001-07-13,1.02698,1.06887,1.00406,1.00698,0.96862
2001-07-16,1.02698,1.06887,1.00406,1.00698,0.96862
2001-07-17,1.02698,1.06887,1.00406,1.00698,0.96862
2001-07-18,1.02698,1.06887,1.00406,1.00698,0.96862
2001-07-19,1.02698,1.06887,1.00406,1.00698,0.96862
2001-07-20,1.02698,1.06887,1.00406,1.00698,0.96862
2001-07-23,1.02698,1.06887,1.00406,1.00698,0.96862
2001-07-24,1.02698,1.06887,1.00406,1.00698,0.96862
2001-07-25,1.02698,1.06887,1.00406,1.00698,0.96862
2001-07-26,1.02698,1.06887,1.00406,1.00698,0.96862
2001-07-27,1.02698,1.06887,1.00406,1.00698,0.96862
2001-07-30,1.02698,1.06887,1.00406,1.00698,0.96862
2001-07-31,1.02698,1.06887,1.00406,1.00698,0.96862
2001-08-01,1.02698,1.06887,1.00406,1.00698,0.96862
2001-08-02,1.02698,1.06887,1.00406,1.00698,0.96862
2001-08-03,1.02698,1.06887,1.00406,1.00698,0.96862
2001-08-06,1.02698,1.06887,1.00406,1.00698,0.96862
2001-08-07,1.02698,1.06887,1.00406,1.00698,0.96862
2001-08-08,1.02698,1.06887,1.00406,1.00698,0.96862
2001-08-09,1.02698,1.06887,1.00406,1.00698,0.96862
2001-08-10,1.02698,1.06887,1.00406,1.00698,0.96862
2001-08-13,1.02698,1.06887,1.00406,1.00698,0.96862
2001-08-14,1.02698,1.06887,1.00406,1.00698,0.96862
2001-08-15,1.02698,1.06887,1.00406,1.00698,0.96862
2001-08-16,1.02698,1.06887,1.00406,1.00698,0.96862
2001-08-17,1.02698,1.06887,1.00406,1.00698,0.96862
2001-08-20,1.02698,1.06887,1.00406,1.00698,0.96862
2001-08-21,1.02698,1.06887,1.00406,1.00698,0.96862
2001-08-22,1.02698,1.06887,1.00406,1.00698,0.96862
2001-08-23,1.02698,1.06887,1.00406,1.00698,0.96862
2001-08-24,1.02698,1.06887,1.00406,1.00698,0.96862
2001-08-27,1.02698,1.06887,1.00406,1.00698,0.96862
2001-08-28,1.02698,1.06887,1.00406,1.00698,0.96862
2001-08-29,1.02698,1.06887,1.00406,1.00698,0.96862
2001-08-30,1.02698,1.06887,1.00406,1.00698,0.96862
2001-08-31,1.02698,1.06887,1.00406,1.00698,0.96862
2001-09-04,1.02698,1.06887,1.00406,1.00698,0.96862
2001-09-05,1.02698,1.06887,1.00406,1.00698,0.96862
2001-09-06,1.02698,1.06887,1.00406,1.00698,0.96862
2001-09-07,1.02698,1.06887,1.00406,1.00698,0.96862
2001-09-10,1.02698,1.06887,1.00406,1.00698,0.96862
2001-09-17,1.02698,1.06887,1.00406,1.00698,0.96862
2001-09-18,1.02698,1.06887,1.00406,1.00698,0.96862
2001-09-19,1.02698,1.06887,1.00406,1.00698,0.96862
2001-09-20,1.02698,1.06887,1.00406,1.00698,0.96862
2001-09-21,1.02698,1.06887,1.00406,1.00698,0.96862
2001-09-24,1.02698,1.06887,1.00406,1.00698,0.96862
2001-09-25,1.02698,1.06887,1.00406,1.00698,0.96862
2001-09-26,1.02698,1.06887,1.00406,1.00698,0.96862
2001-09-27,1.02698,1.06887,1.00406,1.00698,0.96862
2001-09-28,1.02698,1.06887,1.00406,1.00698,0.96862
2001-10-01,1.02698,1.06887,1.00406,1.00698,0.96862
2001-10-02,1.02698,1.06887,1.00406,1.00698,0.96862
2001-10-03,1.02698,1.06887,1.00406,1.00698,0.96862
2001-10-04,1.02698,1.06887,1.00406,1.00698,0.96862
2001-10-05,1.02698,1.06887,1.00406,1.00698,0.96862
2001-10-08,1.02698,1.06887,1.00406,1.00698,0.96862
2001-10-09,1.02698,1.06887,1.00406,1.00698,0.96862
2001-10-10,1.02698,1.06887,1.00406,1.00698,0.96862
2001-10-11,1.02698,1.06887,1.00406,1.00698,0.96862
2001-10-12,1.02698,1.06887,1.00406,1.00698,0.96862
2001-10-15,1.02698,1.06887,1.00406,1.00698,0.96862
2001-10-16,1.02698,1.06887,1.00406,1.00698,0.96862
2001-10-17,1.02698,1.06887,1.00406,1.00698,0.96862
2001-10-18,1.02698,1.06887,1.00406,1.00698,0.96862
2001-10-19,1.02698,1.06887,1.00406,1.00698,0.96862
2001-10-22,1.02698,1.06887,1.00406,1.00698,0.96862
2001-10-23,1.02698,1.06887,1.00406,1.00698,0.96862
2001-10-24,1.02698,1.06887,1.00406,1.00698,0.96862
2001-10-25,1.02698,1.06887,1.00406,1.00698,0.96862
2001-10-26,1.02698,1.06887,1.00406,1.00698,0.96862
2001-10-29,1.02698,1.06887,1.00406,1.00698,0.96862
2001-10-30,1.02698,1.06887,1.00406,1.00698,0.96862
2001-10-31,1.02698,1.06887,1.00406,1.00698,0.96862
2001-11-01,1.02698,1.06887,1.00406,1.00698,0.96862
2001-11-02,1.02698,1.06887,1.00406,1.00698,0.96862
2001-11-05,1.02698,1.06887,1.00406,1.00698,0.96862
2001-11-06,1.02698,1.06887,1.00406,1.00698,0.96862
2001-11-07,1.02698,1.06887,1.00406,1.00698,0.96862
2001-11-08,1.02698,1.06887,1.00406,1.00698,0.96862
2001-11-09,1.02698,1.06887,1.00406,1.00698,0.96862
2001-11-12,1.02698,1.06887,1.00406,1.00698,0.96862
2001-11-13,1.02698,1.06887,1.00406,1.00698,0.96862
2001-11-14,1.02698,1.06887,1.00406,1.00698,0.96862
2001-11-15,1.02698,1.06887,1.00406,1.00698,0.96862
2001-11-16,1.02698,1.06887,1.00406,1.00698,0.96862
2001-11-19,1.02698,1.06887,1.00406,1.00698,0.96862
2001-11-20,1.02698,1.06887,1.00406,1.00698,0.96862
2001-11-21,1.02698,1.06887,1.00406,1.00698,0.96862
2001-11-23,1.02698,1.06887,1.00406,1.00698,0.96862
2001-11-26,1.02698,1.06887,1.00406,1.00698,0.96862
2001-11-27,1.02698,1.06887,1.00406,1.00698,0.96862
2001-11-28,1.02698,1.06887,1.00406,1.00698,0.96862
2001-11-29,1.02698,1.06887,1.00406,1.00698,0.96862
2001-11-30,1.02698,1.06887,1.00406,1.00698,0.96862
2001-12-03,1.02698,1.06887,1.00406,1.00698,0.96862
2001-12-04,1.02698,1.06887,1.00406,1.00698,0.96862
2001-12-05,1.02698,1.06887,1.00406,1.00698,0.96862
2001-12-06,1.02698,1.06887,1.00406,1.00698,0.96862
2001-12-07,1.02698,1.06887,1.00406,1.00698,0.96862
2001-12-10,1.02698,1.06887,1.00406,1.00698,0.96862
2001-12-11,1.02698,1.06887,1.00406,1.00698,0.96862
2001-12-12,1.02698,1.06887,1.00406,1.00698,0.96862
2001-12-13,1.02698,1.06887,1.00406,1.00698,0.96862
2001-12-14,1.02698,1.06887,1.00406,1.00698,0.96862
2001-12-17,1.02698,1.06887,1.00406,1.00698,0.96862
2001-12-18,1.02698,1.06887,1.00406,1.00698,0.96862
2001-12-19,1.02698,1.06887,1.00406,1.00698,0.96862
2001-12-20,1.02698,1.06887,1.00406,1.00698,0.96862
2001-12-21,1.02698,1.06887,1.00406,1.00698,0.96862
2001-12-24,1.02698,1.06887,1.00406,1.00698,0.96862
2001-12-26,1.02698,1.06887,1.00406,1.00698,0.96862
2001-12-27,1.02698,1.06887,1.00406,1.00698,0.96862
2001-12-28,1.02698,1.06887,1.00406,1.00698,0.96862
2001-12-31,1.02698,1.06887,1.00406,1.00698,0.96862
2002-01-02,1.02698,1.06887,1.00406,1.00698,0.96862
2002-01-03,1.02698,1.06887,1.00406,1.00698,0.96862
2002-01-04,1.02698,1.06887,1.00406,1.00698,0.96862
2002-01-07,1.02698,1.06887,1.00406,1.00698,0.96862
2002-01-08,1.02698,1.06887,1.00406,1.00698,0.96862
2002-01-09,1.02698,1.06887,1.00406,1.00698,0.96862
2002-01-10,1.02698,1.06887,1.00406,1.00698,0.96862
2002-01-11,1.02698,1.06887,1.00406,1.00698,0.96862
2002-01-14,1.02698,1.06887,1.00406,1.00698,0.96862
2002-01-15,1.02698,1.06887,1.00406,1.00698,0.96862
2002-01-16,1.02698,1.06887,1.00406,1.00698,0.96862
2002-01-17,1.02698,1.06887,1.00406,1.00698,0.96862
2002-01-18,1.02698,1.06887,1.00406,1.00698,0.96862
2002-01-22,1.02698,1.06887,1.00406,1.00698,0.96862
2002-01-23,1.02698,1.06887,1.00406,1.00698,0.96862
2002-01-24,1.02698,1.06887,1.00406,1.00698,0.96862
2002-01-25,1.02698,1.06887,1.00406,1.00698,0.96862
2002-01-28,1.02698,1.06887,1.00406,1.00698,0.96862
2002-01-29,1.02698,1.06887,1.00406,1.00698,0.96862
2002-01-30,1.02698,1.06887,1.00406,1.00698,0.96862
2002-01-31,1.02698,1.06887,1.00406,1.00698,0.96862
2002-02-01,1.02698,1.06887,1.00406,1.00698,0.96862
2002-02-04,1.02698,1.06887,1.00406,1.00698,0.96862
2002-02-05,1.02698,1.06887,1.00406,1.00698,0.96862
2002-02-06,1.02698,1.06887,1.00406,1.00698,0.96862
2002-02-07,1.02698,1.06887,1.00406,1.00698,0.96862
2002-02-08,1.02698,1.06887,1.00406,1.00698,0.96862
2002-02-11,1.02698,1.06887,1.00406,1.00698,0.96862
2002-02-12,1.02698,1.06887,1.00406,1.00698,0.96862
2002-02-13,1.02698,1.06887,1.00406,1.00698,0.96862
2002-02-14,1.02698,1.06887,1.00406,1.00698,0.96862
2002-02-15,1.02698,1.06887,1.00406,1.00698,0.96862
2002-02-19,1.02698,1.06887,1.00406,1.00698,0.96862
2002-02-20,1.02698,1.06887,1.00406,1.00698,0.96862
2002-02-21,1.02698,1.06887,1.00406,1.00698,0.96862
2002-02-22,1.02698,1.06887,1.00406,1.00698,0.96862
2002-02-25,1.02698,1.06887,1.00406,1.00698,0.96862
2002-02-26,1.02698,1.06887,1.00406,1.00698,0.96862
2002-02-27,1.02698,1.06887,1.00406,1.00698,0.96862
2002-02-28,1.02698,1.06887,1.00406,1.00698,0.96862
2002-03-01,1.02698,1.06887,1.00406,1.00698,0.96862
2002-03-04,1.02698,1.06887,1.00406,1.00698,0.96862
2002-03-05,1.02698,1.06887,1.00406,1.00698,0.96862
2002-03-06,1.02698,1.06887,1.00406,1.00698,0.96862
2002-03-07,1.02698,1.06887,1.00406,1.00698,0.96862
2002-03-08,1.02698,1.06887,1.00406,1.00698,0.96862
2002-03-11,1.02698,1.06887,1.00406,1.00698,0.96862
2002-03-12,1.02698,1.06887,1.00406,1.00698,0.96862
2002-03-13,1.02698,1.06887,1.00406,1.00698,0.96862
2002-03-14,1.02698,1.06887,1.00406,1.00698,0.96862
2002-03-15,1.02698,1.06887,1.00406,1.00698,0.96862
2002-03-18,1.02698,1.06887,1.00406,1.00698,0.96862
2002-03-19,1.02698,1.06887,1.00406,1.00698,0.96862
2002-03-20,1.02698,1.06887,1.00406,1.00698,0.96862
2002-03-21,1.02698,1.06887,1.00406,1.00698,0.96862
2002-03-22,1.02698,1.06887,1.00406,1.00698,0.96862
2002-03-25,1.02698,1.06887,1.00406,1.00698,0.96862
2002-03-26,1.02698,1.06887,1.00406,1.00698,0.96862
2002-03-27,1.02698,1.06887,1.00406,1.00698,0.96862
2002-03-28,1.02698,1.06887,1.00406,1.00698,0.96862
2002-04-01,1.02698,1.06887,1.00406,1.00698,0.96862
2002-04-02,1.02698,1.06887,1.00406,1.00698,0.96862
2002-04-03,1.02698,1.06887,1.00406,1.00698,0.96862
2002-04-04,1.02698,1.06887,1.00406,1.00698,0.96862
2002-04-05,1.02698,1.06887,1.00406,1.00698,0.96862
2002-04-08,1.02698,1.06887,1.00406,1.00698,0.96862
2002-04-09,1.02698,1.06887,1.00406,1.00698,0.96862
2002-04-10,1.02698,1.06887,1.00406,1.00698,0.96862
2002-04-11,1.02698,1.06887,1.00406,1.00698,0.96862
2002-04-12,1.02698,1.06887,1.00406,1.00698,0.96862
2002-04-15,1.02698,1.06887,1.00406,1.00698,0.96862
2002-04-16,1.02698,1.06887,1.00406,1.00698,0.96862
2002-04-17,1.02698,1.06887,1.00406,1.00698,0.96862
2002-04-18,1.02698,1.06887,1.00406,1.00698,0.96862
2002-04-19,1.02698,1.06887,1.00406,1.00698,0.96862
2002-04-22,1.02698,1.06887,1.00406,1.00698,0.96862
2002-04-23,1.02698,1.06887,1.00406,1.00698,0.96862
2002-04-24,1.02698,1.06887,1.00406,1.00698,0.96862
2002-04-25,1.02698,1.06887,1.00406,1.00698,0.96862
2002-04-26,1.02698,1.06887,1.00406,1.00698,0.96862
2002-04-29,1.02698,1.06887,1.00406,1.00698,0.96862
2002-04-30,1.02698,1.06887,1.00406,1.00698,0.96862
2002-05-01,1.02698,1.06887,1.00406,1.00698,0.96862
2002-05-02,1.02698,1.06887,1.00406,1.00698,0.96862
2002-05-03,1.02698,1.06887,1.00406,1.00698,0.96862
2002-05-06,1.02698,1.06887,1.00406,1.00698,0.96862
2002-05-07,1.02698,1.06887,1.00406,1.00698,0.96862
2002-05-08,1.02698,1.06887,1.00406,1.00698,0.96862
2002-05-09,1.02698,1.06887,1.00406,1.00698,0.96862
2002-05-10,1.02698,1.06887,1.00406,1.00698,0.96862
2002-05-13,1.02698,1.06887,1.00406,1.00698,0.96862
2002-05-14,1.02698,1.06887,1.00406,1.00698,0.96862
2002-05-15,1.02698,1.06887,1.00406,1.00698,0.96862
2002-05-16,1.02698,1.06887,1.00406,1.00698,0.96862
2002-05-17,1.02698,1.06887,1.00406,1.00698,0.96862
2002-05-20,1.02698,1.06887,1.00406,1.00698,0.96862
2002-05-21,1.02698,1.06887,1.00406,1.00698,0.96862
2002-05-22,1.02698,1.06887,1.00406,1.00698,0.96862
2002-05-23,1.02698,1.06887,1.00406,1.00698,0.96862
2002-05-24,1.02698,1.06887,1.00406,1.00698,0.96862
2002-05-28,1.02698,1.06887,1.00406,1.00698,0.96862
2002-05-29,1.02698,1.06887,1.00406,1.00698,0.96862
2002-05-30,1.02698,1.06887,1.00406,1.00698,0.96862
2002-05-31,1.02698,1.06887,1.00406,1.00698,0.96862
2002-06-03,1.02698,1.06887,1.00406,1.00698,0.96862
2002-06-04,1.02698,1.06887,1.00406,1.00698,0.96862
2002-06-05,1.02698,1.06887,1.00406,1.00698,0.96862
2002-06-06,1.02698,1.06887,1.00406,1.00698,0.96862
2002-06-07,1.02698,1.06887,1.00406,1.00698,0.96862
2002-06-10,1.02698,1.06887,1.00406,1.00698,0.96862
2002-06-11,1.02698,1.06887,1.00406,1.00698,0.96862
2002-06-12,1.02698,1.06887,1.00406,1.00698,0.96862
2002-06-13,1.02698,1.06887,1.00406,1.00698,0.96862
2002-06-14,1.02698,1.06887,1.00406,1.00698,0.96862
2002-06-17,1.02698,1.06887,1.00406,1.00698,0.96862
2002-06-18,1.02698,1.06887,1.00406,1.00698,0.96862
2002-06-19,1.02698,1.06887,1.00406,1.00698,0.96862
2002-06-20,1.02698,1.06887,1.00406,1.00698,0.96862
2002-06-21,1.02698,1.06887,1.00406,1.00698,0.96862
2002-06-24,1.02698,1.06887,1.00406,1.00698,0.96862
2002-06-25,1.02698,1.06887,1.00406,1.00698,0.96862
2002-06-26,1.02698,1.06887,1.00406,1.00698,0.96862
2002-06-27,1.02698,1.06887,1.00406,1.00698,0.96862
2002-06-28,1.02698,1.06887,1.00406,1.00698,0.96862
2002-07-01,1.02698,1.06887,1.00406,1.00698,0.96862
2002-07-02,1.02698,1.06887,1.00406,1.00698,0.96862
2002-07-03,1.02698,1.06887,1.00406,1.00698,0.96862
2002-07-05,1.02698,1.06887,1.00406,1.00698,0.96862
2002-07-08,1.02698,1.06887,1.00406,1.00698,0.96862
2002-07-09,1.02698,1.06887,1.00406,1.00698,0.96862
2002-07-10,1.02698,1.06887,1.00406,1.00698,0.96862
2002-07-11,1.02698,1.06887,1.00406,1.00698,0.96862
2002-07-12,1.02698,1.06887,1.00406,1.00698,0.96862
2002-07-15,1.02698,1.06887,1.00406,1.00698,0.96862
2002-07-16,1.02698,1.06887,1.00406,1.00698,0.96862
2002-07-17,1.02698,1.06887,1.00406,1.00698,0.96862
2002-07-18,1.02698,1.06887,1.00406,1.00698,0.96862
2002-07-19,1.02698,1.06887,1.00406,1.00698,0.96862
2002-07-22,1.02698,1.06887,1.00406,1.00698,0.96862
2002-07-23,1.02698,1.06887,1.00406,1.00698,0.96862
2002-07-24,1.02698,1.06887,1.00406,1.00698,0.96862
2002-07-25,1.02698,1.06887,1.00406,1.00698,0.96862
2002-07-26,1.02698,1.06887,1.00406,1.00698,0.96862
2002-07-29,1.02698,1.06887,1.00406,1.00698,0.96862
2002-07-30,1.02698,1.06887,1.00406,1.00698,0.96862
2002-07-31,1.02698,1.06887,1.00406,1.00698,0.96862
2002-08-01,1.02698,1.06887,1.00406,1.00698,0.96862
2002-08-02,1.02698,1.06887,1.00406,1.00698,0.96862
2002-08-05,1.02698,1.06887,1.00406,1.00698,0.96862
2002-08-06,1.02698,1.06887,1.00406,1.00698,0.96862
2002-08-07,1.02698,1.06887,1.00406,1.00698,0.96862
2002-08-08,1.02698,1.06887,1.00406,1.00698,0.96862
2002-08-09,1.02698,1.06887,1.00406,1.00698,0.96862
2002-08-12,1.02698,1.06887,1.00406,1.00698,0.96862
2002-08-13,1.02698,1.06887,1.00406,1.00698,0.96862
2002-08-14,1.02698,1.06887,1.00406,1.00698,0.96862
2002-08-15,1.02698,1.06887,1.00406,1.00698,0.96862
2002-08-16,1.02698,1.06887,1.00406,1.00698,0.96862
2002-08-19,1.02698,1.06887,1.00406,1.00698,0.96862
2002-08-20,1.02698,1.06887,1.00406,1.00698,0.96862
2002-08-21,1.02698,1.06887,1.00406,1.00698,0.96862
2002-08-22,1.02698,1.06887,1.00406,1.00698,0.96862
2002-08-23,1.02698,1.06887,1.00406,1.00698,0.96862
2002-08-26,1.02698,1.06887,1.00406,1.00698,0.96862
2002-08-27,1.02698,1.06887,1.00406,1.00698,0.96862
2002-08-28,1.02698,1.06887,1.00406,1.00698,0.96862
2002-08-29,1.02698,1.06887,1.00406,1.00698,0.96862
2002-08-30,1.02698,1.06887,1.00406,1.00698,0.96862
2002-09-03,1.02698,1.06887,1.00406,1.00698,0.96862
2002-09-04,1.02698,1.06887,1.00406,1.00698,0.96862
2002-09-05,1.02698,1.06887,1.00406,1.00698,0.96862
2002-09-06,1.02698,1.06887,1.00406,1.00698,0.96862
2002-09-09,1.02698,1.06887,1.00406,1.00698,0.96862
2002-09-10,1.02698,1.06887,1.00406,1.00698,0.96862
2002-09-11,1.02698,1.06887,1.00406,1.00698,0.96862
2002-09-12,1.02698,1.06887,1.00406,1.00698,0.96862
2002-09-13,1.02698,1.06887,1.00406,1.00698,0.96862
2002-09-16,1.02698,1.06887,1.00406,1.00698,0.96862
2002-09-17,1.02698,1.06887,1.00406,1.00698,0.96862
2002-09-18,1.02698,1.06887,1.00406,1.00698,0.96862
2002-09-19,1.02698,1.06887,1.00406,1.00698,0.96862
2002-09-20,1.02698,1.06887,1.00406,1.00698,0.96862
2002-09-23,1.02698,1.06887,1.00406,1.00698,0.96862
2002-09-24,1.02698,1.06887,1.00406,1.00698,0.96862
2002-09-25,1.02698,1.06887,1.00406,1.00698,0.96862
2002-09-26,1.02698,1.06887,1.00406,1.00698,0.96862
2002-09-27,1.02698,1.06887,1.00406,1.00698,0.96862
2002-09-30,1.02698,1.06887,1.00406,1.00698,0.96862
2002-10-01,1.02698,1.06887,1.00406,1.00698,0.96862
2002-10-02,1.02698,1.06887,1.00406,1.00698,0.96862
2002-10-03,1.02698,1.06887,1.00406,1.00698,0.96862
2002-10-04,1.02698,1.06887,1.00406,1.00698,0.96862
2002-10-07,1.02698,1.06887,1.00406,1.00698,0.96862
2002-10-08,1.02698,1.06887,1.00406,1.00698,0.96862
2002-10-09,1.02698,1.06887,1.00406,1.00698,0.96862
2002-10-10,1.02698,1.06887,1.00406,1.00698,0.96862
2002-10-11,1.02698,1.06887,1.00406,1.00698,0.96862
2002-10-14,1.02698,1.06887,1.00406,1.00698,0.96862
2002-10-15,1.02698,1.06887,1.00406,1.00698,0.96862
2002-10-16,1.02698,1.06887,1.00406,1.00698,0.96862
2002-10-17,1.02698,1.06887,1.00406,1.00698,0.96862
2002-10-18,1.02698,1.06887,1.00406,1.00698,0.96862
2002-10-21,1.02698,1.06887,1.00406,1.00698,0.96862
2002-10-22,1.02698,1.06887,1.00406,1.00698,0.96862
2002-10-23,1.02698,1.06887,1.00406,1.00698,0.96862
2002-10-24,1.02698,1.06887,1.00406,1.00698,0.96862
2002-10-25,1.02698,1.06887,1.00406,1.00698,0.96862
2002-10-28,1.02698,1.06887,1.00406,1.00698,0.96862
2002-10-29,1.02698,1.06887,1.00406,1.00698,0.96862
2002-10-30,1.02698,1.06887,1.00406,1.00698,0.96862
2002-10-31,1.02698,1.06887,1.00406,1.00698,0.96862
2002-11-01,1.02698,1.06887,1.00406,1.00698,0.96862
2002-11-04,1.02698,1.06887,1.00406,1.00698,0.96862
2002-11-05,1.02698,1.06887,1.00406,1.00698,0.96862
2002-11-06,1.02698,1.06887,1.00406,1.00698,0.96862
2002-11-07,1.02698,1.06887,1.00406,1.00698,0.96862
2002-11-08,1.02698,1.06887,1.00406,1.00698,0.96862
2002-11-11,1.02698,1.06887,1.00406,1.00698,0.96862
2002-11-12,1.02698,1.06887,1.00406,1.00698,0.96862
2002-11-13,1.02698,1.06887,1.00406,1.00698,0.96862
2002-11-14,1.02698,1.06887,1.00406,1.00698,0.96862
2002-11-15,1.02698,1.06887,1.00406,1.00698,0.96862
2002-11-18,1.02698,1.06887,1.00406,1.00698,0.96862
2002-11-19,1.02698,1.06887,1.00406,1.00698,0.96862
2002-11-20,1.02698,1.06887,1.00406,1.00698,0.96862
2002-11-21,1.02698,1.06887,1.00406,1.00698,0.96862
2002-11-22,1.02698,1.06887,1.00406,1.00698,0.96862
2002-11-25,1.02698,1.06887,1.00406,1.00698,0.96862
2002-11-26,1.02698,1.06887,1.00406,1.00698,0.96862
2002-11-27,1.02698,1.06887,1.00406,1.00698,0.96862
2002-11-29,1.02698,1.06887,1.00406,1.00698,0.96862
2002-12-02,1.02698,1.06887,1.00406,1.00698,0.96862
2002-12-03,1.02698,1.06887,1.00406,1.00698,0.96862
2002-12-04,1.02698,1.06887,1.00406,1.00698,0.96862
2002-12-05,1.02698,1.06887,1.00406,1.00698,0.96862
2002-12-06,1.02698,1.06887,1.00406,1.00698,0.96862
2002-12-09,1.02698,1.06887,1.00406,1.00698,0.96862
2002-12-10,1.02698,1.06887,1.00406,1.00698,0.96862
2002-12-11,1.02698,1.06887,1.00406,1.00698,0.96862
2002-12-12,1.02698,1.06887,1.00406,1.00698,0.96862
2002-12-13,1.02698,1.06887,1.00406,1.00698,0.96862
2002-12-16,1.02698,1.06887,1.00406,1.00698,0.96862
2002-12-17,1.02698,1.06887,1.00406,1.00698,0.96862
2002-12-18,1.02698,1.06887,1.00406,1.00698,0.96862
2002-12-19,1.02698,1.06887,1.00406,1.00698,0.96862
2002-12-20,1.02698,1.06887,1.00406,1.00698,0.96862
2002-12-23,1.02698,1.06887,1.00406,1.00698,0.96862
2002-12-24,1.02698,1.06887,1.00406,1.00698,0.96862
2002-12-26,1.02698,1.06887,1.00406,1.00698,0.96862
2002-12-27,1.02698,1.06887,1.00406,1.00698,0.96862
2002-12-30,1.02698,1.06887,1.00406,1.00698,0.96862
2002-12-31,1.02698,1.06887,1.00406,1.00698,0.96862
2003-01-02,1.02698,1.06887,1.00406,1.00698,0.96862
2003-01-03,1.02698,1.06887,1.00406,1.00698,0.96862
2003-01-06,1.02698,1.06887,1.00406,1.00698,0.96862
2003-01-07,1.02698,1.06887,1.00406,1.00698,0.96862
2003-01-08,1.02698,1.06887,1.00406,1.00698,0.96862
2003-01-09,1.02698,1.06887,1.00406,1.00698,0.96862
2003-01-10,1.02698,1.06887,1.00406,1.00698,0.96862
2003-01-13,1.02698,1.06887,1.00406,1.00698,0.96862
2003-01-14,1.02698,1.06887,1.00406,1.00698,0.96862
2003-01-15,1.02698,1.06887,1.00406,1.00698,0.96862
2003-01-16,1.02698,1.06887,1.00406,1.00698,0.96862
2003-01-17,1.02698,1.06887,1.00406,1.00698,0.96862
2003-01-21,1.02698,1.06887,1.00406,1.00698,0.96862
2003-01-22,1.02698,1.06887,1.00406,1.00698,0.96862
2003-01-23,1.02698,1.06887,1.00406,1.00698,0.96862
2003-01-24,1.02698,1.06887,1.00406,1.00698,0.96862
2003-01-27,1.02698,1.06887,1.00406,1.00698,0.96862
2003-01-28,1.02698,1.06887,1.00406,1.00698,0.96862
2003-01-29,1.02698,1.06887,1.00406,1.00698,0.96862
2003-01-30,1.02698,1.06887,1.00406,1.00698,0.96862
2003-01-31,1.02698,1.06887,1.00406,1.00698,0.96862
2003-02-03,1.02698,1.06887,1.00406,1.00698,0.96862
2003-02-04,1.02698,1.06887,1.00406,1.00698,0.96862
2003-02-05,1.02698,1.06887,1.00406,1.00698,0.96862
2003-02-06,1.02698,1.06887,1.00406,1.00698,0.96862
2003-02-07,1.02698,1.06887,1.00406,1.00698,0.96862
2003-02-10,1.02698,1.06887,1.00406,1.00698,0.96862
2003-02-11,1.02698,1.06887,1.00406,1.00698,0.96862
2003-02-12,1.02698,1.06887,1.00406,1.00698,0.96862
2003-02-13,1.02698,1.06887,1.00406,1.00698,0.96862
2003-02-14,1.02698,1.06887,1.00406,1.00698,0.96862
2003-02-18,1.02698,1.06887,1.00406,1.00698,0.96862
2003-02-19,1.02698,1.06887,1.00406,1.00698,0.96862
2003-02-20,1.02698,1.06887,1.00406,1.00698,0.96862
2003-02-21,1.02698,1.06887,1.00406,1.00698,0.96862
2003-02-24,1.02698,1.06887,1.00406,1.00698,0.96862
2003-02-25,1.02698,1.06887,1.00406,1.00698,0.96862
2003-02-26,1.02698,1.06887,1.00406,1.00698,0.96862
2003-02-27,1.02698,1.06887,1.00406,1.00698,0.96862
2003-02-28,1.02698,1.06887,1.00406,1.00698,0.96862
2003-03-03,1.02698,1.06887,1.00406,1.00698,0.96862
2003-03-04,1.02698,1.06887,1.00406,1.00698,0.96862
2003-03-05,1.02698,1.06887,1.00406,1.00698,0.96862
2003-03-06,1.02698,1.06887,1.00406,1.00698,0.96862
2003-03-07,1.02698,1.06887,1.00406,1.00698,0.96862
2003-03-10,1.02698,1.06887,1.00406,1.00698,0.96862
2003-03-11,1.02698,1.06887,1.00406,1.00698,0.96862
2003-03-12,1.02698,1.06887,1.00406,1.00698,0.96862
2003-03-13,1.02698,1.06887,1.00406,1.00698,0.96862
2003-03-14,1.02698,1.06887,1.00406,1.00698,0.96862
2003-03-17,1.02698,1.06887,1.00406,1.00698,0.96862
2003-03-18,1.02698,1.06887,1.00406,1.00698,0.96862
2003-03-19,1.02698,1.06887,1.00406,1.00698,0.96862
2003-03-20,1.02698,1.06887,1.00406,1.00698,0.96862
2003-03-21,1.02698,1.06887,1.00406,1.00698,0.96862
2003-03-24,1.02698,1.06887,1.00406,1.00698,0.96862
2003-03-25,1.02698,1.06887,1.00406,1.00698,0.96862
2003-03-26,1.02698,1.06887,1.00406,1.00698,0.96862
2003-03-27,1.02698,1.06887,1.00406,1.00698,0.96862
2003-03-28,1.02698,1.06887,1.00406,1.00698,0.96862
2003-03-31,1.02698,1.06887,1.00406,1.00698,0.96862
2003-04-01,1.02687,1.06877,1.00405,1.00694,0.96842
2003-04-02,1.06359,1.10452,1.00984,1.01857,1.03767
2003-04-03,1.07435,1.11464,1.01149,1.0219,1.05867
2003-04-04,1.07435,1.11464,1.01149,1.0219,1.05867
2003-04-07,1.07435,1.11464,1.01149,1.0219,1.05867
2003-04-08,1.07435,1.11464,1.01149,1.0219,1.05867
2003-04-09,1.07435,1.11464,1.01149,1.0219,1.05867
2003-04-10,1.08688,1.12631,1.01345,1.02585,1.08337
2003-04-11,1.07592,1.11622,1.01175,1.02242,1.06151
2003-04-14,1.09785,1.1366,1.01517,1.02933,1.10479
2003-04-15,1.1084,1.14621,1.01679,1.03261,1.12601
2003-04-16,1.12344,1.15978,1.01908,1.03725,1.15658
2003-04-17,1.12344,1.15978,1.01908,1.03725,1.15658
2003-04-21,1.12344,1.15978,1.01908,1.03725,1.15658
2003-04-22,1.12344,1.15978,1.01908,1.03725,1.15658
2003-04-23,1.12344,1.15978,1.01908,1.03725,1.15658
2003-04-24,1.12344,1.15978,1.01908,1.03725,1.15658
2003-04-25,1.12344,1.15978,1.01908,1.03725,1.15658
2003-04-28,1.12344,1.15978,1.01908,1.03725,1.15658
2003-04-29,1.12344,1.15978,1.01908,1.03725,1.15658
2003-04-30,1.12344,1.15978,1.01908,1.03725,1.15658
2003-05-01,1.12344,1.15978,1.01908,1.03725,1.15658
2003-05-02,1.12344,1.15978,1.01908,1.03725,1.15658
2003-05-05,1.12344,1.15978,1.01908,1.03725,1.15658
2003-05-06,1.12344,1.15978,1.01908,1.03725,1.15658
2003-05-07,1.12344,1.15978,1.01908,1.03725,1.15658
2003-05-08,1.12344,1.15978,1.01908,1.03725,1.15658
2003-05-09,1.12344,1.15978,1.01908,1.03725,1.15658
2003-05-12,1.12344,1.15978,1.01908,1.03725,1.15658
2003-05-13,1.12344,1.15978,1.01908,1.03725,1.15658
2003-05-14,1.12344,1.15978,1.01908,1.03725,1.15658
2003-05-15,1.12344,1.15978,1.01908,1.03725,1.15658
2003-05-16,1.12344,1.15978,1.01908,1.03725,1.15658
2003-05-19,1.12344,1.15978,1.01908,1.03725,1.15658
2003-05-20,1.12328,1.15964,1.01905,1.03719,1.15625
2003-05-21,1.12005,1.15676,1.01842,1.03591,1.1496
2003-05-22,1.12232,1.15879,1.01886,1.03681,1.15425
2003-05-23,1.12232,1.15879,1.01886,1.03681,1.15425
2003-05-27,1.12232,1.15879,1.01886,1.03681,1.15425
2003-05-28,1.12232,1.15879,1.01886,1.03681,1.15425
2003-05-29,1.12232,1.15879,1.01886,1.03681,1.15425
2003-05-30,1.12232,1.15879,1.01886,1.03681,1.15425
2003-06-02,1.12232,1.15879,1.01886,1.03681,1.15425
2003-06-03,1.12232,1.15879,1.01886,1.03681,1.15425
2003-06-04,1.12232,1.15879,1.01886,1.03681,1.15425
2003-06-05,1.12232,1.15879,1.01886,1.03681,1.15425
2003-06-06,1.12232,1.15879,1.01886,1.03681,1.15425
2003-06-09,1.12232,1.15879,1.01886,1.03681,1.15425
2003-06-10,1.12232,1.15879,1.01886,1.03681,1.15425
2003-06-11,1.12232,1.15879,1.01886,1.03681,1.15425
2003-06-12,1.12232,1.15879,1.01886,1.03681,1.15425
2003-06-13,1.12232,1.15879,1.01886,1.03681,1.15425
2003-06-16,1.12232,1.15879,1.01886,1.03681,1.15425
2003-06-17,1.12232,1.15879,1.01886,1.03681,1.15425
2003-06-18,1.12232,1.15879,1.01886,1.03681,1.15425
2003-06-19,1.12232,1.15879,1.01886,1.03681,1.15425
2003-06-20,1.12232,1.15879,1.01886,1.03681,1.15425
2003-06-23,1.12232,1.15879,1.01886,1.03681,1.15425
2003-06-24,1.11987,1.15661,1.01841,1.0359,1.14922
2003-06-25,1.11383,1.15121,1.01731,1.03365,1.13683
2003-06-26,1.14025,1.17493,1.02217,1.04352,1.19075
2003-06-27,1.12553,1.16202,1.01951,1.0381,1.16001
2003-06-30,1.13006,1.16605,1.02034,1.03978,1.16935
2003-07-01,1.14515,1.1794,1.02308,1.04537,1.20058
2003-07-02,1.16855,1.19983,1.02729,1.05397,1.24963
2003-07-03,1.15778,1.19061,1.02538,1.05006,1.2266
2003-07-07,1.15778,1.19061,1.02538,1.05006,1.2266
2003-07-08,1.15778,1.19061,1.02538,1.05006,1.2266
2003-07-09,1.15778,1.19061,1.02538,1.05006,1.2266
2003-07-10,1.15778,1.19061,1.02538,1.05006,1.2266
2003-07-11,1.15778,1.19061,1.02538,1.05006,1.2266
2003-07-14,1.15778,1.19061,1.02538,1.05006,1.2266
2003-07-15,1.15778,1.19061,1.02538,1.05006,1.2266
2003-07-16,1.15778,1.19061,1.02538,1.05006,1.2266
2003-07-17,1.15778,1.19061,1.02538,1.05006,1.2266
2003-07-18,1.15277,1.18629,1.02448,1.04822,1.216
2003-07-21,1.13803,1.17351,1.02182,1.04278,1.1849
2003-07-22,1.15499,1.18841,1.02491,1.04908,1.22021
2003-07-23,1.16457,1.1967,1.02664,1.05261,1.24045
2003-07-24,1.17319,1.20411,1.02818,1.05578,1.25883
2003-07-25,1.17319,1.20411,1.02818,1.05578,1.25883
2003-07-28,1.17319,1.20411,1.02818,1.05578,1.25883
2003-07-29,1.17319,1.20411,1.02818,1.05578,1.25883
2003-07-30,1.17319,1.20411,1.02818,1.05578,1.25883
2003-07-31,1.17319,1.20411,1.02818,1.05578,1.25883
2003-08-01,1.17319,1.20411,1.02818,1.05578,1.25883
2003-08-04,1.17319,1.20411,1.02818,1.05578,1.25883
2003-08-05,1.17319,1.20411,1.02818,1.05578,1.25883
2003-08-06,1.16604,1.19801,1.02699,1.05334,1.24348
2003-08-07,1.17067,1.20198,1.02776,1.05492,1.25335
2003-08-08,1.1614,1.19406,1.02622,1.05176,1.23351
2003-08-11,1.17415,1.20504,1.02836,1.05613,1.26059
2003-08-12,1.19192,1.22017,1.0313,1.06218,1.29873
2003-08-13,1.19596,1.22356,1.03196,1.06354,1.30753
2003-08-14,1.19596,1.22356,1.03196,1.06354,1.30753
2003-08-15,1.19596,1.22356,1.03196,1.06354,1.30753
2003-08-18,1.19596,1.22356,1.03196,1.06354,1.30753
2003-08-19,1.19596,1.22356,1.03196,1.06354,1.30753
2003-08-20,1.19596,1.22356,1.03196,1.06354,1.30753
2003-08-21,1.19596,1.22356,1.03196,1.06354,1.30753
2003-08-22,1.19596,1.22356,1.03196,1.06354,1.30753
2003-08-25,1.19596,1.22356,1.03196,1.06354,1.30753
2003-08-26,1.19596,1.22356,1.03196,1.06354,1.30753
2003-08-27,1.19596,1.22356,1.03196,1.06354,1.30753
2003-08-28,1.19596,1.22356,1.03196,1.06354,1.30753
2003-08-29,1.19596,1.22356,1.03196,1.06354,1.30753
2003-09-02,1.19596,1.22356,1.03196,1.06354,1.30753
2003-09-03,1.19596,1.22356,1.03196,1.06354,1.30753
2003-09-04,1.19596,1.22356,1.03196,1.06354,1.30753
2003-09-05,1.19596,1.22356,1.03196,1.06354,1.30753
2003-09-08,1.19596,1.22356,1.03196,1.06354,1.30753
2003-09-09,1.19596,1.22356,1.03196,1.06354,1.30753
2003-09-10,1.19596,1.22356,1.03196,1.06354,1.30753
2003-09-11,1.20829,1.23387,1.03468,1.06913,1.3345
2003-09-12,1.21475,1.23922,1.03609,1.07205,1.34877
2003-09-15,1.21486,1.23931,1.03611,1.0721,1.34903
2003-09-16,1.21486,1.23931,1.03611,1.0721,1.34903
2003-09-17,1.21486,1.23931,1.03611,1.0721,1.34903
2003-09-18,1.21486,1.23931,1.03611,1.0721,1.34903
2003-09-19,1.21486,1.23931,1.03611,1.0721,1.34903
2003-09-22,1.21486,1.23931,1.03611,1.0721,1.34903
2003-09-23,1.21486,1.23931,1.03611,1.0721,1.34903
2003-09-24,1.21486,1.23931,1.03611,1.0721,1.34903
2003-09-25,1.21486,1.23931,1.03611,1.0721,1.34903
2003-09-26,1.20281,1.22939,1.03393,1.06758,1.32226
2003-09-29,1.22349,1.24658,1.0377,1.07537,1.36771
2003-09-30,1.1969,1.22485,1.03291,1.06546,1.30828
2003-10-01,1.22385,1.24737,1.03785,1.07564,1.3672
2003-10-02,1.22792,1.25069,1.03858,1.07716,1.37628
2003-10-03,1.24907,1.26792,1.04238,1.08504,1.4237
2003-10-06,1.24907,1.26792,1.04238,1.08504,1.4237
2003-10-07,1.24907,1.26792,1.04238,1.08504,1.4237
2003-10-08,1.24907,1.26792,1.04238,1.08504,1.4237
2003-10-09,1.24907,1.26792,1.04238,1.08504,1.4237
2003-10-10,1.24907,1.26792,1.04238,1.08504,1.4237
2003-10-13,1.24907,1.26792,1.04238,1.08504,1.4237
2003-10-14,1.24907,1.26792,1.04238,1.08504,1.4237
2003-10-15,1.24907,1.26792,1.04238,1.08504,1.4237
2003-10-16,1.24907,1.26792,1.04238,1.08504,1.4237
2003-10-17,1.24907,1.26792,1.04238,1.08504,1.4237
2003-10-20,1.24907,1.26792,1.04238,1.08504,1.4237
2003-10-21,1.24907,1.26792,1.04238,1.08504,1.4237
2003-10-22,1.24907,1.26792,1.04238,1.08504,1.4237
2003-10-23,1.24907,1.26792,1.04238,1.08504,1.4237
2003-10-24,1.2636,1.27955,1.04518,1.09087,1.45681
2003-10-27,1.26592,1.28139,1.04563,1.09179,1.46217
2003-10-28,1.26592,1.28139,1.04563,1.09179,1.46217
2003-10-29,1.26592,1.28139,1.04563,1.09179,1.46217
2003-10-30,1.26592,1.28139,1.04563,1.09179,1.46217
2003-10-31,1.26592,1.28139,1.04563,1.09179,1.46217
2003-11-03,1.26592,1.28139,1.04563,1.09179,1.46217
2003-11-04,1.26592,1.28139,1.04563,1.09179,1.46217
2003-11-05,1.26592,1.28139,1.04563,1.09179,1.46217
2003-11-06,1.26592,1.28139,1.04563,1.09179,1.46217
2003-11-07,1.26592,1.28139,1.04563,1.09179,1.46217
2003-11-10,1.26592,1.28139,1.04563,1.09179,1.46217
2003-11-11,1.26205,1.27833,1.0448,1.09007,1.45323
2003-11-12,1.28905,1.29972,1.05058,1.10213,1.51541
2003-11-13,1.28761,1.2986,1.05028,1.1015,1.51202
2003-11-14,1.28841,1.29922,1.05045,1.10185,1.51389
2003-11-17,1.28841,1.29922,1.05045,1.10185,1.51389
2003-11-18,1.2512,1.27035,1.04281,1.08583,1.42646
2003-11-19,1.26339,1.28009,1.04537,1.09115,1.45424
2003-11-20,1.2512,1.27044,1.04283,1.08585,1.42619
2003-11-21,1.26413,1.28077,1.04554,1.0915,1.45566
2003-11-24,1.29921,1.30852,1.05285,1.10675,1.53645
2003-11-25,1.30262,1.31115,1.05354,1.10822,1.54452
2003-11-26,1.30262,1.31115,1.05354,1.10822,1.54452
2003-11-28,1.30262,1.31115,1.05354,1.10822,1.54452
2003-12-01,1.30262,1.31115,1.05354,1.10822,1.54452
2003-12-02,1.30262,1.31115,1.05354,1.10822,1.54452
2003-12-03,1.30262,1.31115,1.05354,1.10822,1.54452
2003-12-04,1.30262,1.31115,1.05354,1.10822,1.54452
2003-12-05,1.30262,1.31115,1.05354,1.10822,1.54452
2003-12-08,1.30262,1.31115,1.05354,1.10822,1.54452
2003-12-09,1.30262,1.31115,1.05354,1.10822,1.54452
2003-12-10,1.3031,1.31152,1.05364,1.10842,1.54566
2003-12-11,1.331,1.33293,1.05926,1.12025,1.61185
2003-12-12,1.32996,1.33215,1.05905,1.11981,1.60933
2003-12-15,1.32996,1.33215,1.05905,1.11981,1.60933
2003-12-16,1.32996,1.33215,1.05905,1.11981,1.60933
2003-12-17,1.32996,1.33215,1.05905,1.11981,1.60933
2003-12-18,1.32996,1.33215,1.05905,1.11981,1.60933
2003-12-19,1.32996,1.33215,1.05905,1.11981,1.60933
2003-12-22,1.32996,1.33215,1.05905,1.11981,1.60933
2003-12-23,1.32996,1.33215,1.05905,1.11981,1.60933
2003-12-24,1.32996,1.33215,1.05905,1.11981,1.60933
2003-12-26,1.32996,1.33215,1.05905,1.11981,1.60933
2003-12-29,1.32996,1.33215,1.05905,1.11981,1.60933
2003-12-30,1.32996,1.33215,1.05905,1.11981,1.60933
2003-12-31,1.32996,1.33215,1.05905,1.11981,1.60933
2004-01-02,1.32996,1.33215,1.05905,1.11981,1.60933
2004-01-05,1.32996,1.33215,1.05905,1.11981,1.60933
2004-01-06,1.32996,1.33215,1.05905,1.11981,1.60933
2004-01-07,1.32996,1.33215,1.05905,1.11981,1.60933
2004-01-08,1.32996,1.33215,1.05905,1.11981,1.60933
2004-01-09,1.32996,1.33215,1.05905,1.11981,1.60933
2004-01-12,1.32996,1.33215,1.05905,1.11981,1.60933
2004-01-13,1.32996,1.33215,1.05905,1.11981,1.60933
2004-01-14,1.32996,1.33215,1.05905,1.11981,1.60933
2004-01-15,1.32996,1.33215,1.05905,1.11981,1.60933
2004-01-16,1.32996,1.33215,1.05905,1.11981,1.60933
2004-01-20,1.32996,1.33215,1.05905,1.11981,1.60933
2004-01-21,1.32996,1.33215,1.05905,1.11981,1.60933
2004-01-22,1.32996,1.33215,1.05905,1.11981,1.60933
2004-01-23,1.32996,1.33215,1.05905,1.11981,1.60933
2004-01-26,1.35065,1.3477,1.06415,1.13059,1.65939
2004-01-27,1.3209,1.32567,1.0569,1.11518,1.58629
2004-01-28,1.29849,1.30871,1.05135,1.10347,1.53248
2004-01-29,1.3034,1.31249,1.05258,1.10605,1.54406
2004-01-30,1.29745,1.30792,1.05109,1.10293,1.52995
2004-02-02,1.29394,1.30523,1.05021,1.10108,1.5217
2004-02-03,1.29255,1.30414,1.04986,1.10035,1.51841
2004-02-04,1.27155,1.2879,1.04459,1.08928,1.46907
2004-02-05,1.27645,1.29175,1.04583,1.09188,1.48039
2004-02-06,1.29955,1.30985,1.05169,1.10411,1.53397
2004-02-09,1.2992,1.30958,1.0516,1.10393,1.53315
2004-02-10,1.3013,1.3112,1.05212,1.10503,1.5381
2004-02-11,1.31529,1.32195,1.05563,1.11239,1.57119
2004-02-12,1.31254,1.31986,1.05494,1.11094,1.56461
2004-02-13,1.31254,1.31986,1.05494,1.11094,1.56461
2004-02-17,1.31254,1.31986,1.05494,1.11094,1.56461
2004-02-18,1.31254,1.31986,1.05494,1.11094,1.56461
2004-02-19,1.31254,1.31986,1.05494,1.11094,1.56461
2004-02-20,1.31254,1.31986,1.05494,1.11094,1.56461
2004-02-23,1.31254,1.31986,1.05494,1.11094,1.56461
2004-02-24,1.31514,1.32184,1.05549,1.1121,1.5708
2004-02-25,1.32309,1.32789,1.05717,1.11564,1.58981
2004-02-26,1.31846,1.32438,1.0562,1.11358,1.57866
2004-02-27,1.31846,1.32438,1.0562,1.11358,1.57866
2004-03-01,1.31846,1.32438,1.0562,1.11358,1.57866
2004-03-02,1.31846,1.32438,1.0562,1.11358,1.57866
2004-03-03,1.31846,1.32438,1.0562,1.11358,1.57866
2004-03-04,1.31846,1.32438,1.0562,1.11358,1.57866
2004-03-05,1.31846,1.32438,1.0562,1.11358,1.57866
2004-03-08,1.31846,1.32438,1.0562,1.11358,1.57866
2004-03-09,1.31155,1.31914,1.0547,1.11042,1.56212
2004-03-10,1.29426,1.30596,1.05093,1.10249,1.52094
2004-03-11,1.28249,1.29687,1.04834,1.09706,1.49327
2004-03-12,1.30603,1.31522,1.05355,1.10797,1.54809
2004-03-15,1.28322,1.29776,1.04857,1.09748,1.49403
2004-03-16,1.28543,1.29948,1.04906,1.09851,1.49917
2004-03-17,1.30566,1.31522,1.05353,1.10787,1.54635
2004-03-18,1.29978,1.31071,1.05224,1.10517,1.53242
2004-03-19,1.27808,1.29401,1.04749,1.09517,1.48125
2004-03-22,1.26189,1.28135,1.04389,1.08766,1.44373
2004-03-23,1.25159,1.27319,1.04158,1.08285,1.42017
2004-03-24,1.26594,1.28465,1.04482,1.08957,1.45272
2004-03-25,1.29978,1.31138,1.05238,1.10535,1.53038
2004-03-26,1.29766,1.30975,1.05192,1.10438,1.52539
2004-03-29,1.29766,1.30975,1.05192,1.10438,1.52539
2004-03-30,1.29766,1.30975,1.05192,1.10438,1.52539
2004-03-31,1.29766,1.30975,1.05192,1.10438,1.52539
2004-04-01,1.29766,1.30975,1.05192,1.10438,1.52539
2004-04-02,1.29766,1.30975,1.05192,1.10438,1.52539
2004-04-05,1.29766,1.30975,1.05192,1.10438,1.52539
2004-04-06,1.29766,1.30975,1.05192,1.10438,1.52539
2004-04-07,1.29766,1.30975,1.05192,1.10438,1.52539
2004-04-08,1.29766,1.30975,1.05192,1.10438,1.52539
2004-04-12,1.29766,1.30975,1.05192,1.10438,1.52539
2004-04-13,1.29766,1.30975,1.05192,1.10438,1.52539
2004-04-14,1.29766,1.30975,1.05192,1.10438,1.52539
2004-04-15,1.29766,1.30975,1.05192,1.10438,1.52539
2004-04-16,1.29307,1.30621,1.05086,1.10215,1.5146
2004-04-19,1.30883,1.31841,1.05451,1.10981,1.55154
2004-04-20,1.27838,1.29514,1.04752,1.09509,1.47933
2004-04-21,1.28948,1.30382,1.05011,1.10051,1.50503
2004-04-22,1.3228,1.32967,1.05784,1.11672,1.58282
2004-04-23,1.32787,1.3335,1.059,1.11915,1.59494
2004-04-26,1.32787,1.3335,1.059,1.11915,1.59494
2004-04-27,1.32787,1.3335,1.059,1.11915,1.59494
2004-04-28,1.32787,1.3335,1.059,1.11915,1.59494
2004-04-29,1.31066,1.32053,1.05528,1.1113,1.55359
2004-04-30,1.27867,1.29612,1.04831,1.09662,1.47775
2004-05-03,1.2908,1.30562,1.051,1.10225,1.5058
2004-05-04,1.29632,1.30989,1.05222,1.1048,1.51867
2004-05-05,1.30192,1.31421,1.05345,1.10738,1.53179
2004-05-06,1.30192,1.31421,1.05345,1.10738,1.53179
2004-05-07,1.30192,1.31421,1.05345,1.10738,1.53179
2004-05-10,1.30192,1.31421,1.05345,1.10738,1.53179
2004-05-11,1.30192,1.31421,1.05345,1.10738,1.53179
2004-05-12,1.30192,1.31421,1.05345,1.10738,1.53179
2004-05-13,1.30192,1.31421,1.05345,1.10738,1.53179
2004-05-14,1.30192,1.31421,1.05345,1.10738,1.53179
2004-05-17,1.30192,1.31421,1.05345,1.10738,1.53179
2004-05-18,1.30192,1.31421,1.05345,1.10738,1.53179
2004-05-19,1.30192,1.31421,1.05345,1.10738,1.53179
2004-05-20,1.30192,1.31421,1.05345,1.10738,1.53179
2004-05-21,1.30192,1.31421,1.05345,1.10738,1.53179
2004-05-24,1.30192,1.31421,1.05345,1.10738,1.53179
2004-05-25,1.30192,1.31421,1.05345,1.10738,1.53179
2004-05-26,1.30192,1.31421,1.05345,1.10738,1.53179
2004-05-27,1.30192,1.31421,1.05345,1.10738,1.53179
2004-05-28,1.30192,1.31421,1.05345,1.10738,1.53179
2004-06-01,1.30192,1.31421,1.05345,1.10738,1.53179
2004-06-02,1.30192,1.31421,1.05345,1.10738,1.53179
2004-06-03,1.30192,1.31421,1.05345,1.10738,1.53179
2004-06-04,1.29554,1.30931,1.05189,1.10411,1.51678
2004-06-07,1.32632,1.33307,1.05943,1.11993,1.58887
2004-06-08,1.32811,1.33442,1.05986,1.12084,1.59315
2004-06-09,1.32316,1.33069,1.05867,1.11832,1.58126
2004-06-10,1.32316,1.33069,1.05867,1.11832,1.58126
2004-06-14,1.32316,1.33069,1.05867,1.11832,1.58126
2004-06-15,1.32316,1.33069,1.05867,1.11832,1.58126
2004-06-16,1.32316,1.33069,1.05867,1.11832,1.58126
2004-06-17,1.32316,1.33069,1.05867,1.11832,1.58126
2004-06-18,1.32316,1.33069,1.05867,1.11832,1.58126
2004-06-21,1.32316,1.33069,1.05867,1.11832,1.58126
2004-06-22,1.34151,1.34456,1.06328,1.12808,1.62513
2004-06-23,1.3576,1.35656,1.0673,1.13659,1.66412
2004-06-24,1.35327,1.35336,1.06622,1.13431,1.65349
2004-06-25,1.35327,1.35336,1.06622,1.13431,1.65349
2004-06-28,1.35327,1.35336,1.06622,1.13431,1.65349
2004-06-29,1.35327,1.35336,1.06622,1.13431,1.65349
2004-06-30,1.35327,1.35336,1.06622,1.13431,1.65349
2004-07-01,1.35327,1.35336,1.06622,1.13431,1.65349
2004-07-02,1.35327,1.35336,1.06622,1.13431,1.65349
2004-07-06,1.35327,1.35336,1.06622,1.13431,1.65349
2004-07-07,1.35786,1.35675,1.06727,1.13653,1.66471
2004-07-08,1.34281,1.34567,1.06386,1.12926,1.62782
2004-07-09,1.34469,1.34707,1.06429,1.13017,1.63237
2004-07-12,1.33905,1.34288,1.063,1.12744,1.61868
2004-07-13,1.33717,1.34148,1.06257,1.12652,1.61414
2004-07-14,1.32363,1.33135,1.05946,1.11994,1.58145
2004-07-15,1.31912,1.32794,1.05842,1.11774,1.57066
2004-07-16,1.30407,1.31653,1.05493,1.11038,1.53482
2004-07-19,1.30144,1.31451,1.05432,1.10908,1.52863
2004-07-20,1.33266,1.3385,1.06162,1.12444,1.60197
2004-07-21,1.29392,1.30943,1.05271,1.10557,1.50882
2004-07-22,1.31159,1.32309,1.05686,1.11429,1.55005
2004-07-23,1.28677,1.30416,1.05109,1.10212,1.49137
2004-07-26,1.28113,1.29978,1.04976,1.09933,1.4783
2004-07-27,1.2988,1.31358,1.05394,1.10808,1.5191
2004-07-28,1.29316,1.30924,1.05262,1.10531,1.5059
2004-07-29,1.30821,1.32087,1.05615,1.11273,1.54094
2004-07-30,1.31235,1.32403,1.05712,1.11476,1.55069
2004-08-02,1.30116,1.31551,1.05452,1.10928,1.52426
2004-08-03,1.30116,1.31551,1.05452,1.10928,1.52426
2004-08-04,1.30116,1.31551,1.05452,1.10928,1.52426
2004-08-05,1.30116,1.31551,1.05452,1.10928,1.52426
2004-08-06,1.30116,1.31551,1.05452,1.10928,1.52426
2004-08-09,1.30116,1.31551,1.05452,1.10928,1.52426
2004-08-10,1.30116,1.31551,1.05452,1.10928,1.52426
2004-08-11,1.30116,1.31551,1.05452,1.10928,1.52426
2004-08-12,1.30116,1.31551,1.05452,1.10928,1.52426
2004-08-13,1.30116,1.31551,1.05452,1.10928,1.52426
2004-08-16,1.30116,1.31551,1.05452,1.10928,1.52426
2004-08-17,1.30116,1.31551,1.05452,1.10928,1.52426
2004-08-18,1.30116,1.31551,1.05452,1.10928,1.52426
2004-08-19,1.30116,1.31551,1.05452,1.10928,1.52426
2004-08-20,1.30116,1.31551,1.05452,1.10928,1.52426
2004-08-23,1.30116,1.31551,1.05452,1.10928,1.52426
2004-08-24,1.30116,1.31551,1.05452,1.10928,1.52426
2004-08-25,1.30116,1.31551,1.05452,1.10928,1.52426
2004-08-26,1.30116,1.31551,1.05452,1.10928,1.52426
2004-08-27,1.30116,1.31551,1.05452,1.10928,1.52426
2004-08-30,1.30116,1.31551,1.05452,1.10928,1.52426
2004-08-31,1.30116,1.31551,1.05452,1.10928,1.52426
2004-09-01,1.30116,1.31551,1.05452,1.10928,1.52426
2004-09-02,1.30116,1.31551,1.05452,1.10928,1.52426
2004-09-03,1.30116,1.31551,1.05452,1.10928,1.52426
2004-09-07,1.30116,1.31551,1.05452,1.10928,1.52426
2004-09-08,1.30116,1.31551,1.05452,1.10928,1.52426
2004-09-09,1.30116,1.31551,1.05452,1.10928,1.52426
2004-09-10,1.30116,1.31551,1.05452,1.10928,1.52426
2004-09-13,1.30116,1.31551,1.05452,1.10928,1.52426
2004-09-14,1.30116,1.31551,1.05452,1.10928,1.52426
2004-09-15,1.30116,1.31551,1.05452,1.10928,1.52426
2004-09-16,1.30116,1.31551,1.05452,1.10928,1.52426
2004-09-17,1.30116,1.31551,1.05452,1.10928,1.52426
2004-09-20,1.30116,1.31551,1.05452,1.10928,1.52426
2004-09-21,1.30116,1.31551,1.05452,1.10928,1.52426
2004-09-22,1.30116,1.31551,1.05452,1.10928,1.52426
2004-09-23,1.30116,1.31551,1.05452,1.10928,1.52426
2004-09-24,1.30116,1.31551,1.05452,1.10928,1.52426
2004-09-27,1.30116,1.31551,1.05452,1.10928,1.52426
2004-09-28,1.30116,1.31551,1.05452,1.10928,1.52426
2004-09-29,1.30116,1.31551,1.05452,1.10928,1.52426
2004-09-30,1.30116,1.31551,1.05452,1.10928,1.52426
2004-10-01,1.30116,1.31551,1.05452,1.10928,1.52426
2004-10-04,1.30116,1.31551,1.05452,1.10928,1.52426
2004-10-05,1.30116,1.31551,1.05452,1.10928,1.52426
2004-10-06,1.30116,1.31551,1.05452,1.10928,1.52426
2004-10-07,1.30116,1.31551,1.05452,1.10928,1.52426
2004-10-08,1.30116,1.31551,1.05452,1.10928,1.52426
2004-10-11,1.30116,1.31551,1.05452,1.10928,1.52426
2004-10-12,1.30116,1.31551,1.05452,1.10928,1.52426
2004-10-13,1.30116,1.31551,1.05452,1.10928,1.52426
2004-10-14,1.30116,1.31551,1.05452,1.10928,1.52426
2004-10-15,1.30116,1.31551,1.05452,1.10928,1.52426
2004-10-18,1.30116,1.31551,1.05452,1.10928,1.52426
2004-10-19,1.30116,1.31551,1.05452,1.10928,1.52426
2004-10-20,1.30116,1.31551,1.05452,1.10928,1.52426
2004-10-21,1.30116,1.31551,1.05452,1.10928,1.52426
2004-10-22,1.30116,1.31551,1.05452,1.10928,1.52426
2004-10-25,1.30116,1.31551,1.05452,1.10928,1.52426
2004-10-26,1.30116,1.31551,1.05452,1.10928,1.52426
2004-10-27,1.30116,1.31551,1.05452,1.10928,1.52426
2004-10-28,1.30116,1.31551,1.05452,1.10928,1.52426
2004-10-29,1.30116,1.31551,1.05452,1.10928,1.52426
2004-11-01,1.30116,1.31551,1.05452,1.10928,1.52426
2004-11-02,1.30116,1.31551,1.05452,1.10928,1.52426
2004-11-03,1.30116,1.31551,1.05452,1.10928,1.52426
2004-11-04,1.30116,1.31551,1.05452,1.10928,1.52426
2004-11-05,1.30116,1.31551,1.05452,1.10928,1.52426
2004-11-08,1.30116,1.31551,1.05452,1.10928,1.52426
2004-11-09,1.30116,1.31551,1.05452,1.10928,1.52426
2004-11-10,1.30116,1.31551,1.05452,1.10928,1.52426
2004-11-11,1.30116,1.31551,1.05452,1.10928,1.52426
2004-11-12,1.30116,1.31551,1.05452,1.10928,1.52426
2004-11-15,1.30116,1.31551,1.05452,1.10928,1.52426
2004-11-16,1.30116,1.31551,1.05452,1.10928,1.52426
2004-11-17,1.30116,1.31551,1.05452,1.10928,1.52426
2004-11-18,1.30116,1.31551,1.05452,1.10928,1.52426
2004-11-19,1.30116,1.31551,1.05452,1.10928,1.52426
2004-11-22,1.30116,1.31551,1.05452,1.10928,1.52426
2004-11-23,1.30116,1.31551,1.05452,1.10928,1.52426
2004-11-24,1.30116,1.31551,1.05452,1.10928,1.52426
2004-11-26,1.30116,1.31551,1.05452,1.10928,1.52426
2004-11-29,1.30116,1.31551,1.05452,1.10928,1.52426
2004-11-30,1.30116,1.31551,1.05452,1.10928,1.52426
2004-12-01,1.30116,1.31551,1.05452,1.10928,1.52426
2004-12-02,1.30116,1.31551,1.05452,1.10928,1.52426
2004-12-03,1.30116,1.31551,1.05452,1.10928,1.52426
2004-12-06,1.30116,1.31551,1.05452,1.10928,1.52426
2004-12-07,1.30116,1.31551,1.05452,1.10928,1.52426
2004-12-08,1.30116,1.31551,1.05452,1.10928,1.52426
2004-12-09,1.30116,1.31551,1.05452,1.10928,1.52426
2004-12-10,1.30116,1.31551,1.05452,1.10928,1.52426
2004-12-13,1.30116,1.31551,1.05452,1.10928,1.52426
2004-12-14,1.30116,1.31551,1.05452,1.10928,1.52426
2004-12-15,1.30116,1.31551,1.05452,1.10928,1.52426
2004-12-16,1.30116,1.31551,1.05452,1.10928,1.52426
2004-12-17,1.30116,1.31551,1.05452,1.10928,1.52426
2004-12-20,1.28835,1.30567,1.05169,1.10333,1.49425
2004-12-21,1.30413,1.31791,1.0552,1.11069,1.53084
2004-12-22,1.30577,1.31917,1.05556,1.11145,1.5347
2004-12-23,1.30118,1.31565,1.05455,1.10932,1.5239
2004-12-27,1.30118,1.31565,1.05455,1.10932,1.5239
2004-12-28,1.30118,1.31565,1.05455,1.10932,1.5239
2004-12-29,1.30118,1.31565,1.05455,1.10932,1.5239
2004-12-30,1.30118,1.31565,1.05455,1.10932,1.5239
2004-12-31,1.30118,1.31565,1.05455,1.10932,1.5239
2005-01-03,1.30118,1.31565,1.05455,1.10932,1.5239
2005-01-04,1.27071,1.29224,1.04619,1.09173,1.45253
2005-01-05,1.26285,1.28605,1.044,1.08716,1.43456
2005-01-06,1.25662,1.28112,1.04226,1.08353,1.42041
2005-01-07,1.26318,1.28634,1.0441,1.08736,1.43523
2005-01-10,1.26252,1.28582,1.04391,1.08698,1.43374
2005-01-11,1.25367,1.27881,1.04144,1.08182,1.41364
2005-01-12,1.26416,1.28717,1.04439,1.08794,1.43729
2005-01-13,1.24745,1.27395,1.03971,1.07821,1.39929
2005-01-14,1.25924,1.28341,1.04304,1.08511,1.42575
2005-01-18,1.26875,1.29096,1.04571,1.09066,1.44727
2005-01-19,1.26844,1.29071,1.04562,1.09048,1.44658
2005-01-20,1.26844,1.29071,1.04562,1.09048,1.44658
2005-01-21,1.25292,1.27848,1.0417,1.08229,1.41118
2005-01-24,1.23534,1.26445,1.03721,1.07297,1.37157
2005-01-25,1.24142,1.26937,1.03878,1.07621,1.38509
2005-01-26,1.2563,1.28136,1.0426,1.08413,1.41829
2005-01-27,1.25462,1.28002,1.04217,1.08324,1.41448
2005-01-28,1.25771,1.28248,1.04296,1.08487,1.42145
2005-01-31,1.25771,1.28248,1.04296,1.08487,1.42145
2005-02-01,1.25771,1.28248,1.04296,1.08487,1.42145
2005-02-02,1.25771,1.28248,1.04296,1.08487,1.42145
2005-02-03,1.25771,1.28248,1.04296,1.08487,1.42145
2005-02-04,1.25771,1.28248,1.04296,1.08487,1.42145
2005-02-07,1.25771,1.28248,1.04296,1.08487,1.42145
2005-02-08,1.25771,1.28248,1.04296,1.08487,1.42145
2005-02-09,1.25771,1.28248,1.04296,1.08487,1.42145
2005-02-10,1.25337,1.27903,1.04176,1.08239,1.41164
2005-02-11,1.27192,1.29383,1.04687,1.09301,1.45344
2005-02-14,1.27766,1.29834,1.04843,1.09627,1.46654
2005-02-15,1.27769,1.29837,1.04844,1.09629,1.46663
2005-02-16,1.27769,1.29837,1.04844,1.09629,1.46663
2005-02-17,1.27769,1.29837,1.04844,1.09629,1.46663
2005-02-18,1.27769,1.29837,1.04844,1.09629,1.46663
2005-02-22,1.27223,1.29409,1.04691,1.09308,1.45407
2005-02-23,1.27395,1.29545,1.04739,1.0941,1.45802
2005-02-24,1.29016,1.30817,1.05195,1.10362,1.49511
2005-02-25,1.2974,1.31378,1.05398,1.10786,1.5119
2005-02-28,1.29124,1.30903,1.05226,1.10426,1.49754
2005-03-01,1.29124,1.30903,1.05226,1.10426,1.49754
2005-03-02,1.29124,1.30903,1.05226,1.10426,1.49754
2005-03-03,1.29124,1.30903,1.05226,1.10426,1.49754
2005-03-04,1.29124,1.30903,1.05226,1.10426,1.49754
2005-03-07,1.29124,1.30903,1.05226,1.10426,1.49754
2005-03-08,1.29124,1.30903,1.05226,1.10426,1.49754
2005-03-09,1.29124,1.30903,1.05226,1.10426,1.49754
2005-03-10,1.29124,1.30903,1.05226,1.10426,1.49754
2005-03-11,1.29124,1.30903,1.05226,1.10426,1.49754
2005-03-14,1.29406,1.31122,1.053,1.1058,1.50408
2005-03-15,1.28367,1.30319,1.0503,1.10013,1.47992
2005-03-16,1.26911,1.29184,1.0465,1.09217,1.44635
2005-03-17,1.27223,1.2943,1.04732,1.09388,1.45346
2005-03-18,1.2653,1.28886,1.0455,1.09008,1.43763
2005-03-21,1.26772,1.29077,1.04614,1.09142,1.44314
2005-03-22,1.25213,1.27847,1.04203,1.08285,1.40763
2005-03-23,1.25663,1.28207,1.04323,1.08533,1.41776
2005-03-24,1.25698,1.28234,1.04332,1.08552,1.41854
2005-03-28,1.2594,1.28427,1.04396,1.08686,1.42401
2005-03-29,1.24936,1.27629,1.0413,1.08133,1.40129
2005-03-30,1.27292,1.29516,1.04757,1.09434,1.45415
2005-03-31,1.26738,1.2908,1.04611,1.0913,1.44149
2005-04-01,1.25455,1.28068,1.04274,1.08426,1.41232
2005-04-04,1.26356,1.28786,1.04513,1.08922,1.4326
2005-04-05,1.26703,1.29061,1.04604,1.09113,1.44046
2005-04-06,1.26986,1.29284,1.04679,1.09269,1.4469
2005-04-07,1.26986,1.29284,1.04679,1.09269,1.4469
2005-04-08,1.26986,1.29284,1.04679,1.09269,1.4469
2005-04-11,1.26986,1.29284,1.04679,1.09269,1.4469
2005-04-12,1.26986,1.29284,1.04679,1.09269,1.4469
2005-04-13,1.26986,1.29284,1.04679,1.09269,1.4469
2005-04-14,1.26986,1.29284,1.04679,1.09269,1.4469
2005-04-15,1.26986,1.29284,1.04679,1.09269,1.4469
2005-04-18,1.26986,1.29284,1.04679,1.09269,1.4469
2005-04-19,1.26986,1.29284,1.04679,1.09269,1.4469
2005-04-20,1.26986,1.29284,1.04679,1.09269,1.4469
2005-04-21,1.26986,1.29284,1.04679,1.09269,1.4469
2005-04-22,1.26986,1.29284,1.04679,1.09269,1.4469
2005-04-25,1.26986,1.29284,1.04679,1.09269,1.4469
2005-04-26,1.26986,1.29284,1.04679,1.09269,1.4469
2005-04-27,1.26986,1.29284,1.04679,1.09269,1.4469
2005-04-28,1.26986,1.29284,1.04679,1.09269,1.4469
2005-04-29,1.26986,1.29284,1.04679,1.09269,1.4469
2005-05-02,1.26986,1.29284,1.04679,1.09269,1.4469
2005-05-03,1.26986,1.29284,1.04679,1.09269,1.4469
2005-05-04,1.26986,1.29284,1.04679,1.09269,1.4469
2005-05-05,1.26986,1.29284,1.04679,1.09269,1.4469
2005-05-06,1.26986,1.29284,1.04679,1.09269,1.4469
2005-05-09,1.26986,1.29284,1.04679,1.09269,1.4469
2005-05-10,1.26986,1.29284,1.04679,1.09269,1.4469
2005-05-11,1.26986,1.29284,1.04679,1.09269,1.4469
2005-05-12,1.26986,1.29284,1.04679,1.09269,1.4469
2005-05-13,1.26986,1.29284,1.04679,1.09269,1.4469
2005-05-16,1.26986,1.29284,1.04679,1.09269,1.4469
2005-05-17,1.26986,1.29284,1.04679,1.09269,1.4469
2005-05-18,1.26986,1.29284,1.04679,1.09269,1.4469
2005-05-19,1.26986,1.29284,1.04679,1.09269,1.4469
2005-05-20,1.26986,1.29284,1.04679,1.09269,1.4469
2005-05-23,1.26986,1.29284,1.04679,1.09269,1.4469
2005-05-24,1.26986,1.29284,1.04679,1.09269,1.4469
2005-05-25,1.26986,1.29284,1.04679,1.09269,1.4469
2005-05-26,1.26986,1.29284,1.04679,1.09269,1.4469
2005-05-27,1.26986,1.29284,1.04679,1.09269,1.4469
2005-05-31,1.26986,1.29284,1.04679,1.09269,1.4469
2005-06-01,1.26986,1.29284,1.04679,1.09269,1.4469
2005-06-02,1.26986,1.29284,1.04679,1.09269,1.4469
2005-06-03,1.26986,1.29284,1.04679,1.09269,1.4469
2005-06-06,1.26986,1.29284,1.04679,1.09269,1.4469
2005-06-07,1.26986,1.29284,1.04679,1.09269,1.4469
2005-06-08,1.26353,1.28786,1.0447,1.08834,1.43247
2005-06-09,1.27157,1.29422,1.04736,1.09387,1.45071
2005-06-10,1.25817,1.28368,1.04295,1.08466,1.42013
2005-06-13,1.2642,1.28848,1.04495,1.08881,1.43374
2005-06-14,1.25918,1.2845,1.04329,1.08536,1.42235
2005-06-15,1.26319,1.28769,1.04462,1.08812,1.43142
2005-06-16,1.2699,1.293,1.04683,1.09273,1.44661
2005-06-17,1.27006,1.29313,1.04689,1.09285,1.44699
2005-06-20,1.27006,1.29313,1.04689,1.09285,1.44699
2005-06-21,1.26939,1.2926,1.04666,1.09239,1.44546
2005-06-22,1.27412,1.29633,1.04822,1.09564,1.45624
2005-06-23,1.27412,1.29633,1.04822,1.09564,1.45624
2005-06-24,1.25951,1.28486,1.04364,1.08605,1.42285
2005-06-27,1.25372,1.28027,1.04181,1.08224,1.40977
2005-06-28,1.26565,1.28978,1.04559,1.0901,1.43658
2005-06-29,1.26292,1.28762,1.04473,1.08831,1.4304
2005-06-30,1.25304,1.2798,1.04161,1.08181,1.40802
2005-07-01,1.251,1.27817,1.04096,1.08046,1.40342
2005-07-05,1.26429,1.28879,1.04518,1.08922,1.43323
2005-07-06,1.25816,1.28394,1.04325,1.08519,1.41933
2005-07-07,1.26258,1.28746,1.04465,1.0881,1.42932
2005-07-08,1.28677,1.30662,1.05228,1.10401,1.48409
2005-07-11,1.28953,1.30876,1.05314,1.10582,1.49046
2005-07-12,1.28953,1.30876,1.05314,1.10582,1.49046
2005-07-13,1.28953,1.30876,1.05314,1.10582,1.49046
2005-07-14,1.28953,1.30876,1.05314,1.10582,1.49046
2005-07-15,1.28953,1.30876,1.05314,1.10582,1.49046
2005-07-18,1.28953,1.30876,1.05314,1.10582,1.49046
2005-07-19,1.28953,1.30876,1.05314,1.10582,1.49046
2005-07-20,1.28953,1.30876,1.05314,1.10582,1.49046
2005-07-21,1.28953,1.30876,1.05314,1.10582,1.49046
2005-07-22,1.28953,1.30876,1.05314,1.10582,1.49046
2005-07-25,1.28953,1.30876,1.05314,1.10582,1.49046
2005-07-26,1.28953,1.30876,1.05314,1.10582,1.49046
2005-07-27,1.28953,1.30876,1.05314,1.10582,1.49046
2005-07-28,1.28953,1.30876,1.05314,1.10582,1.49046
2005-07-29,1.28953,1.30876,1.05314,1.10582,1.49046
2005-08-01,1.28953,1.30876,1.05314,1.10582,1.49046
2005-08-02,1.28953,1.30876,1.05314,1.10582,1.49046
2005-08-03,1.28953,1.30876,1.05314,1.10582,1.49046
2005-08-04,1.28953,1.30876,1.05314,1.10582,1.49046
2005-08-05,1.28953,1.30876,1.05314,1.10582,1.49046
2005-08-08,1.27812,1.29992,1.04875,1.09658,1.46409
2005-08-09,1.2866,1.30655,1.05203,1.10345,1.48351
2005-08-10,1.27551,1.29793,1.04775,1.09447,1.45794
2005-08-11,1.28595,1.30611,1.0518,1.10293,1.4818
2005-08-12,1.27878,1.30054,1.04903,1.09712,1.46526
2005-08-15,1.27585,1.29825,1.0479,1.09475,1.45857
2005-08-16,1.27585,1.29825,1.0479,1.09475,1.45857
2005-08-17,1.27585,1.29825,1.0479,1.09475,1.45857
2005-08-18,1.27585,1.29825,1.0479,1.09475,1.45857
2005-08-19,1.27585,1.29825,1.0479,1.09475,1.45857
2005-08-22,1.27585,1.29825,1.0479,1.09475,1.45857
2005-08-23,1.27585,1.29825,1.0479,1.09475,1.45857
2005-08-24,1.27585,1.29825,1.0479,1.09475,1.45857
2005-08-25,1.2772,1.29931,1.04836,1.09573,1.46165
2005-08-26,1.2729,1.29594,1.04687,1.09261,1.4518
2005-08-29,1.28283,1.30374,1.05032,1.0998,1.47445
2005-08-30,1.2782,1.30013,1.04872,1.09645,1.4638
2005-08-31,1.27822,1.30015,1.04873,1.09647,1.46386
2005-09-01,1.27822,1.30015,1.04873,1.09647,1.46386
2005-09-02,1.27822,1.30015,1.04873,1.09647,1.46386
2005-09-06,1.27822,1.30015,1.04873,1.09647,1.46386
2005-09-07,1.27822,1.30015,1.04873,1.09647,1.46386
2005-09-08,1.27822,1.30015,1.04873,1.09647,1.46386
2005-09-09,1.27822,1.30015,1.04873,1.09647,1.46386
2005-09-12,1.27822,1.30015,1.04873,1.09647,1.46386
2005-09-13,1.27822,1.30015,1.04873,1.09647,1.46386
2005-09-14,1.27822,1.30015,1.04873,1.09647,1.46386
2005-09-15,1.27433,1.2971,1.04722,1.09332,1.45494
2005-09-16,1.28213,1.30323,1.05024,1.09963,1.47277
2005-09-19,1.27205,1.29536,1.04635,1.09149,1.44959
2005-09-20,1.26684,1.29127,1.04434,1.08728,1.43773
2005-09-21,1.25285,1.28022,1.03891,1.07597,1.40596
2005-09-22,1.25741,1.28386,1.04068,1.07966,1.41619
2005-09-23,1.26098,1.2867,1.04208,1.08255,1.42425
2005-09-26,1.26751,1.29188,1.04462,1.08783,1.439
2005-09-27,1.26751,1.29188,1.04462,1.08783,1.439
2005-09-28,1.26751,1.29188,1.04462,1.08783,1.439
2005-09-29,1.26751,1.29188,1.04462,1.08783,1.439
2005-09-30,1.26751,1.29188,1.04462,1.08783,1.439
2005-10-03,1.26751,1.29188,1.04462,1.08783,1.439
2005-10-04,1.26751,1.29188,1.04462,1.08783,1.439
2005-10-05,1.26751,1.29188,1.04462,1.08783,1.439
2005-10-06,1.25117,1.27899,1.03898,1.07609,1.4019
2005-10-07,1.25412,1.28134,1.04001,1.07821,1.4085
2005-10-10,1.24725,1.27587,1.03762,1.07327,1.39308
2005-10-11,1.24103,1.27088,1.03546,1.06879,1.37919
2005-10-12,1.22631,1.25902,1.03032,1.05818,1.34647
2005-10-13,1.2358,1.26676,1.03365,1.06503,1.36731
2005-10-14,1.24496,1.27417,1.03686,1.07164,1.38757
2005-10-17,1.24434,1.27367,1.03664,1.07119,1.38618
2005-10-18,1.24434,1.27367,1.03664,1.07119,1.38618
2005-10-19,1.24434,1.27367,1.03664,1.07119,1.38618
2005-10-20,1.24434,1.27367,1.03664,1.07119,1.38618
2005-10-21,1.24434,1.27367,1.03664,1.07119,1.38618
2005-10-24,1.24434,1.27367,1.03664,1.07119,1.38618
2005-10-25,1.24434,1.27367,1.03664,1.07119,1.38618
2005-10-26,1.24434,1.27367,1.03664,1.07119,1.38618
2005-10-27,1.24434,1.27367,1.03664,1.07119,1.38618
2005-10-28,1.2486,1.2771,1.03788,1.07374,1.39569
2005-10-31,1.26653,1.29145,1.04305,1.08445,1.43576
2005-11-01,1.26231,1.28812,1.04185,1.08194,1.42619
2005-11-02,1.26231,1.28812,1.04185,1.08194,1.42619
2005-11-03,1.26231,1.28812,1.04185,1.08194,1.42619
2005-11-04,1.26231,1.28812,1.04185,1.08194,1.42619
2005-11-07,1.26231,1.28812,1.04185,1.08194,1.42619
2005-11-08,1.26231,1.28812,1.04185,1.08194,1.42619
2005-11-09,1.26231,1.28812,1.04185,1.08194,1.42619
2005-11-10,1.26231,1.28812,1.04185,1.08194,1.42619
2005-11-11,1.26231,1.28812,1.04185,1.08194,1.42619
2005-11-14,1.26231,1.28812,1.04185,1.08194,1.42619
2005-11-15,1.26231,1.28812,1.04185,1.08194,1.42619
2005-11-16,1.26231,1.28812,1.04185,1.08194,1.42619
2005-11-17,1.26231,1.28812,1.04185,1.08194,1.42619
2005-11-18,1.26231,1.28812,1.04185,1.08194,1.42619
2005-11-21,1.26231,1.28812,1.04185,1.08194,1.42619
2005-11-22,1.26231,1.28812,1.04185,1.08194,1.42619
2005-11-23,1.26231,1.28812,1.04185,1.08194,1.42619
2005-11-25,1.26231,1.28812,1.04185,1.08194,1.42619
2005-11-28,1.26231,1.28812,1.04185,1.08194,1.42619
2005-11-29,1.26231,1.28812,1.04185,1.08194,1.42619
2005-11-30,1.26015,1.28641,1.04105,1.08029,1.42132
2005-12-01,1.28368,1.30508,1.0497,1.09823,1.47439
2005-12-02,1.28673,1.30746,1.05081,1.10055,1.48141
2005-12-05,1.28426,1.30554,1.04991,1.09867,1.47571
2005-12-06,1.28426,1.30554,1.04991,1.09867,1.47571
2005-12-07,1.28426,1.30554,1.04991,1.09867,1.47571
2005-12-08,1.28426,1.30554,1.04991,1.09867,1.47571
2005-12-09,1.28824,1.30864,1.05132,1.10161,1.48487
2005-12-12,1.29288,1.31224,1.05295,1.10504,1.49555
2005-12-13,1.29813,1.3163,1.05479,1.10891,1.5077
2005-12-14,1.2938,1.31297,1.05328,1.10572,1.49766
2005-12-15,1.29596,1.31464,1.05404,1.10731,1.50266
2005-12-16,1.28702,1.30774,1.0509,1.10072,1.48192
2005-12-19,1.2666,1.29187,1.0437,1.08563,1.43488
2005-12-20,1.26752,1.2926,1.04402,1.08632,1.43698
2005-12-21,1.27309,1.297,1.04601,1.09044,1.44961
2005-12-22,1.27184,1.29601,1.04556,1.08951,1.44676
2005-12-23,1.27184,1.29601,1.04556,1.08951,1.44676
2005-12-27,1.27184,1.29601,1.04556,1.08951,1.44676
2005-12-28,1.27184,1.29601,1.04556,1.08951,1.44676
2005-12-29,1.27184,1.29601,1.04556,1.08951,1.44676
2005-12-30,1.26682,1.29206,1.04377,1.08578,1.43533
2006-01-03,1.29503,1.31433,1.05386,1.10678,1.49926
2006-01-04,1.30851,1.32474,1.05863,1.11679,1.53048
2006-01-05,1.30817,1.32448,1.05851,1.11654,1.52968
2006-01-06,1.30817,1.32448,1.05851,1.11654,1.52968
2006-01-09,1.30817,1.32448,1.05851,1.11654,1.52968
2006-01-10,1.30817,1.32448,1.05851,1.11654,1.52968
2006-01-11,1.30817,1.32448,1.05851,1.11654,1.52968
2006-01-12,1.30817,1.32448,1.05851,1.11654,1.52968
2006-01-13,1.30817,1.32448,1.05851,1.11654,1.52968
2006-01-17,1.30817,1.32448,1.05851,1.11654,1.52968
2006-01-18,1.30817,1.32448,1.05851,1.11654,1.52968
2006-01-19,1.31122,1.32681,1.05957,1.11877,1.5368
2006-01-20,1.3081,1.32443,1.05849,1.11649,1.52949
2006-01-23,1.30397,1.32127,1.05726,1.1139,1.51983
2006-01-24,1.30965,1.32564,1.05895,1.11747,1.53309
2006-01-25,1.30397,1.32129,1.05727,1.11391,1.51977
2006-01-26,1.31313,1.32832,1.05999,1.11965,1.54114
2006-01-27,1.33083,1.3418,1.06523,1.13071,1.58268
2006-01-30,1.33143,1.34225,1.0654,1.13108,1.58411
2006-01-31,1.33143,1.34225,1.0654,1.13108,1.58411
2006-02-01,1.33143,1.34225,1.0654,1.13108,1.58411
2006-02-02,1.33143,1.34225,1.0654,1.13108,1.58411
2006-02-03,1.32462,1.33713,1.06334,1.12671,1.56789
2006-02-06,1.32105,1.33444,1.06226,1.12442,1.55946
2006-02-07,1.31523,1.33003,1.06049,1.12067,1.54571
2006-02-08,1.33044,1.3416,1.06513,1.13047,1.58147
2006-02-09,1.31782,1.33211,1.06131,1.12236,1.55145
2006-02-10,1.32591,1.33825,1.06377,1.12757,1.5705
2006-02-13,1.31069,1.32678,1.05916,1.11779,1.53446
2006-02-14,1.32397,1.3369,1.06321,1.12634,1.56554
2006-02-15,1.33238,1.34326,1.06576,1.13175,1.58545
2006-02-16,1.33625,1.34616,1.06693,1.13423,1.59464
2006-02-17,1.33625,1.34616,1.06693,1.13423,1.59464
2006-02-21,1.33625,1.34616,1.06693,1.13423,1.59464
2006-02-22,1.33625,1.34616,1.06693,1.13423,1.59464
2006-02-23,1.33625,1.34616,1.06693,1.13423,1.59464
2006-02-24,1.33625,1.34616,1.06693,1.13423,1.59464
2006-02-27,1.33625,1.34616,1.06693,1.13423,1.59464
2006-02-28,1.33625,1.34616,1.06693,1.13423,1.59464
2006-03-01,1.33625,1.34616,1.06693,1.13423,1.59464
2006-03-02,1.33625,1.34616,1.06693,1.13423,1.59464
2006-03-03,1.33625,1.34616,1.06693,1.13423,1.59464
2006-03-06,1.33625,1.34616,1.06693,1.13423,1.59464
2006-03-07,1.33625,1.34616,1.06693,1.13423,1.59464
2006-03-08,1.33885,1.34811,1.06768,1.13583,1.60086
2006-03-09,1.32739,1.33955,1.06438,1.12881,1.57344
2006-03-10,1.3287,1.34053,1.06476,1.12962,1.57655
2006-03-13,1.33263,1.34349,1.0659,1.13203,1.58587
2006-03-14,1.35523,1.36045,1.07242,1.14588,1.63967
2006-03-15,1.3667,1.36892,1.07569,1.15288,1.66742
2006-03-16,1.37027,1.37153,1.07671,1.15505,1.67614
2006-03-17,1.37027,1.37153,1.07671,1.15505,1.67614
2006-03-20,1.37027,1.37153,1.07671,1.15505,1.67614
2006-03-21,1.37027,1.37153,1.07671,1.15505,1.67614
2006-03-22,1.37027,1.37153,1.07671,1.15505,1.67614
2006-03-23,1.37027,1.37153,1.07671,1.15505,1.67614
2006-03-24,1.37027,1.37153,1.07671,1.15505,1.67614
2006-03-27,1.37027,1.37153,1.07671,1.15505,1.67614
2006-03-28,1.37027,1.37153,1.07671,1.15505,1.67614
2006-03-29,1.37027,1.37153,1.07671,1.15505,1.67614
2006-03-30,1.37027,1.37153,1.07671,1.15505,1.67614
2006-03-31,1.37027,1.37153,1.07671,1.15505,1.67614
2006-04-03,1.37027,1.37153,1.07671,1.15505,1.67614
2006-04-04,1.37027,1.37153,1.07671,1.15505,1.67614
2006-04-05,1.37027,1.37153,1.07671,1.15505,1.67614
2006-04-06,1.37027,1.37153,1.07671,1.15505,1.67614
2006-04-07,1.37027,1.37153,1.07671,1.15505,1.67614
2006-04-10,1.37027,1.37153,1.07671,1.15505,1.67614
2006-04-11,1.37027,1.37153,1.07671,1.15505,1.67614
2006-04-12,1.36893,1.37055,1.0763,1.15418,1.67287
2006-04-13,1.37448,1.37461,1.078,1.15781,1.68643
2006-04-17,1.36012,1.36416,1.07362,1.14841,1.65118
2006-04-18,1.38624,1.38336,1.08163,1.16554,1.7146
2006-04-19,1.39244,1.38784,1.08351,1.16959,1.72994
2006-04-20,1.39077,1.38663,1.083,1.1685,1.72578
2006-04-21,1.39077,1.38663,1.083,1.1685,1.72578
2006-04-24,1.39077,1.38663,1.083,1.1685,1.72578
2006-04-25,1.39077,1.38663,1.083,1.1685,1.72578
2006-04-26,1.38974,1.38589,1.0827,1.16785,1.72323
2006-04-27,1.40302,1.39545,1.08659,1.17625,1.75616
2006-04-28,1.3894,1.38575,1.08262,1.16766,1.72208
2006-05-01,1.37579,1.37595,1.07863,1.15905,1.68834
2006-05-02,1.37944,1.3786,1.07971,1.16136,1.6973
2006-05-03,1.37745,1.37716,1.07912,1.1601,1.6924
2006-05-04,1.38874,1.38536,1.08245,1.16726,1.72014
2006-05-05,1.3997,1.39325,1.08567,1.17419,1.74729
2006-05-08,1.39634,1.39085,1.08469,1.17207,1.73891
2006-05-09,1.39634,1.39085,1.08469,1.17207,1.73891
2006-05-10,1.39634,1.39085,1.08469,1.17207,1.73891
2006-05-11,1.36581,1.36898,1.07482,1.15074,1.66286
2006-05-12,1.34737,1.35548,1.06878,1.13781,1.61796
2006-05-15,1.34636,1.35473,1.06844,1.1371,1.61554
2006-05-16,1.33631,1.34726,1.06512,1.13003,1.59141
2006-05-17,1.31821,1.33372,1.05912,1.11729,1.54829
2006-05-18,1.30915,1.32685,1.05609,1.1109,1.52703
2006-05-19,1.31921,1.33453,1.05947,1.11801,1.55049
2006-05-22,1.30647,1.32488,1.05521,1.10902,1.52055
2006-05-23,1.29373,1.31512,1.05093,1.10002,1.49089
2006-05-24,1.30245,1.32186,1.05388,1.10619,1.51098
2006-05-25,1.31955,1.33499,1.05963,1.11828,1.55065
2006-05-26,1.3219,1.33678,1.06042,1.11994,1.55619
2006-05-30,1.3219,1.33678,1.06042,1.11994,1.55619
2006-05-31,1.3219,1.33678,1.06042,1.11994,1.55619
2006-06-01,1.3219,1.33678,1.06042,1.11994,1.55619
2006-06-02,1.3219,1.33678,1.06042,1.11994,1.55619
2006-06-05,1.3219,1.33678,1.06042,1.11994,1.55619
2006-06-06,1.3219,1.33678,1.06042,1.11994,1.55619
2006-06-07,1.3219,1.33678,1.06042,1.11994,1.55619
2006-06-08,1.3219,1.33678,1.06042,1.11994,1.55619
2006-06-09,1.3219,1.33678,1.06042,1.11994,1.55619
2006-06-12,1.3219,1.33678,1.06042,1.11994,1.55619
2006-06-13,1.3219,1.33678,1.06042,1.11994,1.55619
2006-06-14,1.3219,1.33678,1.06042,1.11994,1.55619
2006-06-15,1.3219,1.33678,1.06042,1.11994,1.55619
2006-06-16,1.3219,1.33678,1.06042,1.11994,1.55619
2006-06-19,1.3219,1.33678,1.06042,1.11994,1.55619
2006-06-20,1.3219,1.33678,1.06042,1.11994,1.55619
2006-06-21,1.3219,1.33678,1.06042,1.11994,1.55619
2006-06-22,1.3219,1.33678,1.06042,1.11994,1.55619
2006-06-23,1.3219,1.33678,1.06042,1.11994,1.55619
2006-06-26,1.3219,1.33678,1.06042,1.11994,1.55619
2006-06-27,1.3219,1.33678,1.06042,1.11994,1.55619
2006-06-28,1.3219,1.33678,1.06042,1.11994,1.55619
2006-06-29,1.3219,1.33678,1.06042,1.11994,1.55619
2006-06-30,1.3219,1.33678,1.06042,1.11994,1.55619
2006-07-03,1.3219,1.33678,1.06042,1.11994,1.55619
2006-07-05,1.3219,1.33678,1.06042,1.11994,1.55619
2006-07-06,1.3219,1.33678,1.06042,1.11994,1.55619
2006-07-07,1.3219,1.33678,1.06042,1.11994,1.55619
2006-07-10,1.3219,1.33678,1.06042,1.11994,1.55619
2006-07-11,1.3219,1.33678,1.06042,1.11994,1.55619
2006-07-12,1.3219,1.33678,1.06042,1.11994,1.55619
2006-07-13,1.3219,1.33678,1.06042,1.11994,1.55619
2006-07-14,1.3219,1.33678,1.06042,1.11994,1.55619
2006-07-17,1.3219,1.33678,1.06042,1.11994,1.55619
2006-07-18,1.3219,1.33678,1.06042,1.11994,1.55619
2006-07-19,1.3219,1.33678,1.06042,1.11994,1.55619
2006-07-20,1.3219,1.33678,1.06042,1.11994,1.55619
2006-07-21,1.3219,1.33678,1.06042,1.11994,1.55619
2006-07-24,1.3219,1.33678,1.06042,1.11994,1.55619
2006-07-25,1.3219,1.33678,1.06042,1.11994,1.55619
2006-07-26,1.3219,1.33678,1.06042,1.11994,1.55619
2006-07-27,1.3219,1.33678,1.06042,1.11994,1.55619
2006-07-28,1.3219,1.33678,1.06042,1.11994,1.55619
2006-07-31,1.3219,1.33678,1.06042,1.11994,1.55619
2006-08-01,1.3219,1.33678,1.06042,1.11994,1.55619
2006-08-02,1.3219,1.33678,1.06042,1.11994,1.55619
2006-08-03,1.3219,1.33678,1.06042,1.11994,1.55619
2006-08-04,1.3219,1.33678,1.06042,1.11994,1.55619
2006-08-07,1.3219,1.33678,1.06042,1.11994,1.55619
2006-08-08,1.3219,1.33678,1.06042,1.11994,1.55619
2006-08-09,1.3219,1.33678,1.06042,1.11994,1.55619
2006-08-10,1.3219,1.33678,1.06042,1.11994,1.55619
2006-08-11,1.3219,1.33678,1.06042,1.11994,1.55619
2006-08-14,1.3219,1.33678,1.06042,1.11994,1.55619
2006-08-15,1.3219,1.33678,1.06042,1.11994,1.55619
2006-08-16,1.3219,1.33678,1.06042,1.11994,1.55619
2006-08-17,1.3219,1.33678,1.06042,1.11994,1.55619
2006-08-18,1.3219,1.33678,1.06042,1.11994,1.55619
2006-08-21,1.3219,1.33678,1.06042,1.11994,1.55619
2006-08-22,1.3219,1.33678,1.06042,1.11994,1.55619
2006-08-23,1.3219,1.33678,1.06042,1.11994,1.55619
2006-08-24,1.3219,1.33678,1.06042,1.11994,1.55619
2006-08-25,1.3219,1.33678,1.06042,1.11994,1.55619
2006-08-28,1.3219,1.33678,1.06042,1.11994,1.55619
2006-08-29,1.3219,1.33678,1.06042,1.11994,1.55619
2006-08-30,1.3219,1.33678,1.06042,1.11994,1.55619
2006-08-31,1.3219,1.33678,1.06042,1.11994,1.55619
2006-09-01,1.3219,1.33678,1.06042,1.11994,1.55619
2006-09-05,1.3219,1.33678,1.06042,1.11994,1.55619
2006-09-06,1.3219,1.33678,1.06042,1.11994,1.55619
2006-09-07,1.3219,1.33678,1.06042,1.11994,1.55619
2006-09-08,1.3219,1.33678,1.06042,1.11994,1.55619
2006-09-11,1.3219,1.33678,1.06042,1.11994,1.55619
2006-09-12,1.3219,1.33678,1.06042,1.11994,1.55619
2006-09-13,1.3219,1.33678,1.06042,1.11994,1.55619
2006-09-14,1.3219,1.33678,1.06042,1.11994,1.55619
2006-09-15,1.3219,1.33678,1.06042,1.11994,1.55619
2006-09-18,1.3219,1.33678,1.06042,1.11994,1.55619
2006-09-19,1.3219,1.33678,1.06042,1.11994,1.55619
2006-09-20,1.3219,1.33678,1.06042,1.11994,1.55619
2006-09-21,1.3219,1.33678,1.06042,1.11994,1.55619
2006-09-22,1.3219,1.33678,1.06042,1.11994,1.55619
2006-09-25,1.3219,1.33678,1.06042,1.11994,1.55619
2006-09-26,1.3219,1.33678,1.06042,1.11994,1.55619
2006-09-27,1.3219,1.33678,1.06042,1.11994,1.55619
2006-09-28,1.3219,1.33678,1.06042,1.11994,1.55619
2006-09-29,1.3219,1.33678,1.06042,1.11994,1.55619
2006-10-02,1.3219,1.33678,1.06042,1.11994,1.55619
2006-10-03,1.32982,1.34276,1.06268,1.12471,1.57482
2006-10-04,1.36248,1.36732,1.07197,1.14437,1.65218
2006-10-05,1.36114,1.36634,1.07159,1.14357,1.64893
2006-10-06,1.36114,1.36634,1.07159,1.14357,1.64893
2006-10-09,1.36114,1.36634,1.07159,1.14357,1.64893
2006-10-10,1.36114,1.36634,1.07159,1.14357,1.64893
2006-10-11,1.36114,1.36634,1.07159,1.14357,1.64893
2006-10-12,1.36114,1.36634,1.07159,1.14357,1.64893
2006-10-13,1.36114,1.36634,1.07159,1.14357,1.64893
2006-10-16,1.36114,1.36634,1.07159,1.14357,1.64893
2006-10-17,1.36114,1.36634,1.07159,1.14357,1.64893
2006-10-18,1.36114,1.36634,1.07159,1.14357,1.64893
2006-10-19,1.36114,1.36634,1.07159,1.14357,1.64893
2006-10-20,1.36114,1.36634,1.07159,1.14357,1.64893
2006-10-23,1.36114,1.36634,1.07159,1.14357,1.64893
2006-10-24,1.36114,1.36634,1.07159,1.14357,1.64893
2006-10-25,1.36114,1.36634,1.07159,1.14357,1.64893
2006-10-26,1.36114,1.36634,1.07159,1.14357,1.64893
2006-10-27,1.36114,1.36634,1.07159,1.14357,1.64893
2006-10-30,1.36114,1.36634,1.07159,1.14357,1.64893
2006-10-31,1.36114,1.36634,1.07159,1.14357,1.64893
2006-11-01,1.36114,1.36634,1.07159,1.14357,1.64893
2006-11-02,1.36114,1.36634,1.07159,1.14357,1.64893
2006-11-03,1.36114,1.36634,1.07159,1.14357,1.64893
2006-11-06,1.36114,1.36634,1.07159,1.14357,1.64893
2006-11-07,1.36114,1.36634,1.07159,1.14357,1.64893
2006-11-08,1.36114,1.36634,1.07159,1.14357,1.64893
2006-11-09,1.36114,1.36634,1.07159,1.14357,1.64893
2006-11-10,1.36114,1.36634,1.07159,1.14357,1.64893
2006-11-13,1.36114,1.36634,1.07159,1.14357,1.64893
2006-11-14,1.36114,1.36634,1.07159,1.14357,1.64893
2006-11-15,1.36114,1.36634,1.07159,1.14357,1.64893
2006-11-16,1.36114,1.36634,1.07159,1.14357,1.64893
2006-11-17,1.36114,1.36634,1.07159,1.14357,1.64893
2006-11-20,1.36114,1.36634,1.07159,1.14357,1.64893
2006-11-21,1.36114,1.36634,1.07159,1.14357,1.64893
2006-11-22,1.36114,1.36634,1.07159,1.14357,1.64893
2006-11-24,1.36114,1.36634,1.07159,1.14357,1.64893
2006-11-27,1.36114,1.36634,1.07159,1.14357,1.64893
2006-11-28,1.36827,1.37158,1.07377,1.14822,1.66621
2006-11-29,1.37765,1.37844,1.07662,1.15432,1.68906
2006-11-30,1.37634,1.37748,1.07623,1.15347,1.68583
2006-12-01,1.37634,1.37748,1.07623,1.15347,1.68583
2006-12-04,1.37634,1.37748,1.07623,1.15347,1.68583
2006-12-05,1.37634,1.37748,1.07623,1.15347,1.68583
2006-12-06,1.37634,1.37748,1.07623,1.15347,1.68583
2006-12-07,1.37634,1.37748,1.07623,1.15347,1.68583
2006-12-08,1.37634,1.37748,1.07623,1.15347,1.68583
2006-12-11,1.37634,1.37748,1.07623,1.15347,1.68583
2006-12-12,1.37634,1.37748,1.07623,1.15347,1.68583
2006-12-13,1.37634,1.37748,1.07623,1.15347,1.68583
2006-12-14,1.37634,1.37748,1.07623,1.15347,1.68583
2006-12-15,1.37634,1.37748,1.07623,1.15347,1.68583
2006-12-18,1.37634,1.37748,1.07623,1.15347,1.68583
2006-12-19,1.37634,1.37748,1.07623,1.15347,1.68583
2006-12-20,1.37634,1.37748,1.07623,1.15347,1.68583
2006-12-21,1.3637,1.3683,1.07263,1.14576,1.65489
2006-12-22,1.34955,1.35793,1.06858,1.1371,1.62055
2006-12-26,1.35522,1.36212,1.07021,1.14057,1.63415
2006-12-27,1.36213,1.36722,1.0722,1.14481,1.65082
2006-12-28,1.35737,1.36373,1.07083,1.14189,1.63927
2006-12-29,1.35737,1.36373,1.07083,1.14189,1.63927
2007-01-03,1.35737,1.36373,1.07083,1.14189,1.63927
2007-01-04,1.35737,1.36373,1.07083,1.14189,1.63927
2007-01-05,1.35737,1.36373,1.07083,1.14189,1.63927
2007-01-08,1.35737,1.36373,1.07083,1.14189,1.63927
2007-01-09,1.35737,1.36373,1.07083,1.14189,1.63927
2007-01-10,1.35737,1.36373,1.07083,1.14189,1.63927
2007-01-11,1.35737,1.36373,1.07083,1.14189,1.63927
2007-01-12,1.35737,1.36373,1.07083,1.14189,1.63927
2007-01-16,1.35737,1.36373,1.07083,1.14189,1.63927
2007-01-17,1.35737,1.36373,1.07083,1.14189,1.63927
2007-01-18,1.35737,1.36373,1.07083,1.14189,1.63927
2007-01-19,1.36255,1.36755,1.0723,1.14504,1.6518
2007-01-22,1.34774,1.35668,1.06811,1.13607,1.61589
2007-01-23,1.34435,1.35416,1.06714,1.13401,1.60775
2007-01-24,1.36656,1.37068,1.07349,1.14751,1.66088
2007-01-25,1.34898,1.35782,1.06851,1.13687,1.61814
2007-01-26,1.34404,1.35416,1.0671,1.13387,1.6063
2007-01-29,1.34528,1.35508,1.06746,1.13462,1.60925
2007-01-30,1.34589,1.35553,1.06763,1.135,1.61073
2007-01-31,1.35947,1.36562,1.07151,1.14324,1.64321
2007-02-01,1.35792,1.36448,1.07107,1.14231,1.63948
2007-02-02,1.36224,1.36766,1.0723,1.14493,1.64991
2007-02-05,1.36101,1.36676,1.07195,1.14418,1.64692
2007-02-06,1.35885,1.36517,1.07134,1.14287,1.64169
2007-02-07,1.37149,1.37448,1.07493,1.15054,1.67225
2007-02-08,1.37119,1.37425,1.07484,1.15035,1.67151
2007-02-09,1.3742,1.37645,1.0757,1.15217,1.67885
2007-02-12,1.36788,1.37185,1.07385,1.14822,1.66341
2007-02-13,1.37289,1.37551,1.07532,1.15135,1.67559
2007-02-14,1.39605,1.39239,1.08208,1.16584,1.73213
2007-02-15,1.39629,1.39256,1.08215,1.16599,1.73272
2007-02-16,1.39629,1.39256,1.08215,1.16599,1.73272
2007-02-20,1.39629,1.39256,1.08215,1.16599,1.73272
2007-02-21,1.39629,1.39256,1.08215,1.16599,1.73272
2007-02-22,1.39629,1.39256,1.08215,1.16599,1.73272
2007-02-23,1.39629,1.39256,1.08215,1.16599,1.73272
2007-02-26,1.39629,1.39256,1.08215,1.16599,1.73272
2007-02-27,1.39629,1.39256,1.08215,1.16599,1.73272
2007-02-28,1.40142,1.39623,1.08349,1.16888,1.74544
2007-03-01,1.39495,1.39161,1.0818,1.16524,1.72933
2007-03-02,1.38294,1.383,1.07866,1.15846,1.69955
2007-03-05,1.38192,1.38227,1.07842,1.15794,1.69705
2007-03-06,1.40487,1.39887,1.08384,1.16958,1.75341
2007-03-07,1.39929,1.3949,1.08253,1.16677,1.7395
2007-03-08,1.4088,1.4017,1.08476,1.17157,1.76314
2007-03-09,1.40749,1.40077,1.08446,1.17091,1.75985
2007-03-12,1.41667,1.40729,1.0866,1.17554,1.78281
2007-03-13,1.38913,1.38785,1.0802,1.1617,1.7135
2007-03-14,1.40946,1.40248,1.08499,1.17199,1.76364
2007-03-15,1.40618,1.40016,1.08422,1.17034,1.75544
2007-03-16,1.4051,1.39939,1.08397,1.1698,1.75274
2007-03-19,1.41953,1.40966,1.08734,1.17707,1.78875
2007-03-20,1.4297,1.41683,1.0897,1.18218,1.81438
2007-03-21,1.43063,1.41747,1.08991,1.18264,1.81672
2007-03-22,1.43063,1.41747,1.08991,1.18264,1.81672
2007-03-23,1.43063,1.41747,1.08991,1.18264,1.81672
2007-03-26,1.43063,1.41747,1.08991,1.18264,1.81672
2007-03-27,1.43063,1.41747,1.08991,1.18264,1.81672
2007-03-28,1.43063,1.41747,1.08991,1.18264,1.81672
2007-03-29,1.4211,1.41082,1.08723,1.17682,1.79254
2007-03-30,1.4198,1.4099,1.08686,1.17602,1.78924
2007-04-02,1.42175,1.41128,1.08741,1.17722,1.79418
2007-04-03,1.44035,1.42435,1.09268,1.18861,1.84111
2007-04-04,1.44622,1.42843,1.09432,1.19219,1.85612
2007-04-05,1.44386,1.4268,1.09366,1.19076,1.85007
2007-04-09,1.44386,1.4268,1.09366,1.19076,1.85007
2007-04-10,1.44386,1.4268,1.09366,1.19076,1.85007
2007-04-11,1.44386,1.4268,1.09366,1.19076,1.85007
2007-04-12,1.44386,1.4268,1.09366,1.19076,1.85007
2007-04-13,1.44386,1.4268,1.09366,1.19076,1.85007
2007-04-16,1.44386,1.4268,1.09366,1.19076,1.85007
2007-04-17,1.44386,1.4268,1.09366,1.19076,1.85007
2007-04-18,1.44386,1.4268,1.09366,1.19076,1.85007
2007-04-19,1.44386,1.4268,1.09366,1.19076,1.85007
2007-04-20,1.44386,1.4268,1.09366,1.19076,1.85007
2007-04-23,1.44386,1.4268,1.09366,1.19076,1.85007
2007-04-24,1.44386,1.4268,1.09366,1.19076,1.85007
2007-04-25,1.44386,1.4268,1.09366,1.19076,1.85007
2007-04-26,1.44386,1.4268,1.09366,1.19076,1.85007
2007-04-27,1.44386,1.4268,1.09366,1.19076,1.85007
2007-04-30,1.44386,1.4268,1.09366,1.19076,1.85007
2007-05-01,1.44386,1.4268,1.09366,1.19076,1.85007
2007-05-02,1.44386,1.4268,1.09366,1.19076,1.85007
2007-05-03,1.44386,1.4268,1.09366,1.19076,1.85007
2007-05-04,1.44386,1.4268,1.09366,1.19076,1.85007
2007-05-07,1.44386,1.4268,1.09366,1.19076,1.85007
2007-05-08,1.44386,1.4268,1.09366,1.19076,1.85007
2007-05-09,1.44386,1.4268,1.09366,1.19076,1.85007
2007-05-10,1.44386,1.4268,1.09366,1.19076,1.85007
2007-05-11,1.46,1.43797,1.09946,1.20339,1.89141
2007-05-14,1.45001,1.43113,1.09589,1.19557,1.86553
2007-05-15,1.43877,1.42338,1.09186,1.18678,1.83662
2007-05-16,1.45282,1.43315,1.09692,1.19778,1.87248
2007-05-17,1.44595,1.42842,1.09446,1.1924,1.85479
2007-05-18,1.45781,1.43662,1.09872,1.20169,1.88521
2007-05-21,1.46717,1.44304,1.10207,1.20901,1.90942
2007-05-22,1.46738,1.44318,1.10214,1.20917,1.90995
2007-05-23,1.46738,1.44318,1.10214,1.20917,1.90995
2007-05-24,1.46738,1.44318,1.10214,1.20917,1.90995
2007-05-25,1.47267,1.44679,1.10382,1.21286,1.92373
2007-05-29,1.48408,1.45454,1.10744,1.2208,1.95355
2007-05-30,1.47288,1.44699,1.10391,1.21301,1.92406
2007-05-31,1.47288,1.44699,1.10391,1.21301,1.92406
2007-06-01,1.47288,1.44699,1.10391,1.21301,1.92406
2007-06-04,1.47288,1.44699,1.10391,1.21301,1.92406
2007-06-05,1.47288,1.44699,1.10391,1.21301,1.92406
2007-06-06,1.47288,1.44699,1.10391,1.21301,1.92406
2007-06-07,1.45426,1.43435,1.09773,1.19943,1.87539
2007-06-08,1.47215,1.44665,1.10371,1.2125,1.92154
2007-06-11,1.46932,1.44473,1.10277,1.21044,1.91417
2007-06-12,1.46054,1.43875,1.09985,1.20403,1.89127
2007-06-13,1.47654,1.44971,1.10518,1.21571,1.93272
2007-06-14,1.48627,1.4563,1.10841,1.2228,1.95819
2007-06-15,1.49893,1.46482,1.11259,1.23202,1.99155
2007-06-18,1.49893,1.46482,1.11259,1.23202,1.99155
2007-06-19,1.49893,1.46482,1.11259,1.23202,1.99155
2007-06-20,1.49893,1.46482,1.11259,1.23202,1.99155
2007-06-21,1.49893,1.46482,1.11259,1.23202,1.99155
2007-06-22,1.49893,1.46482,1.11259,1.23202,1.99155
2007-06-25,1.49893,1.46482,1.11259,1.23202,1.99155
2007-06-26,1.49893,1.46482,1.11259,1.23202,1.99155
2007-06-27,1.52383,1.48143,1.12029,1.24908,2.05771
2007-06-28,1.52318,1.481,1.12009,1.24864,2.05597
2007-06-29,1.52575,1.48269,1.12088,1.25039,2.0629
2007-07-02,1.53889,1.4913,1.1249,1.25937,2.09843
2007-07-03,1.54851,1.49755,1.12783,1.26593,2.12466
2007-07-05,1.54869,1.49767,1.12789,1.26606,2.12517
2007-07-06,1.54869,1.49767,1.12789,1.26606,2.12517
2007-07-09,1.54869,1.49767,1.12789,1.26606,2.12517
2007-07-10,1.54869,1.49767,1.12789,1.26606,2.12517
2007-07-11,1.54869,1.49767,1.12789,1.26606,2.12517
2007-07-12,1.54869,1.49767,1.12789,1.26606,2.12517
2007-07-13,1.54869,1.49767,1.12789,1.26606,2.12517
2007-07-16,1.54869,1.49767,1.12789,1.26606,2.12517
2007-07-17,1.54869,1.49767,1.12789,1.26606,2.12517
2007-07-18,1.54869,1.49767,1.12789,1.26606,2.12517
2007-07-19,1.54869,1.49767,1.12789,1.26606,2.12517
2007-07-20,1.54869,1.49767,1.12789,1.26606,2.12517
2007-07-23,1.54869,1.49767,1.12789,1.26606,2.12517
2007-07-24,1.54869,1.49767,1.12789,1.26606,2.12517
2007-07-25,1.54261,1.49374,1.12589,1.26156,2.10849
2007-07-26,1.5295,1.48524,1.12156,1.25186,2.07263
2007-07-27,1.49858,1.46503,1.1113,1.22897,1.98884
2007-07-30,1.51607,1.4767,1.11717,1.24194,2.03526
2007-07-31,1.48422,1.45569,1.10655,1.21834,1.94974
2007-08-01,1.49577,1.46347,1.11045,1.22692,1.9801
2007-08-02,1.50951,1.47266,1.11506,1.23712,2.01648
2007-08-03,1.50595,1.4703,1.11387,1.23447,2.00696
2007-08-06,1.50595,1.4703,1.11387,1.23447,2.00696
2007-08-07,1.50595,1.4703,1.11387,1.23447,2.00696
2007-08-08,1.50595,1.4703,1.11387,1.23447,2.00696
2007-08-09,1.50595,1.4703,1.11387,1.23447,2.00696
2007-08-10,1.50595,1.4703,1.11387,1.23447,2.00696
2007-08-13,1.50595,1.4703,1.11387,1.23447,2.00696
2007-08-14,1.50595,1.4703,1.11387,1.23447,2.00696
2007-08-15,1.50595,1.4703,1.11387,1.23447,2.00696
2007-08-16,1.50222,1.46782,1.11316,1.2329,1.99702
2007-08-17,1.53064,1.48674,1.11857,1.24488,2.07259
2007-08-20,1.53792,1.4915,1.11994,1.24792,2.09229
2007-08-21,1.55411,1.50203,1.12297,1.25467,2.13635
2007-08-22,1.56506,1.50907,1.125,1.25921,2.16646
2007-08-23,1.56506,1.50907,1.125,1.25921,2.16646
2007-08-24,1.56506,1.50907,1.125,1.25921,2.16646
2007-08-27,1.56506,1.50907,1.125,1.25921,2.16646
2007-08-28,1.56506,1.50907,1.125,1.25921,2.16646
2007-08-29,1.56506,1.50907,1.125,1.25921,2.16646
2007-08-30,1.56506,1.50907,1.125,1.25921,2.16646
2007-08-31,1.56506,1.50907,1.125,1.25921,2.16646
2007-09-04,1.56506,1.50907,1.125,1.25921,2.16646
2007-09-05,1.56506,1.50907,1.125,1.25921,2.16646
2007-09-06,1.56506,1.50907,1.125,1.25921,2.16646
2007-09-07,1.56506,1.50907,1.125,1.25921,2.16646
2007-09-10,1.55077,1.49994,1.12215,1.25283,2.12689
2007-09-11,1.57426,1.51509,1.12686,1.26336,2.19132
2007-09-12,1.57458,1.51529,1.12693,1.2635,2.19222
2007-09-13,1.58505,1.52194,1.129,1.26816,2.22136
2007-09-14,1.58505,1.52194,1.129,1.26816,2.22136
2007-09-17,1.58505,1.52194,1.129,1.26816,2.22136
2007-09-18,1.58505,1.52194,1.129,1.26816,2.22136
2007-09-19,1.58505,1.52194,1.129,1.26816,2.22136
2007-09-20,1.58505,1.52194,1.129,1.26816,2.22136
2007-09-21,1.58505,1.52194,1.129,1.26816,2.22136
2007-09-24,1.58505,1.52194,1.129,1.26816,2.22136
2007-09-25,1.58505,1.52194,1.129,1.26816,2.22136
2007-09-26,1.58505,1.52194,1.129,1.26816,2.22136
2007-09-27,1.58505,1.52194,1.129,1.26816,2.22136
2007-09-28,1.58505,1.52194,1.129,1.26816,2.22136
2007-10-01,1.58505,1.52194,1.129,1.26816,2.22136
2007-10-02,1.58505,1.52194,1.129,1.26816,2.22136
2007-10-03,1.58505,1.52194,1.129,1.26816,2.22136
2007-10-04,1.58505,1.52194,1.129,1.26816,2.22136
2007-10-05,1.58505,1.52194,1.129,1.26816,2.22136
2007-10-08,1.58505,1.52194,1.129,1.26816,2.22136
2007-10-09,1.58505,1.52194,1.129,1.26816,2.22136
2007-10-10,1.58505,1.52194,1.129,1.26816,2.22136
2007-10-11,1.58505,1.52194,1.129,1.26816,2.22136
2007-10-12,1.58505,1.52194,1.129,1.26816,2.22136
2007-10-15,1.58505,1.52194,1.129,1.26816,2.22136
2007-10-16,1.58505,1.52194,1.129,1.26816,2.22136
2007-10-17,1.58505,1.52194,1.129,1.26816,2.22136
2007-10-18,1.58505,1.52194,1.129,1.26816,2.22136
2007-10-19,1.58505,1.52194,1.129,1.26816,2.22136
2007-10-22,1.58505,1.52194,1.129,1.26816,2.22136
2007-10-23,1.58505,1.52194,1.129,1.26816,2.22136
2007-10-24,1.58505,1.52194,1.129,1.26816,2.22136
2007-10-25,1.58505,1.52194,1.129,1.26816,2.22136
2007-10-26,1.58505,1.52194,1.129,1.26816,2.22136
2007-10-29,1.58505,1.52194,1.129,1.26816,2.22136
2007-10-30,1.58505,1.52194,1.129,1.26816,2.22136
2007-10-31,1.58505,1.52194,1.129,1.26816,2.22136
2007-11-01,1.58505,1.52194,1.129,1.26816,2.22136
2007-11-02,1.58505,1.52194,1.129,1.26816,2.22136
2007-11-05,1.58505,1.52194,1.129,1.26816,2.22136
2007-11-06,1.58505,1.52194,1.129,1.26816,2.22136
2007-11-07,1.58505,1.52194,1.129,1.26816,2.22136
2007-11-08,1.58505,1.52194,1.129,1.26816,2.22136
2007-11-09,1.56146,1.50706,1.12502,1.25921,2.15524
2007-11-12,1.5218,1.48166,1.11825,1.24405,2.04576
2007-11-13,1.58457,1.5229,1.12918,1.26838,2.21452
2007-11-14,1.56427,1.51009,1.12575,1.26067,2.15778
2007-11-15,1.55584,1.5047,1.12431,1.25745,2.13452
2007-11-16,1.5702,1.51394,1.12677,1.26296,2.17394
2007-11-19,1.55209,1.5024,1.12369,1.25605,2.12379
2007-11-20,1.55834,1.50643,1.12477,1.25845,2.14088
2007-11-21,1.53991,1.4946,1.12161,1.25139,2.09025
2007-11-23,1.55646,1.50535,1.12447,1.25777,2.13518
2007-11-26,1.5296,1.48809,1.11987,1.24748,2.0615
2007-11-27,1.56021,1.5081,1.12518,1.25931,2.14399
2007-11-28,1.60768,1.53853,1.13329,1.27747,2.27445
2007-11-29,1.60063,1.53414,1.13212,1.27482,2.25451
2007-11-30,1.60063,1.53414,1.13212,1.27482,2.25451
2007-12-03,1.60063,1.53414,1.13212,1.27482,2.25451
2007-12-04,1.60063,1.53414,1.13212,1.27482,2.25451
2007-12-05,1.60063,1.53414,1.13212,1.27482,2.25451
2007-12-06,1.60063,1.53414,1.13212,1.27482,2.25451
2007-12-07,1.60063,1.53414,1.13212,1.27482,2.25451
2007-12-10,1.60063,1.53414,1.13212,1.27482,2.25451
2007-12-11,1.60063,1.53414,1.13212,1.27482,2.25451
2007-12-12,1.60063,1.53414,1.13212,1.27482,2.25451
2007-12-13,1.60063,1.53414,1.13212,1.27482,2.25451
2007-12-14,1.60063,1.53414,1.13212,1.27482,2.25451
2007-12-17,1.60063,1.53414,1.13212,1.27482,2.25451
2007-12-18,1.58869,1.52668,1.13014,1.27037,2.22087
2007-12-19,1.58837,1.52648,1.13009,1.27025,2.21998
2007-12-20,1.62085,1.54693,1.13549,1.2824,2.31077
2007-12-21,1.65283,1.56666,1.14073,1.29423,2.40196
2007-12-24,1.6571,1.56925,1.14142,1.29579,2.41438
2007-12-26,1.6571,1.56925,1.14142,1.29579,2.41438
2007-12-27,1.6571,1.56925,1.14142,1.29579,2.41438
2007-12-28,1.6571,1.56925,1.14142,1.29579,2.41438
2007-12-31,1.6571,1.56925,1.14142,1.29579,2.41438
2008-01-02,1.62979,1.55276,1.13623,1.28401,2.33478
2008-01-03,1.63528,1.55613,1.13729,1.28639,2.35051
2008-01-04,1.56356,1.51228,1.12352,1.25526,2.14434
2008-01-07,1.55613,1.50752,1.12205,1.25197,2.12396
2008-01-08,1.51575,1.48157,1.11401,1.23403,2.01372
2008-01-09,1.54805,1.50289,1.12056,1.24855,2.09956
2008-01-10,1.55032,1.50435,1.12102,1.24956,2.1057
2008-01-11,1.54082,1.49822,1.11912,1.24533,2.07991
2008-01-14,1.54082,1.49822,1.11912,1.24533,2.07991
2008-01-15,1.54082,1.49822,1.11912,1.24533,2.07991
2008-01-16,1.54082,1.49822,1.11912,1.24533,2.07991
2008-01-17,1.54082,1.49822,1.11912,1.24533,2.07991
2008-01-18,1.54082,1.49822,1.11912,1.24533,2.07991
2008-01-22,1.54082,1.49822,1.11912,1.24533,2.07991
2008-01-23,1.54082,1.49822,1.11912,1.24533,2.07991
2008-01-24,1.54082,1.49822,1.11912,1.24533,2.07991
2008-01-25,1.54082,1.49822,1.11912,1.24533,2.07991
2008-01-28,1.54082,1.49822,1.11912,1.24533,2.07991
2008-01-29,1.54082,1.49822,1.11912,1.24533,2.07991
2008-01-30,1.54082,1.49822,1.11912,1.24533,2.07991
2008-01-31,1.54082,1.49822,1.11912,1.24533,2.07991
2008-02-01,1.54082,1.49822,1.11912,1.24533,2.07991
2008-02-04,1.54082,1.49822,1.11912,1.24533,2.07991
2008-02-05,1.54082,1.49822,1.11912,1.24533,2.07991
2008-02-06,1.54082,1.49822,1.11912,1.24533,2.07991
2008-02-07,1.54082,1.49822,1.11912,1.24533,2.07991
2008-02-08,1.54082,1.49822,1.11912,1.24533,2.07991
2008-02-11,1.54082,1.49822,1.11912,1.24533,2.07991
2008-02-12,1.54082,1.49822,1.11912,1.24533,2.07991
2008-02-13,1.54082,1.49822,1.11912,1.24533,2.07991
2008-02-14,1.54082,1.49822,1.11912,1.24533,2.07991
2008-02-15,1.54082,1.49822,1.11912,1.24533,2.07991
2008-02-19,1.54082,1.49822,1.11912,1.24533,2.07991
2008-02-20,1.54082,1.49822,1.11912,1.24533,2.07991
2008-02-21,1.54082,1.49822,1.11912,1.24533,2.07991
2008-02-22,1.54082,1.49822,1.11912,1.24533,2.07991
2008-02-25,1.54082,1.49822,1.11912,1.24533,2.07991
2008-02-26,1.54082,1.49822,1.11912,1.24533,2.07991
2008-02-27,1.54082,1.49822,1.11912,1.24533,2.07991
2008-02-28,1.54082,1.49822,1.11912,1.24533,2.07991
2008-02-29,1.54082,1.49822,1.11912,1.24533,2.07991
2008-03-03,1.54082,1.49822,1.11912,1.24533,2.07991
2008-03-04,1.54082,1.49822,1.11912,1.24533,2.07991
2008-03-05,1.54082,1.49822,1.11912,1.24533,2.07991
2008-03-06,1.54082,1.49822,1.11912,1.24533,2.07991
2008-03-07,1.54082,1.49822,1.11912,1.24533,2.07991
2008-03-10,1.54082,1.49822,1.11912,1.24533,2.07991
2008-03-11,1.54082,1.49822,1.11912,1.24533,2.07991
2008-03-12,1.54082,1.49822,1.11912,1.24533,2.07991
2008-03-13,1.54082,1.49822,1.11912,1.24533,2.07991
2008-03-14,1.54082,1.49822,1.11912,1.24533,2.07991
2008-03-17,1.54082,1.49822,1.11912,1.24533,2.07991
2008-03-18,1.54082,1.49822,1.11912,1.24533,2.07991
2008-03-19,1.54082,1.49822,1.11912,1.24533,2.07991
2008-03-20,1.54082,1.49822,1.11912,1.24533,2.07991
2008-03-24,1.54082,1.49822,1.11912,1.24533,2.07991
2008-03-25,1.54082,1.49822,1.11912,1.24533,2.07991
2008-03-26,1.54082,1.49822,1.11912,1.24533,2.07991
2008-03-27,1.54082,1.49822,1.11912,1.24533,2.07991
2008-03-28,1.54082,1.49822,1.11912,1.24533,2.07991
2008-03-31,1.54082,1.49822,1.11912,1.24533,2.07991
2008-04-01,1.54082,1.49822,1.11912,1.24533,2.07991
2008-04-02,1.54082,1.49822,1.11912,1.24533,2.07991
2008-04-03,1.54082,1.49822,1.11912,1.24533,2.07991
2008-04-04,1.54082,1.49822,1.11912,1.24533,2.07991
2008-04-07,1.54082,1.49822,1.11912,1.24533,2.07991
2008-04-08,1.54082,1.49822,1.11912,1.24533,2.07991
2008-04-09,1.54082,1.49822,1.11912,1.24533,2.07991
2008-04-10,1.54082,1.49822,1.11912,1.24533,2.07991
2008-04-11,1.54082,1.49822,1.11912,1.24533,2.07991
2008-04-14,1.54082,1.49822,1.11912,1.24533,2.07991
2008-04-15,1.54082,1.49822,1.11912,1.24533,2.07991
2008-04-16,1.54082,1.49822,1.11912,1.24533,2.07991
2008-04-17,1.54082,1.49822,1.11912,1.24533,2.07991
2008-04-18,1.54082,1.49822,1.11912,1.24533,2.07991
2008-04-21,1.54082,1.49822,1.11912,1.24533,2.07991
2008-04-22,1.54082,1.49822,1.11912,1.24533,2.07991
2008-04-23,1.54082,1.49822,1.11912,1.24533,2.07991
2008-04-24,1.54082,1.49822,1.11912,1.24533,2.07991
2008-04-25,1.54082,1.49822,1.11912,1.24533,2.07991
2008-04-28,1.54082,1.49822,1.11912,1.24533,2.07991
2008-04-29,1.54082,1.49822,1.11912,1.24533,2.07991
2008-04-30,1.54082,1.49822,1.11912,1.24533,2.07991
2008-05-01,1.54082,1.49822,1.11912,1.24533,2.07991
2008-05-02,1.54082,1.49822,1.11912,1.24533,2.07991
2008-05-05,1.54082,1.49822,1.11912,1.24533,2.07991
2008-05-06,1.54082,1.49822,1.11912,1.24533,2.07991
2008-05-07,1.54082,1.49822,1.11912,1.24533,2.07991
2008-05-08,1.54082,1.49822,1.11912,1.24533,2.07991
2008-05-09,1.54082,1.49822,1.11912,1.24533,2.07991
2008-05-12,1.54082,1.49822,1.11912,1.24533,2.07991
2008-05-13,1.54082,1.49822,1.11912,1.24533,2.07991
2008-05-14,1.54082,1.49822,1.11912,1.24533,2.07991
2008-05-15,1.54082,1.49822,1.11912,1.24533,2.07991
2008-05-16,1.54082,1.49822,1.11912,1.24533,2.07991
2008-05-19,1.54082,1.49822,1.11912,1.24533,2.07991
2008-05-20,1.54082,1.49822,1.11912,1.24533,2.07991
2008-05-21,1.54082,1.49822,1.11912,1.24533,2.07991
2008-05-22,1.54196,1.49896,1.11933,1.2458,2.08299
2008-05-23,1.53718,1.49586,1.11846,1.24385,2.07007
2008-05-27,1.54024,1.49785,1.11902,1.2451,2.0783
2008-05-28,1.54024,1.49785,1.11902,1.2451,2.0783
2008-05-29,1.54024,1.49785,1.11902,1.2451,2.0783
2008-05-30,1.54024,1.49785,1.11902,1.2451,2.0783
2008-06-02,1.54024,1.49785,1.11902,1.2451,2.0783
2008-06-03,1.54024,1.49785,1.11902,1.2451,2.0783
2008-06-04,1.54024,1.49785,1.11902,1.2451,2.0783
2008-06-05,1.54024,1.49785,1.11902,1.2451,2.0783
2008-06-06,1.54024,1.49785,1.11902,1.2451,2.0783
2008-06-09,1.54024,1.49785,1.11902,1.2451,2.0783
2008-06-10,1.54024,1.49785,1.11902,1.2451,2.0783
2008-06-11,1.54024,1.49785,1.11902,1.2451,2.0783
2008-06-12,1.54024,1.49785,1.11902,1.2451,2.0783
2008-06-13,1.54024,1.49785,1.11902,1.2451,2.0783
2008-06-16,1.54024,1.49785,1.11902,1.2451,2.0783
2008-06-17,1.54024,1.49785,1.11902,1.2451,2.0783
2008-06-18,1.54024,1.49785,1.11902,1.2451,2.0783
2008-06-19,1.54024,1.49785,1.11902,1.2451,2.0783
2008-06-20,1.54024,1.49785,1.11902,1.2451,2.0783
2008-06-23,1.54024,1.49785,1.11902,1.2451,2.0783
2008-06-24,1.54024,1.49785,1.11902,1.2451,2.0783
2008-06-25,1.54024,1.49785,1.11902,1.2451,2.0783
2008-06-26,1.54024,1.49785,1.11902,1.2451,2.0783
2008-06-27,1.54024,1.49785,1.11902,1.2451,2.0783
2008-06-30,1.54024,1.49785,1.11902,1.2451,2.0783
2008-07-01,1.54024,1.49785,1.11902,1.2451,2.0783
2008-07-02,1.54024,1.49785,1.11902,1.2451,2.0783
2008-07-03,1.54024,1.49785,1.11902,1.2451,2.0783
2008-07-07,1.54024,1.49785,1.11902,1.2451,2.0783
2008-07-08,1.54024,1.49785,1.11902,1.2451,2.0783
2008-07-09,1.54024,1.49785,1.11902,1.2451,2.0783
2008-07-10,1.54024,1.49785,1.11902,1.2451,2.0783
2008-07-11,1.54024,1.49785,1.11902,1.2451,2.0783
2008-07-14,1.54024,1.49785,1.11902,1.2451,2.0783
2008-07-15,1.54024,1.49785,1.11902,1.2451,2.0783
2008-07-16,1.54024,1.49785,1.11902,1.2451,2.0783
2008-07-17,1.54024,1.49785,1.11902,1.2451,2.0783
2008-07-18,1.54024,1.49785,1.11902,1.2451,2.0783
2008-07-21,1.54024,1.49785,1.11902,1.2451,2.0783
2008-07-22,1.54024,1.49785,1.11902,1.2451,2.0783
2008-07-23,1.54024,1.49785,1.11902,1.2451,2.0783
2008-07-24,1.54024,1.49785,1.11902,1.2451,2.0783
2008-07-25,1.54024,1.49785,1.11902,1.2451,2.0783
2008-07-28,1.54024,1.49785,1.11902,1.2451,2.0783
2008-07-29,1.54024,1.49785,1.11902,1.2451,2.0783
2008-07-30,1.54024,1.49785,1.11902,1.2451,2.0783
2008-07-31,1.54024,1.49785,1.11902,1.2451,2.0783
2008-08-01,1.54024,1.49785,1.11902,1.2451,2.0783
2008-08-04,1.54024,1.49785,1.11902,1.2451,2.0783
2008-08-05,1.54024,1.49785,1.11902,1.2451,2.0783
2008-08-06,1.54024,1.49785,1.11902,1.2451,2.0783
2008-08-07,1.54024,1.49785,1.11902,1.2451,2.0783
2008-08-08,1.54024,1.49785,1.11902,1.2451,2.0783
2008-08-11,1.54024,1.49785,1.11902,1.2451,2.0783
2008-08-12,1.54024,1.49785,1.11902,1.2451,2.0783
2008-08-13,1.54024,1.49785,1.11902,1.2451,2.0783
2008-08-14,1.54024,1.49785,1.11902,1.2451,2.0783
2008-08-15,1.54024,1.49785,1.11902,1.2451,2.0783
2008-08-18,1.54024,1.49785,1.11902,1.2451,2.0783
2008-08-19,1.54024,1.49785,1.11902,1.2451,2.0783
2008-08-20,1.53134,1.49207,1.11749,1.2417,2.05428
2008-08-21,1.52288,1.48655,1.11604,1.23847,2.03159
2008-08-22,1.54434,1.50064,1.11975,1.2467,2.08886
2008-08-25,1.53285,1.4932,1.11778,1.24233,2.05776
2008-08-26,1.53285,1.4932,1.11778,1.24233,2.05776
2008-08-27,1.53285,1.4932,1.11778,1.24233,2.05776
2008-08-28,1.53285,1.4932,1.11778,1.24233,2.05776
2008-08-29,1.53285,1.4932,1.11778,1.24233,2.05776
2008-09-02,1.53285,1.4932,1.11778,1.24233,2.05776
2008-09-03,1.53285,1.4932,1.11778,1.24233,2.05776
2008-09-04,1.53285,1.4932,1.11778,1.24233,2.05776
2008-09-05,1.53285,1.4932,1.11778,1.24233,2.05776
2008-09-08,1.53285,1.4932,1.11778,1.24233,2.05776
2008-09-09,1.53285,1.4932,1.11778,1.24233,2.05776
2008-09-10,1.53285,1.4932,1.11778,1.24233,2.05776
2008-09-11,1.53285,1.4932,1.11778,1.24233,2.05776
2008-09-12,1.53285,1.4932,1.11778,1.24233,2.05776
2008-09-15,1.53285,1.4932,1.11778,1.24233,2.05776
2008-09-16,1.53285,1.4932,1.11778,1.24233,2.05776
2008-09-17,1.53285,1.4932,1.11778,1.24233,2.05776
2008-09-18,1.53285,1.4932,1.11778,1.24233,2.05776
2008-09-19,1.53285,1.4932,1.11778,1.24233,2.05776
2008-09-22,1.53285,1.4932,1.11778,1.24233,2.05776
2008-09-23,1.53285,1.4932,1.11778,1.24233,2.05776
2008-09-24,1.53285,1.4932,1.11778,1.24233,2.05776
2008-09-25,1.53285,1.4932,1.11778,1.24233,2.05776
2008-09-26,1.53285,1.4932,1.11778,1.24233,2.05776
2008-09-29,1.53285,1.4932,1.11778,1.24233,2.05776
2008-09-30,1.53285,1.4932,1.11778,1.24233,2.05776
2008-10-01,1.53285,1.4932,1.11778,1.24233,2.05776
2008-10-02,1.53285,1.4932,1.11778,1.24233,2.05776
2008-10-03,1.53285,1.4932,1.11778,1.24233,2.05776
2008-10-06,1.53285,1.4932,1.11778,1.24233,2.05776
2008-10-07,1.53285,1.4932,1.11778,1.24233,2.05776
2008-10-08,1.53285,1.4932,1.11778,1.24233,2.05776
2008-10-09,1.53285,1.4932,1.11778,1.24233,2.05776
2008-10-10,1.53285,1.4932,1.11778,1.24233,2.05776
2008-10-13,1.53285,1.4932,1.11778,1.24233,2.05776
2008-10-14,1.53285,1.4932,1.11778,1.24233,2.05776
2008-10-15,1.53285,1.4932,1.11778,1.24233,2.05776
2008-10-16,1.53285,1.4932,1.11778,1.24233,2.05776
2008-10-17,1.53285,1.4932,1.11778,1.24233,2.05776
2008-10-20,1.53285,1.4932,1.11778,1.24233,2.05776
2008-10-21,1.53285,1.4932,1.11778,1.24233,2.05776
2008-10-22,1.53285,1.4932,1.11778,1.24233,2.05776
2008-10-23,1.53285,1.4932,1.11778,1.24233,2.05776
2008-10-24,1.53285,1.4932,1.11778,1.24233,2.05776
2008-10-27,1.53285,1.4932,1.11778,1.24233,2.05776
2008-10-28,1.53285,1.4932,1.11778,1.24233,2.05776
2008-10-29,1.53285,1.4932,1.11778,1.24233,2.05776
2008-10-30,1.53285,1.4932,1.11778,1.24233,2.05776
2008-10-31,1.53285,1.4932,1.11778,1.24233,2.05776
2008-11-03,1.53285,1.4932,1.11778,1.24233,2.05776
2008-11-04,1.53285,1.4932,1.11778,1.24233,2.05776
2008-11-05,1.53285,1.4932,1.11778,1.24233,2.05776
2008-11-06,1.53285,1.4932,1.11778,1.24233,2.05776
2008-11-07,1.53285,1.4932,1.11778,1.24233,2.05776
2008-11-10,1.53285,1.4932,1.11778,1.24233,2.05776
2008-11-11,1.53285,1.4932,1.11778,1.24233,2.05776
2008-11-12,1.53285,1.4932,1.11778,1.24233,2.05776
2008-11-13,1.53285,1.4932,1.11778,1.24233,2.05776
2008-11-14,1.53285,1.4932,1.11778,1.24233,2.05776
2008-11-17,1.53285,1.4932,1.11778,1.24233,2.05776
2008-11-18,1.53285,1.4932,1.11778,1.24233,2.05776
2008-11-19,1.53285,1.4932,1.11778,1.24233,2.05776
2008-11-20,1.53285,1.4932,1.11778,1.24233,2.05776
2008-11-21,1.53285,1.4932,1.11778,1.24233,2.05776
2008-11-24,1.53285,1.4932,1.11778,1.24233,2.05776
2008-11-25,1.53285,1.4932,1.11778,1.24233,2.05776
2008-11-26,1.53285,1.4932,1.11778,1.24233,2.05776
2008-11-28,1.53285,1.4932,1.11778,1.24233,2.05776
2008-12-01,1.53285,1.4932,1.11778,1.24233,2.05776
2008-12-02,1.53285,1.4932,1.11778,1.24233,2.05776
2008-12-03,1.53285,1.4932,1.11778,1.24233,2.05776
2008-12-04,1.53285,1.4932,1.11778,1.24233,2.05776
2008-12-05,1.53285,1.4932,1.11778,1.24233,2.05776
2008-12-08,1.53285,1.4932,1.11778,1.24233,2.05776
2008-12-09,1.53285,1.4932,1.11778,1.24233,2.05776
2008-12-10,1.53285,1.4932,1.11778,1.24233,2.05776
2008-12-11,1.53285,1.4932,1.11778,1.24233,2.05776
2008-12-12,1.53285,1.4932,1.11778,1.24233,2.05776
2008-12-15,1.53285,1.4932,1.11778,1.24233,2.05776
2008-12-16,1.53285,1.4932,1.11778,1.24233,2.05776
2008-12-17,1.53285,1.4932,1.11778,1.24233,2.05776
2008-12-18,1.53285,1.4932,1.11778,1.24233,2.05776
2008-12-19,1.53285,1.4932,1.11778,1.24233,2.05776
2008-12-22,1.53285,1.4932,1.11778,1.24233,2.05776
2008-12-23,1.53285,1.4932,1.11778,1.24233,2.05776
2008-12-24,1.53285,1.4932,1.11778,1.24233,2.05776
2008-12-26,1.53285,1.4932,1.11778,1.24233,2.05776
2008-12-29,1.53285,1.4932,1.11778,1.24233,2.05776
2008-12-30,1.53285,1.4932,1.11778,1.24233,2.05776
2008-12-31,1.53285,1.4932,1.11778,1.24233,2.05776
2009-01-02,1.53285,1.4932,1.11778,1.24233,2.05776
2009-01-05,1.53285,1.4932,1.11778,1.24233,2.05776
2009-01-06,1.53285,1.4932,1.11778,1.24233,2.05776
2009-01-07,1.53285,1.4932,1.11778,1.24233,2.05776
2009-01-08,1.53285,1.4932,1.11778,1.24233,2.05776
2009-01-09,1.53285,1.4932,1.11778,1.24233,2.05776
2009-01-12,1.53285,1.4932,1.11778,1.24233,2.05776
2009-01-13,1.53285,1.4932,1.11778,1.24233,2.05776
2009-01-14,1.53285,1.4932,1.11778,1.24233,2.05776
2009-01-15,1.53285,1.4932,1.11778,1.24233,2.05776
2009-01-16,1.53285,1.4932,1.11778,1.24233,2.05776
2009-01-20,1.53285,1.4932,1.11778,1.24233,2.05776
2009-01-21,1.53285,1.4932,1.11778,1.24233,2.05776
2009-01-22,1.53285,1.4932,1.11778,1.24233,2.05776
2009-01-23,1.53285,1.4932,1.11778,1.24233,2.05776
2009-01-26,1.53285,1.4932,1.11778,1.24233,2.05776
2009-01-27,1.53285,1.4932,1.11778,1.24233,2.05776
2009-01-28,1.53285,1.4932,1.11778,1.24233,2.05776
2009-01-29,1.53285,1.4932,1.11778,1.24233,2.05776
2009-01-30,1.53285,1.4932,1.11778,1.24233,2.05776
2009-02-02,1.53285,1.4932,1.11778,1.24233,2.05776
2009-02-03,1.53285,1.4932,1.11778,1.24233,2.05776
2009-02-04,1.53285,1.4932,1.11778,1.24233,2.05776
2009-02-05,1.53285,1.4932,1.11778,1.24233,2.05776
2009-02-06,1.53285,1.4932,1.11778,1.24233,2.05776
2009-02-09,1.53285,1.4932,1.11778,1.24233,2.05776
2009-02-10,1.53285,1.4932,1.11778,1.24233,2.05776
2009-02-11,1.53285,1.4932,1.11778,1.24233,2.05776
2009-02-12,1.53285,1.4932,1.11778,1.24233,2.05776
2009-02-13,1.53285,1.4932,1.11778,1.24233,2.05776
2009-02-17,1.53285,1.4932,1.11778,1.24233,2.05776
2009-02-18,1.53285,1.4932,1.11778,1.24233,2.05776
2009-02-19,1.53285,1.4932,1.11778,1.24233,2.05776
2009-02-20,1.53285,1.4932,1.11778,1.24233,2.05776
2009-02-23,1.53285,1.4932,1.11778,1.24233,2.05776
2009-02-24,1.53285,1.4932,1.11778,1.24233,2.05776
2009-02-25,1.53285,1.4932,1.11778,1.24233,2.05776
2009-02-26,1.53285,1.4932,1.11778,1.24233,2.05776
2009-02-27,1.53285,1.4932,1.11778,1.24233,2.05776
2009-03-02,1.53285,1.4932,1.11778,1.24233,2.05776
2009-03-03,1.53285,1.4932,1.11778,1.24233,2.05776
2009-03-04,1.53285,1.4932,1.11778,1.24233,2.05776
2009-03-05,1.53285,1.4932,1.11778,1.24233,2.05776
2009-03-06,1.53285,1.4932,1.11778,1.24233,2.05776
2009-03-09,1.53285,1.4932,1.11778,1.24233,2.05776
2009-03-10,1.53285,1.4932,1.11778,1.24233,2.05776
2009-03-11,1.53285,1.4932,1.11778,1.24233,2.05776
2009-03-12,1.53285,1.4932,1.11778,1.24233,2.05776
2009-03-13,1.53285,1.4932,1.11778,1.24233,2.05776
2009-03-16,1.53285,1.4932,1.11778,1.24233,2.05776
2009-03-17,1.53285,1.4932,1.11778,1.24233,2.05776
2009-03-18,1.53285,1.4932,1.11778,1.24233,2.05776
2009-03-19,1.53285,1.4932,1.11778,1.24233,2.05776
2009-03-20,1.53285,1.4932,1.11778,1.24233,2.05776
2009-03-23,1.53285,1.4932,1.11778,1.24233,2.05776
2009-03-24,1.53285,1.4932,1.11778,1.24233,2.05776
2009-03-25,1.53285,1.4932,1.11778,1.24233,2.05776
2009-03-26,1.53285,1.4932,1.11778,1.24233,2.05776
2009-03-27,1.53285,1.4932,1.11778,1.24233,2.05776
2009-03-30,1.53285,1.4932,1.11778,1.24233,2.05776
2009-03-31,1.53285,1.4932,1.11778,1.24233,2.05776
2009-04-01,1.53285,1.4932,1.11778,1.24233,2.05776
2009-04-02,1.53285,1.4932,1.11778,1.24233,2.05776
2009-04-03,1.53285,1.4932,1.11778,1.24233,2.05776
2009-04-06,1.53285,1.4932,1.11778,1.24233,2.05776
2009-04-07,1.53285,1.4932,1.11778,1.24233,2.05776
2009-04-08,1.53285,1.4932,1.11778,1.24233,2.05776
2009-04-09,1.53285,1.4932,1.11778,1.24233,2.05776
2009-04-13,1.53285,1.4932,1.11778,1.24233,2.05776
2009-04-14,1.53285,1.4932,1.11778,1.24233,2.05776
2009-04-15,1.53285,1.4932,1.11778,1.24233,2.05776
2009-04-16,1.53285,1.4932,1.11778,1.24233,2.05776
2009-04-17,1.53285,1.4932,1.11778,1.24233,2.05776
2009-04-20,1.53285,1.4932,1.11778,1.24233,2.05776
2009-04-21,1.53285,1.4932,1.11778,1.24233,2.05776
2009-04-22,1.53285,1.4932,1.11778,1.24233,2.05776
2009-04-23,1.53285,1.4932,1.11778,1.24233,2.05776
2009-04-24,1.53285,1.4932,1.11778,1.24233,2.05776
2009-04-27,1.53285,1.4932,1.11778,1.24233,2.05776
2009-04-28,1.53285,1.4932,1.11778,1.24233,2.05776
2009-04-29,1.53285,1.4932,1.11778,1.24233,2.05776
2009-04-30,1.53285,1.4932,1.11778,1.24233,2.05776
2009-05-01,1.53285,1.4932,1.11778,1.24233,2.05776
2009-05-04,1.53285,1.4932,1.11778,1.24233,2.05776
2009-05-05,1.53285,1.4932,1.11778,1.24233,2.05776
2009-05-06,1.53285,1.4932,1.11778,1.24233,2.05776
2009-05-07,1.53285,1.4932,1.11778,1.24233,2.05776
2009-05-08,1.52141,1.48574,1.1161,1.23859,2.02705
2009-05-11,1.52675,1.48925,1.11689,1.24034,2.04127
2009-05-12,1.50808,1.47702,1.11414,1.23423,1.99136
2009-05-13,1.46763,1.4502,1.10812,1.2209,1.88454
2009-05-14,1.48407,1.4614,1.11062,1.22641,1.92676
2009-05-15,1.48319,1.4608,1.11049,1.22611,1.92446
2009-05-18,1.49222,1.46689,1.11185,1.22912,1.94789
2009-05-19,1.49222,1.46689,1.11185,1.22912,1.94789
2009-05-20,1.49222,1.46689,1.11185,1.22912,1.94789
2009-05-21,1.49222,1.46689,1.11185,1.22912,1.94789
2009-05-22,1.49222,1.46689,1.11185,1.22912,1.94789
2009-05-26,1.56055,1.51268,1.12189,1.25133,2.12629
2009-05-27,1.54979,1.50579,1.12037,1.24792,2.09696
2009-05-28,1.56773,1.51737,1.12293,1.25362,2.14552
2009-05-29,1.58701,1.52967,1.12565,1.25971,2.1983
2009-06-01,1.60192,1.53906,1.12774,1.26437,2.23959
2009-06-02,1.60192,1.53906,1.12774,1.26437,2.23959
2009-06-03,1.60192,1.53906,1.12774,1.26437,2.23959
2009-06-04,1.60192,1.53906,1.12774,1.26437,2.23959
2009-06-05,1.60192,1.53906,1.12774,1.26437,2.23959
2009-06-08,1.60192,1.53906,1.12774,1.26437,2.23959
2009-06-09,1.60192,1.53906,1.12774,1.26437,2.23959
2009-06-10,1.60192,1.53906,1.12774,1.26437,2.23959
2009-06-11,1.60192,1.53906,1.12774,1.26437,2.23959
2009-06-12,1.60192,1.53906,1.12774,1.26437,2.23959
2009-06-15,1.60192,1.53906,1.12774,1.26437,2.23959
2009-06-16,1.57935,1.52497,1.12409,1.25621,2.17649
2009-06-17,1.59445,1.53453,1.12656,1.26172,2.21812
2009-06-18,1.59134,1.53258,1.12605,1.26059,2.20946
2009-06-19,1.60842,1.54332,1.12882,1.26679,2.25689
2009-06-22,1.56039,1.51345,1.1211,1.24945,2.12209
2009-06-23,1.55682,1.51117,1.12051,1.24814,2.11239
2009-06-24,1.58307,1.52803,1.12484,1.25779,2.18362
2009-06-25,1.61421,1.5477,1.12991,1.26913,2.26952
2009-06-26,1.60584,1.54251,1.12857,1.26611,2.24599
2009-06-29,1.60584,1.54251,1.12857,1.26611,2.24599
2009-06-30,1.60584,1.54251,1.12857,1.26611,2.24599
2009-07-01,1.60584,1.54251,1.12857,1.26611,2.24599
2009-07-02,1.60584,1.54251,1.12857,1.26611,2.24599
2009-07-06,1.6064,1.54286,1.12866,1.26632,2.24756
2009-07-07,1.56648,1.51801,1.1219,1.25114,2.13584
2009-07-08,1.57464,1.52322,1.12331,1.25428,2.15811
2009-07-09,1.57737,1.52495,1.12378,1.25533,2.16558
2009-07-10,1.58417,1.52926,1.12495,1.25794,2.18425
2009-07-13,1.61457,1.54845,1.13015,1.26959,2.26808
2009-07-14,1.61195,1.54683,1.12971,1.2686,2.26072
2009-07-15,1.61195,1.54683,1.12971,1.2686,2.26072
2009-07-16,1.61195,1.54683,1.12971,1.2686,2.26072
2009-07-17,1.61195,1.54683,1.12971,1.2686,2.26072
2009-07-20,1.61195,1.54683,1.12971,1.2686,2.26072
2009-07-21,1.61195,1.54683,1.12971,1.2686,2.26072
2009-07-22,1.61195,1.54683,1.12971,1.2686,2.26072
2009-07-23,1.61195,1.54683,1.12971,1.2686,2.26072
2009-07-24,1.61195,1.54683,1.12971,1.2686,2.26072
2009-07-27,1.61195,1.54683,1.12971,1.2686,2.26072
2009-07-28,1.61195,1.54683,1.12971,1.2686,2.26072
2009-07-29,1.61195,1.54683,1.12971,1.2686,2.26072
2009-07-30,1.61195,1.54683,1.12971,1.2686,2.26072
2009-07-31,1.61195,1.54683,1.12971,1.2686,2.26072
2009-08-03,1.61195,1.54683,1.12971,1.2686,2.26072
2009-08-04,1.61195,1.54683,1.12971,1.2686,2.26072
2009-08-05,1.61195,1.54683,1.12971,1.2686,2.26072
2009-08-06,1.61195,1.54683,1.12971,1.2686,2.26072
2009-08-07,1.60993,1.54558,1.12927,1.26761,2.25506
2009-08-10,1.59863,1.53856,1.12682,1.26211,2.22339
2009-08-11,1.5849,1.52997,1.12383,1.25541,2.18521
2009-08-12,1.60953,1.54551,1.12923,1.26747,2.25312
2009-08-13,1.61841,1.55102,1.13116,1.2718,2.27798
2009-08-14,1.59984,1.53955,1.12714,1.26277,2.2257
2009-08-17,1.55341,1.51053,1.11703,1.24011,2.09653
2009-08-18,1.57562,1.52483,1.12197,1.25107,2.15646
2009-08-19,1.58652,1.53174,1.12437,1.25643,2.1863
2009-08-20,1.58491,1.53073,1.12402,1.25564,2.18188
2009-08-21,1.58491,1.53073,1.12402,1.25564,2.18188
2009-08-24,1.58491,1.53073,1.12402,1.25564,2.18188
2009-08-25,1.58491,1.53073,1.12402,1.25564,2.18188
2009-08-26,1.58491,1.53073,1.12402,1.25564,2.18188
2009-08-27,1.58491,1.53073,1.12402,1.25564,2.18188
2009-08-28,1.58491,1.53073,1.12402,1.25564,2.18188
2009-08-31,1.58491,1.53073,1.12402,1.25564,2.18188
2009-09-01,1.55989,1.51495,1.11906,1.24458,2.113
2009-09-02,1.55871,1.51419,1.11882,1.24405,2.10978
2009-09-03,1.56903,1.52081,1.12089,1.24865,2.13773
2009-09-04,1.57102,1.52208,1.12129,1.24953,2.14316
2009-09-08,1.57102,1.52208,1.12129,1.24953,2.14316
2009-09-09,1.57102,1.52208,1.12129,1.24953,2.14316
2009-09-10,1.57102,1.52208,1.12129,1.24953,2.14316
2009-09-11,1.57102,1.52208,1.12129,1.24953,2.14316
2009-09-14,1.57102,1.52208,1.12129,1.24953,2.14316
2009-09-15,1.57102,1.52208,1.12129,1.24953,2.14316
2009-09-16,1.57102,1.52208,1.12129,1.24953,2.14316
2009-09-17,1.57102,1.52208,1.12129,1.24953,2.14316
2009-09-18,1.57102,1.52208,1.12129,1.24953,2.14316
2009-09-21,1.57102,1.52208,1.12129,1.24953,2.14316
2009-09-22,1.57102,1.52208,1.12129,1.24953,2.14316
2009-09-23,1.57102,1.52208,1.12129,1.24953,2.14316
2009-09-24,1.57102,1.52208,1.12129,1.24953,2.14316
2009-09-25,1.56724,1.51967,1.1204,1.24754,2.13282
2009-09-28,1.59392,1.53669,1.1267,1.26158,2.20545
2009-09-29,1.58678,1.53221,1.12503,1.25784,2.18568
2009-09-30,1.5879,1.53292,1.1253,1.25844,2.18879
2009-10-01,1.54093,1.50334,1.11429,1.23382,2.05928
2009-10-02,1.53642,1.50041,1.11322,1.23143,2.04723
2009-10-05,1.54882,1.50848,1.11619,1.23801,2.08028
2009-10-06,1.55668,1.51356,1.11806,1.24216,2.10141
2009-10-07,1.55668,1.51356,1.11806,1.24216,2.10141
2009-10-08,1.55668,1.51356,1.11806,1.24216,2.10141
2009-10-09,1.55668,1.51356,1.11806,1.24216,2.10141
2009-10-12,1.55668,1.51356,1.11806,1.24216,2.10141
2009-10-13,1.55668,1.51356,1.11806,1.24216,2.10141
2009-10-14,1.55668,1.51356,1.11806,1.24216,2.10141
2009-10-15,1.55668,1.51356,1.11806,1.24216,2.10141
2009-10-16,1.55668,1.51356,1.11806,1.24216,2.10141
2009-10-19,1.55668,1.51356,1.11806,1.24216,2.10141
2009-10-20,1.55668,1.51356,1.11806,1.24216,2.10141
2009-10-21,1.55668,1.51356,1.11806,1.24216,2.10141
2009-10-22,1.55668,1.51356,1.11806,1.24216,2.10141
2009-10-23,1.55668,1.51356,1.11806,1.24216,2.10141
2009-10-26,1.55668,1.51356,1.11806,1.24216,2.10141
2009-10-27,1.55668,1.51356,1.11806,1.24216,2.10141
2009-10-28,1.5264,1.49411,1.11123,1.227,2.01966
2009-10-29,1.55222,1.51102,1.11713,1.24002,2.08797
2009-10-30,1.51054,1.48418,1.10772,1.21912,1.97585
2009-11-02,1.51682,1.48833,1.10916,1.2223,1.99226
2009-11-03,1.52161,1.49149,1.11026,1.22473,2.00486
2009-11-04,1.5308,1.49753,1.11237,1.22937,2.02908
2009-11-05,1.5308,1.49753,1.11237,1.22937,2.02908
2009-11-06,1.5308,1.49753,1.11237,1.22937,2.02908
2009-11-09,1.5308,1.49753,1.11237,1.22937,2.02908
2009-11-10,1.5308,1.49753,1.11237,1.22937,2.02908
2009-11-11,1.5308,1.49753,1.11237,1.22937,2.02908
2009-11-12,1.5308,1.49753,1.11237,1.22937,2.02908
2009-11-13,1.5308,1.49753,1.11237,1.22937,2.02908
2009-11-16,1.5308,1.49753,1.11237,1.22937,2.02908
2009-11-17,1.5308,1.49753,1.11237,1.22937,2.02908
2009-11-18,1.5308,1.49753,1.11237,1.22937,2.02908
2009-11-19,1.5308,1.49753,1.11237,1.22937,2.02908
2009-11-20,1.53039,1.49726,1.11227,1.22916,2.02799
2009-11-23,1.55505,1.51338,1.118,1.24183,2.09335
2009-11-24,1.55357,1.51242,1.11766,1.24107,2.08936
2009-11-25,1.55357,1.51242,1.11766,1.24107,2.08936
2009-11-27,1.55357,1.51242,1.11766,1.24107,2.08936
2009-11-30,1.55357,1.51242,1.11766,1.24107,2.08936
2009-12-01,1.55357,1.51242,1.11766,1.24107,2.08936
2009-12-02,1.55357,1.51242,1.11766,1.24107,2.08936
2009-12-03,1.55357,1.51242,1.11766,1.24107,2.08936
2009-12-04,1.55357,1.51242,1.11766,1.24107,2.08936
2009-12-07,1.55357,1.51242,1.11766,1.24107,2.08936
2009-12-08,1.55357,1.51242,1.11766,1.24107,2.08936
2009-12-09,1.55357,1.51242,1.11766,1.24107,2.08936
2009-12-10,1.55357,1.51242,1.11766,1.24107,2.08936
2009-12-11,1.55357,1.51242,1.11766,1.24107,2.08936
2009-12-14,1.55357,1.51242,1.11766,1.24107,2.08936
2009-12-15,1.55357,1.51242,1.11766,1.24107,2.08936
2009-12-16,1.55357,1.51242,1.11766,1.24107,2.08936
2009-12-17,1.55357,1.51242,1.11766,1.24107,2.08936
2009-12-18,1.56335,1.51871,1.12018,1.24666,2.11565
2009-12-21,1.58093,1.52996,1.12468,1.25668,2.16323
2009-12-22,1.58541,1.53279,1.12582,1.25923,2.17549
2009-12-23,1.58541,1.53279,1.12582,1.25923,2.17549
2009-12-24,1.58541,1.53279,1.12582,1.25923,2.17549
2009-12-28,1.58541,1.53279,1.12582,1.25923,2.17549
2009-12-29,1.58541,1.53279,1.12582,1.25923,2.17549
2009-12-30,1.58541,1.53279,1.12582,1.25923,2.17549
2009-12-31,1.58541,1.53279,1.12582,1.25923,2.17549
2010-01-04,1.58541,1.53279,1.12582,1.25923,2.17549
2010-01-05,1.58541,1.53279,1.12582,1.25923,2.17549
2010-01-06,1.58541,1.53279,1.12582,1.25923,2.17549
2010-01-07,1.58541,1.53279,1.12582,1.25923,2.17549
2010-01-08,1.58541,1.53279,1.12582,1.25923,2.17549
2010-01-11,1.58541,1.53279,1.12582,1.25923,2.17549
2010-01-12,1.58541,1.53279,1.12582,1.25923,2.17549
2010-01-13,1.59945,1.54165,1.13006,1.26872,2.21403
2010-01-14,1.60083,1.54251,1.13048,1.26965,2.21785
2010-01-15,1.60245,1.54352,1.13096,1.27074,2.22233
2010-01-19,1.60245,1.54352,1.13096,1.27074,2.22233
2010-01-20,1.60245,1.54352,1.13096,1.27074,2.22233
2010-01-21,1.60245,1.54352,1.13096,1.27074,2.22233
2010-01-22,1.60245,1.54352,1.13096,1.27074,2.22233
2010-01-25,1.59732,1.54032,1.12984,1.26821,2.20811
2010-01-26,1.59876,1.54123,1.13015,1.26892,2.2121
2010-01-27,1.61138,1.54912,1.13293,1.27515,2.24701
2010-01-28,1.59976,1.54191,1.13039,1.26943,2.21462
2010-01-29,1.55853,1.51614,1.12203,1.25065,2.10046
2010-02-01,1.57565,1.52712,1.12556,1.25854,2.14661
2010-02-02,1.58986,1.53614,1.12848,1.26505,2.18531
2010-02-03,1.58142,1.53083,1.12676,1.2612,2.16211
2010-02-04,1.58142,1.53083,1.12676,1.2612,2.16211
2010-02-05,1.58142,1.53083,1.12676,1.2612,2.16211
2010-02-08,1.58142,1.53083,1.12676,1.2612,2.16211
2010-02-09,1.58142,1.53083,1.12676,1.2612,2.16211
2010-02-10,1.58142,1.53083,1.12676,1.2612,2.16211
2010-02-11,1.58142,1.53083,1.12676,1.2612,2.16211
2010-02-12,1.58142,1.53083,1.12676,1.2612,2.16211
2010-02-16,1.58142,1.53083,1.12676,1.2612,2.16211
2010-02-17,1.58142,1.53083,1.12676,1.2612,2.16211
2010-02-18,1.58142,1.53083,1.12676,1.2612,2.16211
2010-02-19,1.58142,1.53083,1.12676,1.2612,2.16211
2010-02-22,1.58142,1.53083,1.12676,1.2612,2.16211
2010-02-23,1.58142,1.53083,1.12676,1.2612,2.16211
2010-02-24,1.58846,1.53528,1.12836,1.26479,2.18137
2010-02-25,1.5881,1.53506,1.12828,1.26461,2.18039
2010-02-26,1.58695,1.53433,1.12802,1.26402,2.17723
2010-03-01,1.58695,1.53433,1.12802,1.26402,2.17723
2010-03-02,1.58695,1.53433,1.12802,1.26402,2.17723
2010-03-03,1.58695,1.53433,1.12802,1.26402,2.17723
2010-03-04,1.58695,1.53433,1.12802,1.26402,2.17723
2010-03-05,1.58695,1.53433,1.12802,1.26402,2.17723
2010-03-08,1.58695,1.53433,1.12802,1.26402,2.17723
2010-03-09,1.58695,1.53433,1.12802,1.26402,2.17723
2010-03-10,1.58695,1.53433,1.12802,1.26402,2.17723
2010-03-11,1.58695,1.53433,1.12802,1.26402,2.17723
2010-03-12,1.58695,1.53433,1.12802,1.26402,2.17723
2010-03-15,1.58695,1.53433,1.12802,1.26402,2.17723
2010-03-16,1.58695,1.53433,1.12802,1.26402,2.17723
2010-03-17,1.58695,1.53433,1.12802,1.26402,2.17723
2010-03-18,1.58695,1.53433,1.12802,1.26402,2.17723
2010-03-19,1.58695,1.53433,1.12802,1.26402,2.17723
2010-03-22,1.58695,1.53433,1.12802,1.26402,2.17723
2010-03-23,1.58695,1.53433,1.12802,1.26402,2.17723
2010-03-24,1.58695,1.53433,1.12802,1.26402,2.17723
2010-03-25,1.58695,1.53433,1.12802,1.26402,2.17723
2010-03-26,1.58695,1.53433,1.12802,1.26402,2.17723
2010-03-29,1.58695,1.53433,1.12802,1.26402,2.17723
2010-03-30,1.58695,1.53433,1.12802,1.26402,2.17723
2010-03-31,1.58695,1.53433,1.12802,1.26402,2.17723
2010-04-01,1.58695,1.53433,1.12802,1.26402,2.17723
2010-04-05,1.58695,1.53433,1.12802,1.26402,2.17723
2010-04-06,1.58695,1.53433,1.12802,1.26402,2.17723
2010-04-07,1.58695,1.53433,1.12802,1.26402,2.17723
2010-04-08,1.58695,1.53433,1.12802,1.26402,2.17723
2010-04-09,1.58695,1.53433,1.12802,1.26402,2.17723
2010-04-12,1.58695,1.53433,1.12802,1.26402,2.17723
2010-04-13,1.58695,1.53433,1.12802,1.26402,2.17723
2010-04-14,1.58695,1.53433,1.12802,1.26402,2.17723
2010-04-15,1.58695,1.53433,1.12802,1.26402,2.17723
2010-04-16,1.58695,1.53433,1.12802,1.26402,2.17723
2010-04-19,1.58695,1.53433,1.12802,1.26402,2.17723
2010-04-20,1.58695,1.53433,1.12802,1.26402,2.17723
2010-04-21,1.58695,1.53433,1.12802,1.26402,2.17723
2010-04-22,1.58695,1.53433,1.12802,1.26402,2.17723
2010-04-23,1.58695,1.53433,1.12802,1.26402,2.17723
2010-04-26,1.58695,1.53433,1.12802,1.26402,2.17723
2010-04-27,1.58695,1.53433,1.12802,1.26402,2.17723
2010-04-28,1.5788,1.5292,1.12565,1.25871,2.15487
2010-04-29,1.6063,1.54662,1.13367,1.27665,2.22994
2010-04-30,1.57465,1.52691,1.12453,1.25607,2.14204
2010-05-03,1.59671,1.54092,1.13098,1.27046,2.20208
2010-05-04,1.54874,1.51088,1.11708,1.23924,2.06976
2010-05-05,1.54075,1.50572,1.11472,1.23401,2.0484
2010-05-06,1.48926,1.4723,1.09949,1.20028,1.9115
2010-05-07,1.45217,1.44739,1.08828,1.17582,1.81627
2010-05-10,1.52764,1.49936,1.11142,1.22581,2.00505
2010-05-11,1.52604,1.49831,1.11094,1.22476,2.00086
2010-05-12,1.53358,1.50326,1.11319,1.22971,2.02065
2010-05-13,1.53358,1.50326,1.11319,1.22971,2.02065
2010-05-14,1.53358,1.50326,1.11319,1.22971,2.02065
2010-05-17,1.53358,1.50326,1.11319,1.22971,2.02065
2010-05-18,1.53358,1.50326,1.11319,1.22971,2.02065
2010-05-19,1.52619,1.49844,1.11222,1.22756,2.00117
2010-05-20,1.46953,1.46131,1.10473,1.21103,1.85258
2010-05-21,1.48577,1.47236,1.10694,1.21588,1.89351
2010-05-24,1.4798,1.46835,1.10614,1.21411,1.87831
2010-05-25,1.48113,1.46924,1.10631,1.21451,1.88167
2010-05-26,1.46456,1.45806,1.10407,1.20958,1.83958
2010-05-27,1.5199,1.49584,1.11164,1.22616,1.97859
2010-05-28,1.51095,1.48996,1.11045,1.22354,1.9553
2010-06-01,1.49703,1.48075,1.10859,1.21945,1.91928
2010-06-02,1.53249,1.50443,1.11336,1.22993,2.01019
2010-06-03,1.54707,1.51394,1.11528,1.23417,2.04844
2010-06-04,1.51351,1.49225,1.11089,1.22446,1.95956
2010-06-07,1.51351,1.49225,1.11089,1.22446,1.95956
2010-06-08,1.51351,1.49225,1.11089,1.22446,1.95956
2010-06-09,1.51351,1.49225,1.11089,1.22446,1.95956
2010-06-10,1.51351,1.49225,1.11089,1.22446,1.95956
2010-06-11,1.51351,1.49225,1.11089,1.22446,1.95956
2010-06-14,1.51351,1.49225,1.11089,1.22446,1.95956
2010-06-15,1.51351,1.49225,1.11089,1.22446,1.95956
2010-06-16,1.51351,1.49225,1.11089,1.22446,1.95956
2010-06-17,1.51351,1.49225,1.11089,1.22446,1.95956
2010-06-18,1.51351,1.49225,1.11089,1.22446,1.95956
2010-06-21,1.51351,1.49225,1.11089,1.22446,1.95956
2010-06-22,1.51351,1.49225,1.11089,1.22446,1.95956
2010-06-23,1.50491,1.48657,1.10955,1.22151,1.93729
2010-06-24,1.48203,1.47137,1.10597,1.21363,1.87839
2010-06-25,1.48233,1.47157,1.10602,1.21373,1.87915
2010-06-28,1.47709,1.46803,1.10519,1.21191,1.86586
2010-06-29,1.42011,1.42946,1.09614,1.19206,1.72192
2010-06-30,1.3985,1.41424,1.0926,1.18436,1.66951
2010-07-01,1.39457,1.41143,1.09195,1.18295,1.66013
2010-07-02,1.39064,1.40861,1.09129,1.18154,1.65077
2010-07-06,1.3949,1.41167,1.092,1.18307,1.66088
2010-07-07,1.43943,1.4436,1.0994,1.1991,1.76693
2010-07-08,1.44729,1.44906,1.10068,1.20188,1.78622
2010-07-09,1.46104,1.45856,1.1029,1.20673,1.82016
2010-07-12,1.4653,1.46147,1.10358,1.20822,1.83077
2010-07-13,1.47733,1.46969,1.1055,1.21244,1.86084
2010-07-14,1.47733,1.46969,1.1055,1.21244,1.86084
2010-07-15,1.47733,1.46969,1.1055,1.21244,1.86084
2010-07-16,1.47733,1.46969,1.1055,1.21244,1.86084
2010-07-19,1.47733,1.46969,1.1055,1.21244,1.86084
2010-07-20,1.47733,1.46969,1.1055,1.21244,1.86084
2010-07-21,1.47733,1.46969,1.1055,1.21244,1.86084
2010-07-22,1.47733,1.46969,1.1055,1.21244,1.86084
2010-07-23,1.47733,1.46969,1.1055,1.21244,1.86084
2010-07-26,1.47733,1.46969,1.1055,1.21244,1.86084
2010-07-27,1.47733,1.46969,1.1055,1.21244,1.86084
2010-07-28,1.47733,1.46969,1.1055,1.21244,1.86084
2010-07-29,1.47733,1.46969,1.1055,1.21244,1.86084
2010-07-30,1.47733,1.46969,1.1055,1.21244,1.86084
2010-08-02,1.47733,1.46969,1.1055,1.21244,1.86084
2010-08-03,1.47733,1.46969,1.1055,1.21244,1.86084
2010-08-04,1.47733,1.46969,1.1055,1.21244,1.86084
2010-08-05,1.47733,1.46969,1.1055,1.21244,1.86084
2010-08-06,1.47733,1.46969,1.1055,1.21244,1.86084
2010-08-09,1.47733,1.46969,1.1055,1.21244,1.86084
2010-08-10,1.47733,1.46969,1.1055,1.21244,1.86084
2010-08-11,1.47733,1.46969,1.1055,1.21244,1.86084
2010-08-12,1.47733,1.46969,1.1055,1.21244,1.86084
2010-08-13,1.47733,1.46969,1.1055,1.21244,1.86084
2010-08-16,1.47733,1.46969,1.1055,1.21244,1.86084
2010-08-17,1.47733,1.46969,1.1055,1.21244,1.86084
2010-08-18,1.47733,1.46969,1.1055,1.21244,1.86084
2010-08-19,1.47733,1.46969,1.1055,1.21244,1.86084
2010-08-20,1.47733,1.46969,1.1055,1.21244,1.86084
2010-08-23,1.47733,1.46969,1.1055,1.21244,1.86084
2010-08-24,1.47733,1.46969,1.1055,1.21244,1.86084
2010-08-25,1.47733,1.46969,1.1055,1.21244,1.86084
2010-08-26,1.47733,1.46969,1.1055,1.21244,1.86084
2010-08-27,1.47733,1.46969,1.1055,1.21244,1.86084
2010-08-30,1.47733,1.46969,1.1055,1.21244,1.86084
2010-08-31,1.47733,1.46969,1.1055,1.21244,1.86084
2010-09-01,1.47733,1.46969,1.1055,1.21244,1.86084
2010-09-02,1.47733,1.46969,1.1055,1.21244,1.86084
2010-09-03,1.47733,1.46969,1.1055,1.21244,1.86084
2010-09-07,1.47733,1.46969,1.1055,1.21244,1.86084
2010-09-08,1.47733,1.46969,1.1055,1.21244,1.86084
2010-09-09,1.47733,1.46969,1.1055,1.21244,1.86084
2010-09-10,1.47733,1.46969,1.1055,1.21244,1.86084
2010-09-13,1.47733,1.46969,1.1055,1.21244,1.86084
2010-09-14,1.47733,1.46969,1.1055,1.21244,1.86084
2010-09-15,1.47733,1.46969,1.1055,1.21244,1.86084
2010-09-16,1.47733,1.46969,1.1055,1.21244,1.86084
2010-09-17,1.47733,1.46969,1.1055,1.21244,1.86084
2010-09-20,1.47733,1.46969,1.1055,1.21244,1.86084
2010-09-21,1.47733,1.46969,1.1055,1.21244,1.86084
2010-09-22,1.47733,1.46969,1.1055,1.21244,1.86084
2010-09-23,1.47733,1.46969,1.1055,1.21244,1.86084
2010-09-24,1.47733,1.46969,1.1055,1.21244,1.86084
2010-09-27,1.47733,1.46969,1.1055,1.21244,1.86084
2010-09-28,1.47733,1.46969,1.1055,1.21244,1.86084
2010-09-29,1.47733,1.46969,1.1055,1.21244,1.86084
2010-09-30,1.47733,1.46969,1.1055,1.21244,1.86084
2010-10-01,1.47733,1.46969,1.1055,1.21244,1.86084
2010-10-04,1.46481,1.46121,1.10236,1.20555,1.8293
2010-10-05,1.50046,1.48555,1.11135,1.22521,1.91835
2010-10-06,1.48747,1.47689,1.10813,1.2181,1.88513
2010-10-07,1.49291,1.48055,1.10948,1.22108,1.89892
2010-10-08,1.50318,1.48743,1.11204,1.22671,1.92505
2010-10-11,1.50379,1.48783,1.11219,1.22704,1.9266
2010-10-12,1.51406,1.49466,1.11473,1.23266,1.95292
2010-10-13,1.52645,1.50284,1.11779,1.23941,1.98487
2010-10-14,1.52659,1.50294,1.11782,1.23949,1.98525
2010-10-15,1.52659,1.50294,1.11782,1.23949,1.98525
2010-10-18,1.52659,1.50294,1.11782,1.23949,1.98525
2010-10-19,1.52659,1.50294,1.11782,1.23949,1.98525
2010-10-20,1.52659,1.50294,1.11782,1.23949,1.98525
2010-10-21,1.52659,1.50294,1.11782,1.23949,1.98525
2010-10-22,1.52659,1.50294,1.11782,1.23949,1.98525
2010-10-25,1.52659,1.50294,1.11782,1.23949,1.98525
2010-10-26,1.52659,1.50294,1.11782,1.23949,1.98525
2010-10-27,1.52659,1.50294,1.11782,1.23949,1.98525
2010-10-28,1.52659,1.50294,1.11782,1.23949,1.98525
2010-10-29,1.52659,1.50294,1.11782,1.23949,1.98525
2010-11-01,1.52659,1.50294,1.11782,1.23949,1.98525
2010-11-02,1.52659,1.50294,1.11782,1.23949,1.98525
2010-11-03,1.52659,1.50294,1.11782,1.23949,1.98525
2010-11-04,1.52659,1.50294,1.11782,1.23949,1.98525
2010-11-05,1.52659,1.50294,1.11782,1.23949,1.98525
2010-11-08,1.52659,1.50294,1.11782,1.23949,1.98525
2010-11-09,1.52659,1.50294,1.11782,1.23949,1.98525
2010-11-10,1.52659,1.50294,1.11782,1.23949,1.98525
2010-11-11,1.52659,1.50294,1.11782,1.23949,1.98525
2010-11-12,1.52659,1.50294,1.11782,1.23949,1.98525
2010-11-15,1.51224,1.49354,1.11403,1.23108,1.94793
2010-11-16,1.48738,1.4771,1.10741,1.21646,1.88388
2010-11-17,1.49172,1.48001,1.10858,1.21902,1.89486
2010-11-18,1.51571,1.4961,1.11502,1.23318,1.95583
2010-11-19,1.51235,1.49388,1.11413,1.23121,1.94715
2010-11-22,1.51235,1.49388,1.11413,1.23121,1.94715
2010-11-23,1.51235,1.49388,1.11413,1.23121,1.94715
2010-11-24,1.51235,1.49388,1.11413,1.23121,1.94715
2010-11-26,1.51235,1.49388,1.11413,1.23121,1.94715
2010-11-29,1.51235,1.49388,1.11413,1.23121,1.94715
2010-11-30,1.51235,1.49388,1.11413,1.23121,1.94715
2010-12-01,1.51235,1.49388,1.11413,1.23121,1.94715
2010-12-02,1.51235,1.49388,1.11413,1.23121,1.94715
2010-12-03,1.51235,1.49388,1.11413,1.23121,1.94715
2010-12-06,1.51235,1.49388,1.11413,1.23121,1.94715
2010-12-07,1.51235,1.49388,1.11413,1.23121,1.94715
2010-12-08,1.51235,1.49388,1.11413,1.23121,1.94715
2010-12-09,1.51235,1.49388,1.11413,1.23121,1.94715
2010-12-10,1.51235,1.49388,1.11413,1.23121,1.94715
2010-12-13,1.51235,1.49388,1.11413,1.23121,1.94715
2010-12-14,1.51235,1.49388,1.11413,1.23121,1.94715
2010-12-15,1.51235,1.49388,1.11413,1.23121,1.94715
2010-12-16,1.51235,1.49388,1.11413,1.23121,1.94715
2010-12-17,1.51235,1.49388,1.11413,1.23121,1.94715
2010-12-20,1.51235,1.49388,1.11413,1.23121,1.94715
2010-12-21,1.51235,1.49388,1.11413,1.23121,1.94715
2010-12-22,1.51235,1.49388,1.11413,1.23121,1.94715
2010-12-23,1.51235,1.49388,1.11413,1.23121,1.94715
2010-12-27,1.51235,1.49388,1.11413,1.23121,1.94715
2010-12-28,1.51235,1.49388,1.11413,1.23121,1.94715
2010-12-29,1.51235,1.49388,1.11413,1.23121,1.94715
2010-12-30,1.51235,1.49388,1.11413,1.23121,1.94715
2010-12-31,1.51235,1.49388,1.11413,1.23121,1.94715
2011-01-03,1.52095,1.49957,1.11761,1.2382,1.96928
2011-01-04,1.51985,1.49884,1.11717,1.23731,1.96643
2011-01-05,1.53277,1.50735,1.1224,1.24783,1.99987
2011-01-06,1.53772,1.51058,1.12439,1.25186,2.0128
2011-01-07,1.5397,1.51186,1.12519,1.25347,2.01797
2011-01-10,1.5397,1.51186,1.12519,1.25347,2.01797
2011-01-11,1.5397,1.51186,1.12519,1.25347,2.01797
2011-01-12,1.5397,1.51186,1.12519,1.25347,2.01797
2011-01-13,1.5397,1.51186,1.12519,1.25347,2.01797
2011-01-14,1.5397,1.51186,1.12519,1.25347,2.01797
2011-01-18,1.5397,1.51186,1.12519,1.25347,2.01797
2011-01-19,1.5397,1.51186,1.12519,1.25347,2.01797
2011-01-20,1.5397,1.51186,1.12519,1.25347,2.01797
2011-01-21,1.51955,1.49878,1.11815,1.23778,1.96517
2011-01-24,1.54057,1.51261,1.12554,1.25416,2.01952
2011-01-25,1.54275,1.51402,1.12631,1.25586,2.02524
2011-01-26,1.54471,1.51529,1.12699,1.25738,2.03038
2011-01-27,1.54471,1.51529,1.12699,1.25738,2.03038
2011-01-28,1.54471,1.51529,1.12699,1.25738,2.03038
2011-01-31,1.54471,1.51529,1.12699,1.25738,2.03038
2011-02-01,1.54471,1.51529,1.12699,1.25738,2.03038
2011-02-02,1.54471,1.51529,1.12699,1.25738,2.03038
2011-02-03,1.54471,1.51529,1.12699,1.25738,2.03038
2011-02-04,1.54471,1.51529,1.12699,1.25738,2.03038
2011-02-07,1.54471,1.51529,1.12699,1.25738,2.03038
2011-02-08,1.54471,1.51529,1.12699,1.25738,2.03038
2011-02-09,1.54471,1.51529,1.12699,1.25738,2.03038
2011-02-10,1.54471,1.51529,1.12699,1.25738,2.03038
2011-02-11,1.54471,1.51529,1.12699,1.25738,2.03038
2011-02-14,1.54471,1.51529,1.12699,1.25738,2.03038
2011-02-15,1.54471,1.51529,1.12699,1.25738,2.03038
2011-02-16,1.54471,1.51529,1.12699,1.25738,2.03038
2011-02-17,1.54471,1.51529,1.12699,1.25738,2.03038
2011-02-18,1.54471,1.51529,1.12699,1.25738,2.03038
2011-02-22,1.54471,1.51529,1.12699,1.25738,2.03038
2011-02-23,1.53202,1.50708,1.12301,1.2485,1.99702
2011-02-24,1.54014,1.51238,1.12557,1.25419,2.0182
2011-02-25,1.56154,1.52627,1.13229,1.26917,2.07428
2011-02-28,1.56699,1.52976,1.13399,1.27298,2.08875
2011-03-01,1.56699,1.52976,1.13399,1.27298,2.08875
2011-03-02,1.56699,1.52976,1.13399,1.27298,2.08875
2011-03-03,1.56699,1.52976,1.13399,1.27298,2.08875
2011-03-04,1.56699,1.52976,1.13399,1.27298,2.08875
2011-03-07,1.56699,1.52976,1.13399,1.27298,2.08875
2011-03-08,1.56699,1.52976,1.13399,1.27298,2.08875
2011-03-09,1.56699,1.52976,1.13399,1.27298,2.08875
2011-03-10,1.56699,1.52976,1.13399,1.27298,2.08875
2011-03-11,1.585,1.54126,1.13826,1.28256,2.13678
2011-03-14,1.57939,1.53772,1.13694,1.27959,2.12164
2011-03-15,1.53233,1.50792,1.12585,1.25462,1.99521
2011-03-16,1.50707,1.49144,1.12025,1.24215,1.92944
2011-03-17,1.52099,1.50067,1.12337,1.24906,1.96506
2011-03-18,1.51756,1.49842,1.12261,1.24737,1.95621
2011-03-21,1.54682,1.5177,1.12913,1.26187,2.03165
2011-03-22,1.54389,1.51581,1.12849,1.26043,2.02396
2011-03-23,1.55268,1.5215,1.13043,1.26475,2.04699
2011-03-24,1.58027,1.53927,1.13648,1.27831,2.11973
2011-03-25,1.58477,1.54212,1.13746,1.2805,2.13181
2011-03-28,1.58477,1.54212,1.13746,1.2805,2.13181
2011-03-29,1.58477,1.54212,1.13746,1.2805,2.13181
2011-03-30,1.58477,1.54212,1.13746,1.2805,2.13181
2011-03-31,1.58477,1.54212,1.13746,1.2805,2.13181
2011-04-01,1.58477,1.54212,1.13746,1.2805,2.13181
2011-04-04,1.58477,1.54212,1.13746,1.2805,2.13181
2011-04-05,1.58477,1.54212,1.13746,1.2805,2.13181
2011-04-06,1.58477,1.54212,1.13746,1.2805,2.13181
2011-04-07,1.58477,1.54212,1.13746,1.2805,2.13181
2011-04-08,1.58477,1.54212,1.13746,1.2805,2.13181
2011-04-11,1.57262,1.53445,1.1343,1.2734,2.09912
2011-04-12,1.56181,1.52758,1.13149,1.26707,2.07027
2011-04-13,1.57511,1.53609,1.13497,1.27488,2.10553
2011-04-14,1.57234,1.53433,1.13425,1.27325,2.09812
2011-04-15,1.56546,1.52996,1.13245,1.26923,2.07976
2011-04-18,1.56546,1.52996,1.13245,1.26923,2.07976
2011-04-19,1.57022,1.533,1.13369,1.27201,2.09242
2011-04-20,1.59689,1.54998,1.14062,1.28756,2.1635
2011-04-21,1.59689,1.54998,1.14062,1.28756,2.1635
2011-04-25,1.59689,1.54998,1.14062,1.28756,2.1635
2011-04-26,1.59689,1.54998,1.14062,1.28756,2.1635
2011-04-27,1.59689,1.54998,1.14062,1.28756,2.1635
2011-04-28,1.59689,1.54998,1.14062,1.28756,2.1635
2011-04-29,1.59689,1.54998,1.14062,1.28756,2.1635
2011-05-02,1.59689,1.54998,1.14062,1.28756,2.1635
2011-05-03,1.59689,1.54998,1.14062,1.28756,2.1635
2011-05-04,1.59283,1.54744,1.13934,1.28466,2.15249
2011-05-05,1.58413,1.54198,1.13658,1.27844,2.12899
2011-05-06,1.5893,1.54524,1.13822,1.28213,2.14287
2011-05-09,1.59528,1.549,1.14012,1.28641,2.159
2011-05-10,1.60887,1.55752,1.14443,1.29613,2.19579
2011-05-11,1.60562,1.5555,1.1434,1.2938,2.18691
2011-05-12,1.60562,1.5555,1.1434,1.2938,2.18691
2011-05-13,1.60562,1.5555,1.1434,1.2938,2.18691
2011-05-16,1.60562,1.5555,1.1434,1.2938,2.18691
2011-05-17,1.61718,1.5627,1.14653,1.30088,2.2184
2011-05-18,1.63066,1.57104,1.15016,1.30912,2.25539
2011-05-19,1.63518,1.57381,1.15137,1.31188,2.2679
2011-05-20,1.63518,1.57381,1.15137,1.31188,2.2679
2011-05-23,1.63518,1.57381,1.15137,1.31188,2.2679
2011-05-24,1.62033,1.56473,1.14732,1.30265,2.2267
2011-05-25,1.62663,1.56862,1.14905,1.30657,2.24402
2011-05-26,1.63666,1.57478,1.15179,1.31281,2.27168
2011-05-27,1.63871,1.57603,1.15235,1.31408,2.27736
2011-05-31,1.63871,1.57603,1.15235,1.31408,2.27736
2011-06-01,1.63871,1.57603,1.15235,1.31408,2.27736
2011-06-02,1.63871,1.57603,1.15235,1.31408,2.27736
2011-06-03,1.63871,1.57603,1.15235,1.31408,2.27736
2011-06-06,1.63871,1.57603,1.15235,1.31408,2.27736
2011-06-07,1.63058,1.57107,1.15018,1.30914,2.25478
2011-06-08,1.61889,1.5639,1.14706,1.30203,2.22244
2011-06-09,1.62181,1.56571,1.14784,1.30381,2.23047
2011-06-10,1.59697,1.55039,1.14118,1.28867,2.16214
2011-06-13,1.59697,1.55039,1.14118,1.28867,2.16214
2011-06-14,1.61743,1.5632,1.14672,1.30118,2.21753
2011-06-15,1.58674,1.54423,1.13848,1.28247,2.13339
2011-06-16,1.5806,1.54036,1.13681,1.27871,2.11689
2011-06-17,1.57565,1.53723,1.13546,1.27568,2.10362
2011-06-20,1.58385,1.54243,1.1377,1.28071,2.12552
2011-06-21,1.61783,1.56389,1.14695,1.30153,2.21672
2011-06-22,1.61029,1.55923,1.14492,1.29694,2.19606
2011-06-23,1.61029,1.55923,1.14492,1.29694,2.19606
2011-06-24,1.61029,1.55923,1.14492,1.29694,2.19606
2011-06-27,1.61029,1.55923,1.14492,1.29694,2.19606
2011-06-28,1.61029,1.55923,1.14492,1.29694,2.19606
2011-06-29,1.61029,1.55923,1.14492,1.29694,2.19606
2011-06-30,1.61029,1.55923,1.14492,1.29694,2.19606
2011-07-01,1.61029,1.55923,1.14492,1.29694,2.19606
2011-07-05,1.61029,1.55923,1.14492,1.29694,2.19606
2011-07-06,1.61029,1.55923,1.14492,1.29694,2.19606
2011-07-07,1.61029,1.55923,1.14492,1.29694,2.19606
2011-07-08,1.61029,1.55923,1.14492,1.29694,2.19606
2011-07-11,1.61029,1.55923,1.14492,1.29694,2.19606
2011-07-12,1.61029,1.55923,1.14492,1.29694,2.19606
2011-07-13,1.60449,1.55562,1.14347,1.29365,2.18022
2011-07-14,1.58587,1.54402,1.1388,1.28308,2.12964
2011-07-15,1.60699,1.55734,1.14414,1.29511,2.18635
2011-07-18,1.59838,1.55198,1.14198,1.29022,2.16292
2011-07-19,1.61285,1.56103,1.14562,1.29844,2.20208
2011-07-20,1.61285,1.56103,1.14562,1.29844,2.20208
2011-07-21,1.61285,1.56103,1.14562,1.29844,2.20208
2011-07-22,1.61285,1.56103,1.14562,1.29844,2.20208
2011-07-25,1.61285,1.56103,1.14562,1.29844,2.20208
2011-07-26,1.61285,1.56103,1.14562,1.29844,2.20208
2011-07-27,1.61285,1.56103,1.14562,1.29844,2.20208
2011-07-28,1.61398,1.56173,1.14588,1.29903,2.20518
2011-07-29,1.60871,1.55847,1.14467,1.2963,2.19078
2011-08-01,1.62731,1.57003,1.14893,1.30595,2.24144
2011-08-02,1.59282,1.54883,1.14188,1.28992,2.14641
2011-08-03,1.6081,1.55843,1.14505,1.29709,2.1876
2011-08-04,1.53337,1.51196,1.12965,1.2622,1.98428
2011-08-05,1.52375,1.50568,1.1276,1.25762,1.95938
2011-08-08,1.43203,1.44549,1.10796,1.21381,1.72351
2011-08-09,1.5011,1.49372,1.12343,1.24769,1.88976
2011-08-10,1.43967,1.4528,1.11012,1.21814,1.7351
2011-08-11,1.50308,1.49684,1.12427,1.24919,1.88793
2011-08-12,1.51639,1.5057,1.12715,1.25559,1.92136
2011-08-15,1.52185,1.5093,1.12833,1.25821,1.93521
2011-08-16,1.52185,1.5093,1.12833,1.25821,1.93521
2011-08-17,1.52185,1.5093,1.12833,1.25821,1.93521
2011-08-18,1.52185,1.5093,1.12833,1.25821,1.93521
2011-08-19,1.52185,1.5093,1.12833,1.25821,1.93521
2011-08-22,1.52185,1.5093,1.12833,1.25821,1.93521
2011-08-23,1.52185,1.5093,1.12833,1.25821,1.93521
2011-08-24,1.52185,1.5093,1.12833,1.25821,1.93521
2011-08-25,1.52185,1.5093,1.12833,1.25821,1.93521
2011-08-26,1.52185,1.5093,1.12833,1.25821,1.93521
2011-08-29,1.52185,1.5093,1.12833,1.25821,1.93521
2011-08-30,1.52185,1.5093,1.12833,1.25821,1.93521
2011-08-31,1.52185,1.5093,1.12833,1.25821,1.93521
2011-09-01,1.52185,1.5093,1.12833,1.25821,1.93521
2011-09-02,1.52185,1.5093,1.12833,1.25821,1.93521
2011-09-06,1.52185,1.5093,1.12833,1.25821,1.93521
2011-09-07,1.52185,1.5093,1.12833,1.25821,1.93521
2011-09-08,1.52185,1.5093,1.12833,1.25821,1.93521
2011-09-09,1.52185,1.5093,1.12833,1.25821,1.93521
2011-09-12,1.52185,1.5093,1.12833,1.25821,1.93521
2011-09-13,1.52185,1.5093,1.12833,1.25821,1.93521
2011-09-14,1.52185,1.5093,1.12833,1.25821,1.93521
2011-09-15,1.52185,1.5093,1.12833,1.25821,1.93521
2011-09-16,1.52185,1.5093,1.12833,1.25821,1.93521
2011-09-19,1.52185,1.5093,1.12833,1.25821,1.93521
2011-09-20,1.52185,1.5093,1.12833,1.25821,1.93521
2011-09-21,1.52185,1.5093,1.12833,1.25821,1.93521
2011-09-22,1.52185,1.5093,1.12833,1.25821,1.93521
2011-09-23,1.52185,1.5093,1.12833,1.25821,1.93521
2011-09-26,1.52185,1.5093,1.12833,1.25821,1.93521
2011-09-27,1.52185,1.5093,1.12833,1.25821,1.93521
2011-09-28,1.52185,1.5093,1.12833,1.25821,1.93521
2011-09-29,1.52185,1.5093,1.12833,1.25821,1.93521
2011-09-30,1.52185,1.5093,1.12833,1.25821,1.93521
2011-10-03,1.52185,1.5093,1.12833,1.25821,1.93521
2011-10-04,1.52185,1.5093,1.12833,1.25821,1.93521
2011-10-05,1.52185,1.5093,1.12833,1.25821,1.93521
2011-10-06,1.52185,1.5093,1.12833,1.25821,1.93521
2011-10-07,1.52185,1.5093,1.12833,1.25821,1.93521
2011-10-10,1.52185,1.5093,1.12833,1.25821,1.93521
2011-10-11,1.52185,1.5093,1.12833,1.25821,1.93521
2011-10-12,1.52185,1.5093,1.12833,1.25821,1.93521
2011-10-13,1.52185,1.5093,1.12833,1.25821,1.93521
2011-10-14,1.52185,1.5093,1.12833,1.25821,1.93521
2011-10-17,1.52185,1.5093,1.12833,1.25821,1.93521
2011-10-18,1.52185,1.5093,1.12833,1.25821,1.93521
2011-10-19,1.52185,1.5093,1.12833,1.25821,1.93521
2011-10-20,1.52185,1.5093,1.12833,1.25821,1.93521
2011-10-21,1.52185,1.5093,1.12833,1.25821,1.93521
2011-10-24,1.52185,1.5093,1.12833,1.25821,1.93521
2011-10-25,1.52185,1.5093,1.12833,1.25821,1.93521
2011-10-26,1.52185,1.5093,1.12833,1.25821,1.93521
2011-10-27,1.52185,1.5093,1.12833,1.25821,1.93521
2011-10-28,1.52185,1.5093,1.12833,1.25821,1.93521
2011-10-31,1.52185,1.5093,1.12833,1.25821,1.93521
2011-11-01,1.52185,1.5093,1.12833,1.25821,1.93521
2011-11-02,1.51816,1.50687,1.12775,1.25692,1.92582
2011-11-03,1.54963,1.5276,1.13268,1.26791,2.00567
2011-11-04,1.54163,1.52244,1.13145,1.26515,1.98495
2011-11-07,1.55256,1.52953,1.13314,1.26894,2.01311
2011-11-08,1.57044,1.54104,1.13589,1.2751,2.05945
2011-11-09,1.53926,1.52119,1.13113,1.26442,1.97769
2011-11-10,1.53926,1.52119,1.13113,1.26442,1.97769
2011-11-11,1.53926,1.52119,1.13113,1.26442,1.97769
2011-11-14,1.53926,1.52119,1.13113,1.26442,1.97769
2011-11-15,1.53926,1.52119,1.13113,1.26442,1.97769
2011-11-16,1.53926,1.52119,1.13113,1.26442,1.97769
2011-11-17,1.53926,1.52119,1.13113,1.26442,1.97769
2011-11-18,1.53926,1.52119,1.13113,1.26442,1.97769
2011-11-21,1.53926,1.52119,1.13113,1.26442,1.97769
2011-11-22,1.53926,1.52119,1.13113,1.26442,1.97769
2011-11-23,1.53926,1.52119,1.13113,1.26442,1.97769
2011-11-25,1.53926,1.52119,1.13113,1.26442,1.97769
2011-11-28,1.53926,1.52119,1.13113,1.26442,1.97769
2011-11-29,1.53926,1.52119,1.13113,1.26442,1.97769
2011-11-30,1.53926,1.52119,1.13113,1.26442,1.97769
2011-12-01,1.53926,1.52119,1.13113,1.26442,1.97769
2011-12-02,1.53926,1.52119,1.13113,1.26442,1.97769
2011-12-05,1.53926,1.52119,1.13113,1.26442,1.97769
2011-12-06,1.53926,1.52119,1.13113,1.26442,1.97769
2011-12-07,1.53926,1.52119,1.13113,1.26442,1.97769
2011-12-08,1.53926,1.52119,1.13113,1.26442,1.97769
2011-12-09,1.53926,1.52119,1.13113,1.26442,1.97769
2011-12-12,1.53926,1.52119,1.13113,1.26442,1.97769
2011-12-13,1.53926,1.52119,1.13113,1.26442,1.97769
2011-12-14,1.53926,1.52119,1.13113,1.26442,1.97769
2011-12-15,1.53926,1.52119,1.13113,1.26442,1.97769
2011-12-16,1.53926,1.52119,1.13113,1.26442,1.97769
2011-12-19,1.53926,1.52119,1.13113,1.26442,1.97769
2011-12-20,1.53926,1.52119,1.13113,1.26442,1.97769
2011-12-21,1.53926,1.52119,1.13113,1.26442,1.97769
2011-12-22,1.53926,1.52119,1.13113,1.26442,1.97769
2011-12-23,1.53926,1.52119,1.13113,1.26442,1.97769
2011-12-27,1.53926,1.52119,1.13113,1.26442,1.97769
2011-12-28,1.53926,1.52119,1.13113,1.26442,1.97769
2011-12-29,1.53926,1.52119,1.13113,1.26442,1.97769
2011-12-30,1.53926,1.52119,1.13113,1.26442,1.97769
2012-01-03,1.53926,1.52119,1.13113,1.26442,1.97769
2012-01-04,1.53926,1.52119,1.13113,1.26442,1.97769
2012-01-05,1.53926,1.52119,1.13113,1.26442,1.97769
2012-01-06,1.53926,1.52119,1.13113,1.26442,1.97769
2012-01-09,1.53926,1.52119,1.13113,1.26442,1.97769
2012-01-10,1.53926,1.52119,1.13113,1.26442,1.97769
2012-01-11,1.53926,1.52119,1.13113,1.26442,1.97769
2012-01-12,1.53926,1.52119,1.13113,1.26442,1.97769
2012-01-13,1.53926,1.52119,1.13113,1.26442,1.97769
2012-01-17,1.53926,1.52119,1.13113,1.26442,1.97769
2012-01-18,1.53926,1.52119,1.13113,1.26442,1.97769
2012-01-19,1.53926,1.52119,1.13113,1.26442,1.97769
2012-01-20,1.53926,1.52119,1.13113,1.26442,1.97769
2012-01-23,1.53926,1.52119,1.13113,1.26442,1.97769
2012-01-24,1.53926,1.52119,1.13113,1.26442,1.97769
2012-01-25,1.53926,1.52119,1.13113,1.26442,1.97769
2012-01-26,1.53926,1.52119,1.13113,1.26442,1.97769
2012-01-27,1.53926,1.52119,1.13113,1.26442,1.97769
2012-01-30,1.53926,1.52119,1.13113,1.26442,1.97769
2012-01-31,1.53926,1.52119,1.13113,1.26442,1.97769
2012-02-01,1.53926,1.52119,1.13113,1.26442,1.97769
2012-02-02,1.53926,1.52119,1.13113,1.26442,1.97769
2012-02-03,1.53926,1.52119,1.13113,1.26442,1.97769
2012-02-06,1.53926,1.52119,1.13113,1.26442,1.97769
2012-02-07,1.53926,1.52119,1.13113,1.26442,1.97769
2012-02-08,1.53926,1.52119,1.13113,1.26442,1.97769
2012-02-09,1.53926,1.52119,1.13113,1.26442,1.97769
2012-02-10,1.53926,1.52119,1.13113,1.26442,1.97769
2012-02-13,1.53926,1.52119,1.13113,1.26442,1.97769
2012-02-14,1.53926,1.52119,1.13113,1.26442,1.97769
2012-02-15,1.53926,1.52119,1.13113,1.26442,1.97769
2012-02-16,1.53926,1.52119,1.13113,1.26442,1.97769
2012-02-17,1.53926,1.52119,1.13113,1.26442,1.97769
2012-02-21,1.53926,1.52119,1.13113,1.26442,1.97769
2012-02-22,1.53926,1.52119,1.13113,1.26442,1.97769
2012-02-23,1.53926,1.52119,1.13113,1.26442,1.97769
2012-02-24,1.53926,1.52119,1.13113,1.26442,1.97769
2012-02-27,1.53926,1.52119,1.13113,1.26442,1.97769
2012-02-28,1.53926,1.52119,1.13113,1.26442,1.97769
2012-02-29,1.53926,1.52119,1.13113,1.26442,1.97769
2012-03-01,1.53926,1.52119,1.13113,1.26442,1.97769
2012-03-02,1.53926,1.52119,1.13113,1.26442,1.97769
2012-03-05,1.53926,1.52119,1.13113,1.26442,1.97769
2012-03-06,1.53926,1.52119,1.13113,1.26442,1.97769
2012-03-07,1.54307,1.52367,1.1324,1.26725,1.98747
2012-03-08,1.55969,1.53444,1.13792,1.2796,2.03029
2012-03-09,1.56156,1.53564,1.13854,1.28099,2.03515
2012-03-12,1.56156,1.53564,1.13854,1.28099,2.03515
2012-03-13,1.56156,1.53564,1.13854,1.28099,2.03515
2012-03-14,1.56156,1.53564,1.13854,1.28099,2.03515
2012-03-15,1.56156,1.53564,1.13854,1.28099,2.03515
2012-03-16,1.56156,1.53564,1.13854,1.28099,2.03515
2012-03-19,1.56156,1.53564,1.13854,1.28099,2.03515
2012-03-20,1.56156,1.53564,1.13854,1.28099,2.03515
2012-03-21,1.56156,1.53564,1.13854,1.28099,2.03515
2012-03-22,1.56156,1.53564,1.13854,1.28099,2.03515
2012-03-23,1.56156,1.53564,1.13854,1.28099,2.03515
2012-03-26,1.56156,1.53564,1.13854,1.28099,2.03515
2012-03-27,1.56156,1.53564,1.13854,1.28099,2.03515
2012-03-28,1.56156,1.53564,1.13854,1.28099,2.03515
2012-03-29,1.56156,1.53564,1.13854,1.28099,2.03515
2012-03-30,1.56156,1.53564,1.13854,1.28099,2.03515
2012-04-02,1.56156,1.53564,1.13854,1.28099,2.03515
2012-04-03,1.56156,1.53564,1.13854,1.28099,2.03515
2012-04-04,1.56156,1.53564,1.13854,1.28099,2.03515
2012-04-05,1.56156,1.53564,1.13854,1.28099,2.03515
2012-04-09,1.56156,1.53564,1.13854,1.28099,2.03515
2012-04-10,1.56156,1.53564,1.13854,1.28099,2.03515
2012-04-11,1.55469,1.53124,1.13647,1.27635,2.01726
2012-04-12,1.57248,1.54268,1.14183,1.28838,2.06341
2012-04-13,1.54861,1.5275,1.13469,1.27227,2.00078
2012-04-16,1.5313,1.51632,1.12946,1.26054,1.95604
2012-04-17,1.56242,1.53664,1.13892,1.28166,2.03554
2012-04-18,1.55844,1.5341,1.13773,1.27897,2.02517
2012-04-19,1.55205,1.52999,1.1358,1.27464,2.00856
2012-04-20,1.55205,1.52999,1.1358,1.27464,2.00856
2012-04-23,1.55205,1.52999,1.1358,1.27464,2.00856
2012-04-24,1.54578,1.52596,1.13424,1.27113,1.99233
2012-04-25,1.58685,1.55253,1.14452,1.29419,2.09821
2012-04-26,1.59616,1.5584,1.14682,1.29937,2.12284
2012-04-27,1.60205,1.56208,1.14826,1.30264,2.1385
2012-04-30,1.60205,1.56208,1.14826,1.30264,2.1385
2012-05-01,1.60205,1.56208,1.14826,1.30264,2.1385
2012-05-02,1.60205,1.56208,1.14826,1.30264,2.1385
2012-05-03,1.60205,1.56208,1.14826,1.30264,2.1385
2012-05-04,1.60205,1.56208,1.14826,1.30264,2.1385
2012-05-07,1.61245,1.56858,1.15072,1.30823,2.16627
2012-05-08,1.60648,1.56487,1.14932,1.30503,2.15021
2012-05-09,1.58701,1.55275,1.14471,1.29457,2.0981
2012-05-10,1.57591,1.54576,1.14211,1.28869,2.06874
2012-05-11,1.57566,1.5456,1.14205,1.28856,2.06809
2012-05-14,1.56093,1.53625,1.13859,1.28074,2.02943
2012-05-15,1.55577,1.53295,1.13737,1.278,2.01602
2012-05-16,1.54522,1.52616,1.13486,1.27237,1.98866
2012-05-17,1.51257,1.50503,1.12708,1.25491,1.90462
2012-05-18,1.49292,1.49205,1.12233,1.24434,1.85515
2012-05-21,1.53466,1.52,1.13251,1.26692,1.95888
2012-05-22,1.53294,1.51888,1.1321,1.266,1.95449
2012-05-23,1.53589,1.52081,1.13281,1.26758,1.962
2012-05-24,1.52582,1.51425,1.1304,1.26218,1.93629
2012-05-25,1.52386,1.51297,1.12993,1.26113,1.93131
2012-05-29,1.54325,1.52569,1.13459,1.27155,1.98047
2012-05-30,1.53024,1.51726,1.13149,1.26459,1.94707
2012-05-31,1.52751,1.51548,1.13083,1.26312,1.94012
2012-06-01,1.52751,1.51548,1.13083,1.26312,1.94012
2012-06-04,1.53406,1.51976,1.1322,1.26619,1.95675
2012-06-05,1.54036,1.52387,1.13352,1.26913,1.97282
2012-06-06,1.55117,1.53089,1.13577,1.27418,2.00053
2012-06-07,1.55117,1.53089,1.13577,1.27418,2.00053
2012-06-08,1.55117,1.53089,1.13577,1.27418,2.00053
2012-06-11,1.55117,1.53089,1.13577,1.27418,2.00053
2012-06-12,1.55117,1.53089,1.13577,1.27418,2.00053
2012-06-13,1.55117,1.53089,1.13577,1.27418,2.00053
2012-06-14,1.55117,1.53089,1.13577,1.27418,2.00053
2012-06-15,1.55117,1.53089,1.13577,1.27418,2.00053
2012-06-18,1.55117,1.53089,1.13577,1.27418,2.00053
2012-06-19,1.55117,1.53089,1.13577,1.27418,2.00053
2012-06-20,1.55117,1.53089,1.13577,1.27418,2.00053
2012-06-21,1.55117,1.53089,1.13577,1.27418,2.00053
2012-06-22,1.55117,1.53089,1.13577,1.27418,2.00053
2012-06-25,1.55117,1.53089,1.13577,1.27418,2.00053
2012-06-26,1.55117,1.53089,1.13577,1.27418,2.00053
2012-06-27,1.55117,1.53089,1.13577,1.27418,2.00053
2012-06-28,1.55117,1.53089,1.13577,1.27418,2.00053
2012-06-29,1.55117,1.53089,1.13577,1.27418,2.00053
2012-07-02,1.55117,1.53089,1.13577,1.27418,2.00053
2012-07-03,1.55117,1.53089,1.13577,1.27418,2.00053
2012-07-05,1.55117,1.53089,1.13577,1.27418,2.00053
2012-07-06,1.55117,1.53089,1.13577,1.27418,2.00053
2012-07-09,1.55117,1.53089,1.13577,1.27418,2.00053
2012-07-10,1.55117,1.53089,1.13577,1.27418,2.00053
2012-07-11,1.54379,1.52613,1.1341,1.27041,1.98147
2012-07-12,1.52933,1.51677,1.1308,1.26304,1.94437
2012-07-13,1.55261,1.53198,1.13614,1.27496,2.00355
2012-07-16,1.54819,1.52914,1.13514,1.27271,1.99216
2012-07-17,1.55628,1.53436,1.13698,1.27683,2.01297
2012-07-18,1.57735,1.5479,1.14175,1.28755,2.06747
2012-07-19,1.59474,1.55893,1.14565,1.29636,2.11306
2012-07-20,1.59345,1.55812,1.14537,1.29571,2.10965
2012-07-23,1.59345,1.55812,1.14537,1.29571,2.10965
2012-07-24,1.59345,1.55812,1.14537,1.29571,2.10965
2012-07-25,1.59393,1.55842,1.14547,1.29594,2.11091
2012-07-26,1.61508,1.57169,1.14995,1.30608,2.16694
2012-07-27,1.65331,1.59536,1.15798,1.32432,2.26953
2012-07-30,1.65204,1.59459,1.15772,1.32372,2.26603
2012-07-31,1.65153,1.59428,1.15761,1.32348,2.26463
2012-08-01,1.64669,1.59135,1.15661,1.32119,2.25135
2012-08-02,1.64082,1.58779,1.1554,1.31842,2.23532
2012-08-03,1.67192,1.60674,1.16186,1.33316,2.32004
2012-08-06,1.67974,1.61142,1.16346,1.33684,2.34176
2012-08-07,1.67974,1.61142,1.16346,1.33684,2.34176
2012-08-08,1.67974,1.61142,1.16346,1.33684,2.34176
2012-08-09,1.67974,1.61142,1.16346,1.33684,2.34176
2012-08-10,1.67974,1.61142,1.16346,1.33684,2.34176
2012-08-13,1.67974,1.61142,1.16346,1.33684,2.34176
2012-08-14,1.67974,1.61142,1.16346,1.33684,2.34176
2012-08-15,1.67974,1.61142,1.16346,1.33684,2.34176
2012-08-16,1.67974,1.61142,1.16346,1.33684,2.34176
2012-08-17,1.67974,1.61142,1.16346,1.33684,2.34176
2012-08-20,1.67974,1.61142,1.16346,1.33684,2.34176
2012-08-21,1.67974,1.61142,1.16346,1.33684,2.34176
2012-08-22,1.67974,1.61142,1.16346,1.33684,2.34176
2012-08-23,1.67974,1.61142,1.16346,1.33684,2.34176
2012-08-24,1.67974,1.61142,1.16346,1.33684,2.34176
2012-08-27,1.67974,1.61142,1.16346,1.33684,2.34176
2012-08-28,1.67974,1.61142,1.16346,1.33684,2.34176
2012-08-29,1.67974,1.61142,1.16346,1.33684,2.34176
2012-08-30,1.67974,1.61142,1.16346,1.33684,2.34176
2012-08-31,1.67792,1.61034,1.16287,1.33547,2.33668
2012-09-04,1.6762,1.60931,1.1623,1.33417,2.33187
2012-09-05,1.67447,1.60828,1.16174,1.33287,2.32708
2012-09-06,1.71165,1.63048,1.17392,1.36084,2.4304
2012-09-07,1.70918,1.62904,1.17312,1.35899,2.42341
2012-09-10,1.7039,1.62595,1.17141,1.35502,2.40842
2012-09-11,1.7039,1.62595,1.17141,1.35502,2.40842
2012-09-12,1.7039,1.62595,1.17141,1.35502,2.40842
2012-09-13,1.7039,1.62595,1.17141,1.35502,2.40842
2012-09-14,1.7039,1.62595,1.17141,1.35502,2.40842
2012-09-17,1.7039,1.62595,1.17141,1.35502,2.40842
2012-09-18,1.7039,1.62595,1.17141,1.35502,2.40842
2012-09-19,1.7039,1.62595,1.17141,1.35502,2.40842
2012-09-20,1.7039,1.62595,1.17141,1.35502,2.40842
2012-09-21,1.7039,1.62595,1.17141,1.35502,2.40842
2012-09-24,1.7039,1.62595,1.17141,1.35502,2.40842
2012-09-25,1.67479,1.60887,1.16104,1.33187,2.32615
2012-09-26,1.66115,1.60072,1.15614,1.32102,2.28826
2012-09-27,1.68405,1.61451,1.1644,1.33923,2.35133
2012-09-28,1.67017,1.60626,1.15942,1.32819,2.31256
2012-10-01,1.66773,1.6048,1.15855,1.32625,2.30582
2012-10-02,1.6726,1.60773,1.1603,1.33013,2.31929
2012-10-03,1.68332,1.61413,1.16415,1.33865,2.34901
2012-10-04,1.68916,1.6176,1.16625,1.3433,2.36532
2012-10-05,1.69684,1.62215,1.169,1.3494,2.38682
2012-10-08,1.69684,1.62215,1.169,1.3494,2.38682
2012-10-09,1.67335,1.60831,1.16187,1.33295,2.32074
2012-10-10,1.66489,1.60325,1.15928,1.32702,2.29728
2012-10-11,1.65967,1.60011,1.15768,1.32335,2.28286
2012-10-12,1.65892,1.59966,1.15745,1.32283,2.28081
2012-10-15,1.67111,1.60701,1.1612,1.33139,2.31433
2012-10-16,1.69475,1.62116,1.16843,1.34797,2.37979
2012-10-17,1.6852,1.61552,1.16553,1.34128,2.35297
2012-10-18,1.6852,1.61552,1.16553,1.34128,2.35297
2012-10-19,1.6852,1.61552,1.16553,1.34128,2.35297
2012-10-22,1.69385,1.62065,1.16781,1.34653,2.37712
2012-10-23,1.67768,1.61111,1.16356,1.33673,2.33175
2012-10-24,1.67178,1.60759,1.162,1.33315,2.31535
2012-10-25,1.67178,1.60759,1.162,1.33315,2.31535
2012-10-26,1.67665,1.61051,1.16329,1.33611,2.32885
2012-10-31,1.66639,1.60439,1.16058,1.32987,2.30034
2012-11-01,1.69,1.61855,1.16685,1.34424,2.36551
2012-11-02,1.67204,1.60793,1.16212,1.33335,2.31524
2012-11-05,1.68307,1.61452,1.16504,1.34006,2.34579
2012-11-06,1.68615,1.61635,1.16586,1.34193,2.35437
2012-11-07,1.66735,1.60521,1.1609,1.33052,2.30189
2012-11-08,1.66735,1.60521,1.1609,1.33052,2.30189
2012-11-09,1.66735,1.60521,1.1609,1.33052,2.30189
2012-11-12,1.66735,1.60521,1.1609,1.33052,2.30189
2012-11-13,1.66735,1.60521,1.1609,1.33052,2.30189
2012-11-14,1.66735,1.60521,1.1609,1.33052,2.30189
2012-11-15,1.66735,1.60521,1.1609,1.33052,2.30189
2012-11-16,1.66735,1.60521,1.1609,1.33052,2.30189
2012-11-19,1.66735,1.60521,1.1609,1.33052,2.30189
2012-11-20,1.66735,1.60521,1.1609,1.33052,2.30189
2012-11-21,1.66735,1.60521,1.1609,1.33052,2.30189
2012-11-23,1.66735,1.60521,1.1609,1.33052,2.30189
2012-11-26,1.66735,1.60521,1.1609,1.33052,2.30189
2012-11-27,1.66735,1.60521,1.1609,1.33052,2.30189
2012-11-28,1.66735,1.60521,1.1609,1.33052,2.30189
2012-11-29,1.66735,1.60521,1.1609,1.33052,2.30189
2012-11-30,1.66735,1.60521,1.1609,1.33052,2.30189
2012-12-03,1.66735,1.60521,1.1609,1.33052,2.30189
2012-12-04,1.66735,1.60521,1.1609,1.33052,2.30189
2012-12-05,1.66735,1.60521,1.1609,1.33052,2.30189
2012-12-06,1.66735,1.60521,1.1609,1.33052,2.30189
2012-12-07,1.66735,1.60521,1.1609,1.33052,2.30189
2012-12-10,1.66735,1.60521,1.1609,1.33052,2.30189
2012-12-11,1.66735,1.60521,1.1609,1.33052,2.30189
2012-12-12,1.66735,1.60521,1.1609,1.33052,2.30189
2012-12-13,1.66735,1.60521,1.1609,1.33052,2.30189
2012-12-14,1.66735,1.60521,1.1609,1.33052,2.30189
2012-12-17,1.66735,1.60521,1.1609,1.33052,2.30189
2012-12-18,1.66735,1.60521,1.1609,1.33052,2.30189
2012-12-19,1.66735,1.60521,1.1609,1.33052,2.30189
2012-12-20,1.66735,1.60521,1.1609,1.33052,2.30189
2012-12-21,1.66735,1.60521,1.1609,1.33052,2.30189
2012-12-24,1.66735,1.60521,1.1609,1.33052,2.30189
2012-12-26,1.66735,1.60521,1.1609,1.33052,2.30189
2012-12-27,1.66735,1.60521,1.1609,1.33052,2.30189
2012-12-28,1.66735,1.60521,1.1609,1.33052,2.30189
2012-12-31,1.66735,1.60521,1.1609,1.33052,2.30189
2013-01-02,1.66735,1.60521,1.1609,1.33052,2.30189
2013-01-03,1.66735,1.60521,1.1609,1.33052,2.30189
2013-01-04,1.66735,1.60521,1.1609,1.33052,2.30189
2013-01-07,1.66735,1.60521,1.1609,1.33052,2.30189
2013-01-08,1.66735,1.60521,1.1609,1.33052,2.30189
2013-01-09,1.66735,1.60521,1.1609,1.33052,2.30189
2013-01-10,1.66735,1.60521,1.1609,1.33052,2.30189
2013-01-11,1.66735,1.60521,1.1609,1.33052,2.30189
2013-01-14,1.66735,1.60521,1.1609,1.33052,2.30189
2013-01-15,1.66735,1.60521,1.1609,1.33052,2.30189
2013-01-16,1.66735,1.60521,1.1609,1.33052,2.30189
2013-01-17,1.66735,1.60521,1.1609,1.33052,2.30189
2013-01-18,1.66735,1.60521,1.1609,1.33052,2.30189
2013-01-22,1.66735,1.60521,1.1609,1.33052,2.30189
2013-01-23,1.66735,1.60521,1.1609,1.33052,2.30189
2013-01-24,1.66735,1.60521,1.1609,1.33052,2.30189
2013-01-25,1.66735,1.60521,1.1609,1.33052,2.30189
2013-01-28,1.66735,1.60521,1.1609,1.33052,2.30189
2013-01-29,1.66735,1.60521,1.1609,1.33052,2.30189
2013-01-30,1.66735,1.60521,1.1609,1.33052,2.30189
2013-01-31,1.66735,1.60521,1.1609,1.33052,2.30189
2013-02-01,1.66735,1.60521,1.1609,1.33052,2.30189
2013-02-04,1.66735,1.60521,1.1609,1.33052,2.30189
2013-02-05,1.66735,1.60521,1.1609,1.33052,2.30189
2013-02-06,1.66735,1.60521,1.1609,1.33052,2.30189
2013-02-07,1.66735,1.60521,1.1609,1.33052,2.30189
2013-02-08,1.66735,1.60521,1.1609,1.33052,2.30189
2013-02-11,1.66735,1.60521,1.1609,1.33052,2.30189
2013-02-12,1.66735,1.60521,1.1609,1.33052,2.30189
2013-02-13,1.66735,1.60521,1.1609,1.33052,2.30189
2013-02-14,1.66735,1.60521,1.1609,1.33052,2.30189
2013-02-15,1.66735,1.60521,1.1609,1.33052,2.30189
2013-02-19,1.66735,1.60521,1.1609,1.33052,2.30189
2013-02-20,1.66735,1.60521,1.1609,1.33052,2.30189
2013-02-21,1.66735,1.60521,1.1609,1.33052,2.30189
2013-02-22,1.67398,1.60918,1.16312,1.3356,2.32017
2013-02-25,1.65331,1.59683,1.15621,1.31975,2.26287
2013-02-26,1.65954,1.6006,1.15831,1.32453,2.27993
2013-02-27,1.67649,1.61082,1.164,1.33753,2.32652
2013-02-28,1.6759,1.61047,1.1638,1.33708,2.32488
2013-03-01,1.6759,1.61047,1.1638,1.33708,2.32488
2013-03-04,1.6759,1.61047,1.1638,1.33708,2.32488
2013-03-05,1.6759,1.61047,1.1638,1.33708,2.32488
2013-03-06,1.6759,1.61047,1.1638,1.33708,2.32488
2013-03-07,1.6759,1.61047,1.1638,1.33708,2.32488
2013-03-08,1.6759,1.61047,1.1638,1.33708,2.32488
2013-03-11,1.6759,1.61047,1.1638,1.33708,2.32488
2013-03-12,1.6759,1.61047,1.1638,1.33708,2.32488
2013-03-13,1.6759,1.61047,1.1638,1.33708,2.32488
2013-03-14,1.6759,1.61047,1.1638,1.33708,2.32488
2013-03-15,1.6759,1.61047,1.1638,1.33708,2.32488
2013-03-18,1.6759,1.61047,1.1638,1.33708,2.32488
2013-03-19,1.6759,1.61047,1.1638,1.33708,2.32488
2013-03-20,1.67507,1.60997,1.16351,1.33643,2.32256
2013-03-21,1.65605,1.59861,1.15702,1.32151,2.26983
2013-03-22,1.67214,1.60833,1.16255,1.33413,2.31393
2013-03-25,1.66605,1.60469,1.16046,1.32935,2.29707
2013-03-26,1.67507,1.6101,1.16355,1.33643,2.32194
2013-03-27,1.67726,1.61141,1.1643,1.33815,2.32803
2013-03-28,1.67667,1.61106,1.1641,1.33768,2.32638
2013-04-01,1.67667,1.61106,1.1641,1.33768,2.32638
2013-04-02,1.67667,1.61106,1.1641,1.33768,2.32638
2013-04-03,1.67667,1.61106,1.1641,1.33768,2.32638
2013-04-04,1.67667,1.61106,1.1641,1.33768,2.32638
2013-04-05,1.67667,1.61106,1.1641,1.33768,2.32638
2013-04-08,1.68422,1.61556,1.1665,1.34321,2.34735
2013-04-09,1.68783,1.6177,1.16765,1.34585,2.35739
2013-04-10,1.68783,1.6177,1.16765,1.34585,2.35739
2013-04-11,1.68783,1.6177,1.16765,1.34585,2.35739
2013-04-12,1.68783,1.6177,1.16765,1.34585,2.35739
2013-04-15,1.68783,1.6177,1.16765,1.34585,2.35739
2013-04-16,1.69872,1.62416,1.1709,1.35335,2.38782
2013-04-17,1.66546,1.60458,1.16101,1.33047,2.29433
2013-04-18,1.64248,1.59078,1.15409,1.31462,2.23099
2013-04-19,1.66497,1.60447,1.16091,1.33017,2.29211
2013-04-22,1.68209,1.61475,1.16606,1.34197,2.33924
2013-04-23,1.69078,1.61992,1.16867,1.34796,2.36341
2013-04-24,1.69078,1.61992,1.16867,1.34796,2.36341
2013-04-25,1.69078,1.61992,1.16867,1.34796,2.36341
2013-04-26,1.69078,1.61992,1.16867,1.34796,2.36341
2013-04-29,1.69078,1.61992,1.16867,1.34796,2.36341
2013-04-30,1.69078,1.61992,1.16867,1.34796,2.36341
2013-05-01,1.69078,1.61992,1.16867,1.34796,2.36341
2013-05-02,1.69078,1.61992,1.16867,1.34796,2.36341
2013-05-03,1.69078,1.61992,1.16867,1.34796,2.36341
2013-05-06,1.69078,1.61992,1.16867,1.34796,2.36341
2013-05-07,1.69078,1.61992,1.16867,1.34796,2.36341
2013-05-08,1.69078,1.61992,1.16867,1.34796,2.36341
2013-05-09,1.69078,1.61992,1.16867,1.34796,2.36341
2013-05-10,1.69078,1.61992,1.16867,1.34796,2.36341
2013-05-13,1.69078,1.61992,1.16867,1.34796,2.36341
2013-05-14,1.69078,1.61992,1.16867,1.34796,2.36341
2013-05-15,1.69078,1.61992,1.16867,1.34796,2.36341
2013-05-16,1.69078,1.61992,1.16867,1.34796,2.36341
2013-05-17,1.69078,1.61992,1.16867,1.34796,2.36341
2013-05-20,1.69078,1.61992,1.16867,1.34796,2.36341
2013-05-21,1.69078,1.61992,1.16867,1.34796,2.36341
2013-05-22,1.69078,1.61992,1.16867,1.34796,2.36341
2013-05-23,1.69078,1.61992,1.16867,1.34796,2.36341
2013-05-24,1.70036,1.62558,1.17181,1.35521,2.39018
2013-05-28,1.71896,1.63652,1.17789,1.36928,2.44247
2013-05-29,1.71896,1.63652,1.17789,1.36928,2.44247
2013-05-30,1.71896,1.63652,1.17789,1.36928,2.44247
2013-05-31,1.71896,1.63652,1.17789,1.36928,2.44247
2013-06-03,1.71896,1.63652,1.17789,1.36928,2.44247
2013-06-04,1.71896,1.63652,1.17789,1.36928,2.44247
2013-06-05,1.71896,1.63652,1.17789,1.36928,2.44247
2013-06-06,1.72405,1.63949,1.17937,1.37272,2.45694
2013-06-07,1.74763,1.65316,1.1862,1.38862,2.52414
2013-06-10,1.75056,1.65484,1.18705,1.3906,2.53261
2013-06-11,1.75056,1.65484,1.18705,1.3906,2.53261
2013-06-12,1.75056,1.65484,1.18705,1.3906,2.53261
2013-06-13,1.77407,1.66827,1.19344,1.40557,2.60063
2013-06-14,1.76236,1.66167,1.19028,1.39813,2.56632
2013-06-17,1.77943,1.67135,1.1949,1.40899,2.61602
2013-06-18,1.79406,1.67957,1.19884,1.41828,2.65903
2013-06-19,1.79365,1.67935,1.19873,1.41802,2.65782
2013-06-20,1.79365,1.67935,1.19873,1.41802,2.65782
2013-06-21,1.78389,1.67391,1.1964,1.41251,2.62889
2013-06-24,1.76616,1.66397,1.19215,1.40247,2.57664
2013-06-25,1.77908,1.67128,1.19527,1.4098,2.61433
2013-06-26,1.79504,1.68025,1.1991,1.41884,2.66123
2013-06-27,1.80263,1.68448,1.20091,1.42314,2.68376
2013-06-28,1.80516,1.68589,1.20151,1.42456,2.6913
2013-07-01,1.81631,1.69206,1.20417,1.43085,2.72453
2013-07-02,1.81707,1.69248,1.20435,1.43128,2.72681
2013-07-03,1.82441,1.69652,1.20609,1.43541,2.74885
2013-07-05,1.83413,1.70185,1.20838,1.44088,2.77814
2013-07-08,1.83413,1.70185,1.20838,1.44088,2.77814
2013-07-09,1.83413,1.70185,1.20838,1.44088,2.77814
2013-07-10,1.83413,1.70185,1.20838,1.44088,2.77814
2013-07-11,1.83413,1.70185,1.20838,1.44088,2.77814
2013-07-12,1.83413,1.70185,1.20838,1.44088,2.77814
2013-07-15,1.83413,1.70185,1.20838,1.44088,2.77814
2013-07-16,1.83413,1.70185,1.20838,1.44088,2.77814
2013-07-17,1.83413,1.70185,1.20838,1.44088,2.77814
2013-07-18,1.83413,1.70185,1.20838,1.44088,2.77814
2013-07-19,1.83413,1.70185,1.20838,1.44088,2.77814
2013-07-22,1.83175,1.70055,1.20764,1.4391,2.77092
2013-07-23,1.81828,1.6932,1.20342,1.42906,2.73018
2013-07-24,1.82416,1.69643,1.20527,1.43344,2.74782
2013-07-25,1.83567,1.70274,1.20888,1.44203,2.78249
2013-07-26,1.84546,1.70807,1.21194,1.44933,2.81219
2013-07-29,1.84087,1.70558,1.21051,1.4459,2.79818
2013-07-30,1.84087,1.70558,1.21051,1.4459,2.79818
2013-07-31,1.84087,1.70558,1.21051,1.4459,2.79818
2013-08-01,1.84087,1.70558,1.21051,1.4459,2.79818
2013-08-02,1.84087,1.70558,1.21051,1.4459,2.79818
2013-08-05,1.84087,1.70558,1.21051,1.4459,2.79818
2013-08-06,1.84087,1.70558,1.21051,1.4459,2.79818
2013-08-07,1.84087,1.70558,1.21051,1.4459,2.79818
2013-08-08,1.84087,1.70558,1.21051,1.4459,2.79818
2013-08-09,1.84087,1.70558,1.21051,1.4459,2.79818
2013-08-12,1.84087,1.70558,1.21051,1.4459,2.79818
2013-08-13,1.84087,1.70558,1.21051,1.4459,2.79818
2013-08-14,1.84087,1.70558,1.21051,1.4459,2.79818
2013-08-15,1.84087,1.70558,1.21051,1.4459,2.79818
2013-08-16,1.83897,1.70456,1.20989,1.44443,2.79243
2013-08-19,1.8358,1.70283,1.20885,1.44195,2.7828
2013-08-20,1.84384,1.70721,1.21148,1.44823,2.80718
2013-08-21,1.83751,1.70378,1.20941,1.44328,2.78789
2013-08-22,1.85554,1.71359,1.21531,1.45737,2.8426
2013-08-23,1.86797,1.72028,1.21936,1.46707,2.88067
2013-08-26,1.86894,1.72081,1.21968,1.46783,2.88368
2013-08-27,1.83069,1.70034,1.20727,1.43796,2.76564
2013-08-28,1.83775,1.7042,1.20958,1.44348,2.78698
2013-08-29,1.85067,1.71123,1.21381,1.45356,2.82615
2013-08-30,1.85169,1.71178,1.21414,1.45436,2.82927
2013-09-03,1.85169,1.71178,1.21414,1.45436,2.82927
2013-09-04,1.85169,1.71178,1.21414,1.45436,2.82927
2013-09-05,1.85169,1.71178,1.21414,1.45436,2.82927
2013-09-06,1.85169,1.71178,1.21414,1.45436,2.82927
2013-09-09,1.85169,1.71178,1.21414,1.45436,2.82927
2013-09-10,1.85169,1.71178,1.21414,1.45436,2.82927
2013-09-11,1.85169,1.71178,1.21414,1.45436,2.82927
2013-09-12,1.85169,1.71178,1.21414,1.45436,2.82927
2013-09-13,1.85169,1.71178,1.21414,1.45436,2.82927
2013-09-16,1.85169,1.71178,1.21414,1.45436,2.82927
2013-09-17,1.85169,1.71178,1.21414,1.45436,2.82927
2013-09-18,1.85169,1.71178,1.21414,1.45436,2.82927
2013-09-19,1.85169,1.71178,1.21414,1.45436,2.82927
2013-09-20,1.85169,1.71178,1.21414,1.45436,2.82927
2013-09-23,1.85169,1.71178,1.21414,1.45436,2.82927
2013-09-24,1.85169,1.71178,1.21414,1.45436,2.82927
2013-09-25,1.85169,1.71178,1.21414,1.45436,2.82927
2013-09-26,1.85757,1.71495,1.21616,1.45898,2.84724
2013-09-27,1.85522,1.71369,1.21536,1.45713,2.84004
2013-09-30,1.83506,1.70282,1.20842,1.4413,2.77832
2013-10-01,1.83506,1.70282,1.20842,1.4413,2.77832
2013-10-02,1.83506,1.70282,1.20842,1.4413,2.77832
2013-10-03,1.83506,1.70282,1.20842,1.4413,2.77832
2013-10-04,1.83506,1.70282,1.20842,1.4413,2.77832
2013-10-07,1.83506,1.70282,1.20842,1.4413,2.77832
2013-10-08,1.83506,1.70282,1.20842,1.4413,2.77832
2013-10-09,1.82419,1.6969,1.20525,1.43372,2.74541
2013-10-10,1.86282,1.71808,1.21657,1.46067,2.86168
2013-10-11,1.87751,1.72596,1.22083,1.4709,2.90681
2013-10-14,1.86497,1.71928,1.21721,1.46217,2.86797
2013-10-15,1.86497,1.71928,1.21721,1.46217,2.86797
2013-10-16,1.86497,1.71928,1.21721,1.46217,2.86797
2013-10-17,1.86497,1.71928,1.21721,1.46217,2.86797
2013-10-18,1.86497,1.71928,1.21721,1.46217,2.86797
2013-10-21,1.86497,1.71928,1.21721,1.46217,2.86797
2013-10-22,1.86497,1.71928,1.21721,1.46217,2.86797
2013-10-23,1.86497,1.71928,1.21721,1.46217,2.86797
2013-10-24,1.86497,1.71928,1.21721,1.46217,2.86797
2013-10-25,1.86497,1.71928,1.21721,1.46217,2.86797
2013-10-28,1.86497,1.71928,1.21721,1.46217,2.86797
2013-10-29,1.86497,1.71928,1.21721,1.46217,2.86797
2013-10-30,1.86497,1.71928,1.21721,1.46217,2.86797
2013-10-31,1.86497,1.71928,1.21721,1.46217,2.86797
2013-11-01,1.86497,1.71928,1.21721,1.46217,2.86797
2013-11-04,1.86497,1.71928,1.21721,1.46217,2.86797
2013-11-05,1.86497,1.71928,1.21721,1.46217,2.86797
2013-11-06,1.86497,1.71928,1.21721,1.46217,2.86797
2013-11-07,1.86497,1.71928,1.21721,1.46217,2.86797
2013-11-08,1.88251,1.72869,1.22251,1.4749,2.92192
2013-11-11,1.87955,1.72711,1.22162,1.47275,2.91272
2013-11-12,1.87291,1.72358,1.21962,1.46794,2.89215
2013-11-13,1.87291,1.72358,1.21962,1.46794,2.89215
2013-11-14,1.87291,1.72358,1.21962,1.46794,2.89215
2013-11-15,1.87291,1.72358,1.21962,1.46794,2.89215
2013-11-18,1.87291,1.72358,1.21962,1.46794,2.89215
2013-11-19,1.87291,1.72358,1.21962,1.46794,2.89215
2013-11-20,1.87291,1.72358,1.21962,1.46794,2.89215
2013-11-21,1.88347,1.72922,1.22292,1.47588,2.92477
2013-11-22,1.89362,1.73461,1.22608,1.48351,2.95628
2013-11-25,1.89943,1.73768,1.22789,1.48788,2.97444
2013-11-26,1.89943,1.73768,1.22789,1.48788,2.97444
2013-11-27,1.89943,1.73768,1.22789,1.48788,2.97444
2013-11-29,1.89943,1.73768,1.22789,1.48788,2.97444
2013-12-02,1.89943,1.73768,1.22789,1.48788,2.97444
2013-12-03,1.89943,1.73768,1.22789,1.48788,2.97444
2013-12-04,1.89943,1.73768,1.22789,1.48788,2.97444
2013-12-05,1.89943,1.73768,1.22789,1.48788,2.97444
2013-12-06,1.89943,1.73768,1.22789,1.48788,2.97444
2013-12-09,1.89943,1.73768,1.22789,1.48788,2.97444
2013-12-10,1.89943,1.73768,1.22789,1.48788,2.97444
2013-12-11,1.89943,1.73768,1.22789,1.48788,2.97444
2013-12-12,1.89291,1.73424,1.22551,1.48277,2.95402
2013-12-13,1.89046,1.73295,1.22462,1.48085,2.94637
2013-12-16,1.90093,1.73849,1.22844,1.48905,2.97901
2013-12-17,1.89715,1.7365,1.22706,1.48609,2.96714
2013-12-18,1.9192,1.74812,1.23511,1.50336,3.03614
2013-12-19,1.91386,1.74534,1.23317,1.49918,3.01922
2013-12-20,1.93335,1.75552,1.24025,1.51444,3.08071
2013-12-23,1.95368,1.76604,1.24761,1.53037,3.14553
2013-12-24,1.95315,1.76577,1.24742,1.52996,3.14383
2013-12-26,1.95315,1.76577,1.24742,1.52996,3.14383
2013-12-27,1.95315,1.76577,1.24742,1.52996,3.14383
2013-12-30,1.95315,1.76577,1.24742,1.52996,3.14383
2013-12-31,1.95315,1.76577,1.24742,1.52996,3.14383
2014-01-02,1.95315,1.76577,1.24742,1.52996,3.14383
2014-01-03,1.95315,1.76577,1.24742,1.52996,3.14383
2014-01-06,1.94474,1.76146,1.24422,1.52337,3.11675
2014-01-07,1.96277,1.77073,1.25109,1.53749,3.17452
2014-01-08,1.96705,1.77291,1.25271,1.54084,3.18837
2014-01-09,1.97304,1.77596,1.25499,1.54554,3.20781
2014-01-10,1.97304,1.77596,1.25499,1.54554,3.20781
2014-01-13,1.97304,1.77596,1.25499,1.54554,3.20781
2014-01-14,2.00291,1.7911,1.26489,1.56893,3.30492
2014-01-15,2.01936,1.79931,1.2703,1.58182,3.35921
2014-01-16,2.0163,1.79779,1.2693,1.57942,3.34902
2014-01-17,2.0163,1.79779,1.2693,1.57942,3.34902
2014-01-21,2.0163,1.79779,1.2693,1.57942,3.34902
2014-01-22,2.0163,1.79779,1.2693,1.57942,3.34902
2014-01-23,2.0163,1.79779,1.2693,1.57942,3.34902
2014-01-24,2.0163,1.79779,1.2693,1.57942,3.34902
2014-01-27,1.99508,1.78727,1.26277,1.56318,3.27854
2014-01-28,1.99392,1.78669,1.26241,1.56229,3.27473
2014-01-29,1.97255,1.77597,1.2558,1.54592,3.20454
2014-01-30,2.00902,1.79446,1.26715,1.57386,3.32302
2014-01-31,2.00368,1.7918,1.2655,1.56977,3.30535
2014-02-03,1.99966,1.7898,1.26426,1.56669,3.29208
2014-02-04,2.00361,1.79177,1.26521,1.56904,3.30511
2014-02-05,1.99842,1.78918,1.26396,1.56595,3.28797
2014-02-06,2.00332,1.79163,1.26514,1.56887,3.3041
2014-02-07,2.00332,1.79163,1.26514,1.56887,3.3041
2014-02-10,2.00332,1.79163,1.26514,1.56887,3.3041
2014-02-11,2.00332,1.79163,1.26514,1.56887,3.3041
2014-02-12,2.00332,1.79163,1.26514,1.56887,3.3041
2014-02-13,2.00332,1.79163,1.26514,1.56887,3.3041
2014-02-14,2.00332,1.79163,1.26514,1.56887,3.3041
2014-02-18,2.00332,1.79163,1.26514,1.56887,3.3041
2014-02-19,2.00332,1.79163,1.26514,1.56887,3.3041
2014-02-20,2.00332,1.79163,1.26514,1.56887,3.3041
2014-02-21,2.00332,1.79163,1.26514,1.56887,3.3041
2014-02-24,2.00332,1.79163,1.26514,1.56887,3.3041
2014-02-25,2.00332,1.79163,1.26514,1.56887,3.3041
2014-02-26,2.00332,1.79163,1.26514,1.56887,3.3041
2014-02-27,2.00332,1.79163,1.26514,1.56887,3.3041
2014-02-28,2.00332,1.79163,1.26514,1.56887,3.3041
2014-03-03,2.00332,1.79163,1.26514,1.56887,3.3041
2014-03-04,2.00332,1.79163,1.26514,1.56887,3.3041
2014-03-05,2.00332,1.79163,1.26514,1.56887,3.3041
2014-03-06,2.00332,1.79163,1.26514,1.56887,3.3041
2014-03-07,2.00332,1.79163,1.26514,1.56887,3.3041
2014-03-10,2.00332,1.79163,1.26514,1.56887,3.3041
2014-03-11,2.00332,1.79163,1.26514,1.56887,3.3041
2014-03-12,2.00332,1.79163,1.26514,1.56887,3.3041
2014-03-13,2.00332,1.79163,1.26514,1.56887,3.3041
2014-03-14,1.99512,1.78754,1.26298,1.56351,3.27704
2014-03-17,2.01267,1.79634,1.26761,1.57499,3.3347
2014-03-18,2.03697,1.80841,1.274,1.59086,3.41522
2014-03-19,2.03662,1.80824,1.27391,1.59063,3.41407
2014-03-20,2.03662,1.80824,1.27391,1.59063,3.41407
2014-03-21,2.03662,1.80824,1.27391,1.59063,3.41407
2014-03-24,2.03662,1.80824,1.27391,1.59063,3.41407
2014-03-25,2.0317,1.80583,1.27276,1.58775,3.39758
2014-03-26,2.00554,1.79295,1.26661,1.57242,3.31005
2014-03-27,1.99429,1.78734,1.26395,1.56581,3.27292
2014-03-28,1.99819,1.78929,1.26488,1.56811,3.28573
2014-03-31,2.01242,1.79642,1.26825,1.57648,3.33254
2014-04-01,2.04777,1.81398,1.2766,1.59724,3.44962
2014-04-02,2.05305,1.81656,1.27784,1.60033,3.4674
2014-04-03,2.03675,1.80862,1.27403,1.5908,3.41235
2014-04-04,1.98258,1.78202,1.26133,1.55908,3.23083
2014-04-07,1.96376,1.77253,1.25685,1.54799,3.16949
2014-04-08,1.98189,1.78176,1.2612,1.5587,3.22802
2014-04-09,2.01586,1.79891,1.2693,1.57873,3.33868
2014-04-10,2.01601,1.79898,1.26933,1.57882,3.33915
2014-04-11,2.01601,1.79898,1.26933,1.57882,3.33915
2014-04-14,2.01601,1.79898,1.26933,1.57882,3.33915
2014-04-15,2.01601,1.79898,1.26933,1.57882,3.33915
2014-04-16,2.01601,1.79898,1.26933,1.57882,3.33915
2014-04-17,2.01601,1.79898,1.26933,1.57882,3.33915
2014-04-21,2.01601,1.79898,1.26933,1.57882,3.33915
2014-04-22,2.01601,1.79898,1.26933,1.57882,3.33915
2014-04-23,2.01601,1.79898,1.26933,1.57882,3.33915
2014-04-24,2.01601,1.79898,1.26933,1.57882,3.33915
2014-04-25,2.01601,1.79898,1.26933,1.57882,3.33915
2014-04-28,2.01601,1.79898,1.26933,1.57882,3.33915
2014-04-29,2.01601,1.79898,1.26933,1.57882,3.33915
2014-04-30,2.01601,1.79898,1.26933,1.57882,3.33915
2014-05-01,2.01601,1.79898,1.26933,1.57882,3.33915
2014-05-02,2.01601,1.79898,1.26933,1.57882,3.33915
2014-05-05,2.01601,1.79898,1.26933,1.57882,3.33915
2014-05-06,2.01601,1.79898,1.26933,1.57882,3.33915
2014-05-07,2.01601,1.79898,1.26933,1.57882,3.33915
2014-05-08,2.01601,1.79898,1.26933,1.57882,3.33915
2014-05-09,2.02409,1.80299,1.27101,1.58298,3.36595
2014-05-12,2.03497,1.80836,1.27325,1.58858,3.40211
2014-05-13,2.03497,1.80836,1.27325,1.58858,3.40211
2014-05-14,2.03497,1.80836,1.27325,1.58858,3.40211
2014-05-15,2.03497,1.80836,1.27325,1.58858,3.40211
2014-05-16,2.03497,1.80836,1.27325,1.58858,3.40211
2014-05-19,2.03497,1.80836,1.27325,1.58858,3.40211
2014-05-20,2.03497,1.80836,1.27325,1.58858,3.40211
2014-05-21,2.03497,1.80836,1.27325,1.58858,3.40211
2014-05-22,2.03497,1.80836,1.27325,1.58858,3.40211
2014-05-23,2.03497,1.80836,1.27325,1.58858,3.40211
2014-05-27,2.03497,1.80836,1.27325,1.58858,3.40211
2014-05-28,2.03497,1.80836,1.27325,1.58858,3.40211
2014-05-29,2.03497,1.80836,1.27325,1.58858,3.40211
2014-05-30,2.03497,1.80836,1.27325,1.58858,3.40211
2014-06-02,2.03497,1.80836,1.27325,1.58858,3.40211
2014-06-03,2.03497,1.80836,1.27325,1.58858,3.40211
2014-06-04,2.03497,1.80836,1.27325,1.58858,3.40211
2014-06-05,2.03497,1.80836,1.27325,1.58858,3.40211
2014-06-06,2.03497,1.80836,1.27325,1.58858,3.40211
2014-06-09,2.03497,1.80836,1.27325,1.58858,3.40211
2014-06-10,2.03497,1.80836,1.27325,1.58858,3.40211
2014-06-11,2.03497,1.80836,1.27325,1.58858,3.40211
2014-06-12,2.03497,1.80836,1.27325,1.58858,3.40211
2014-06-13,2.03065,1.80624,1.27181,1.58521,3.38767
2014-06-16,2.03241,1.80711,1.2724,1.58658,3.39355
2014-06-17,2.03351,1.80765,1.27276,1.58744,3.39722
2014-06-18,2.03469,1.80823,1.27316,1.58836,3.40117
2014-06-19,2.03469,1.80823,1.27316,1.58836,3.40117
2014-06-20,2.03469,1.80823,1.27316,1.58836,3.40117
2014-06-23,2.03469,1.80823,1.27316,1.58836,3.40117
2014-06-24,2.03469,1.80823,1.27316,1.58836,3.40117
2014-06-25,2.03469,1.80823,1.27316,1.58836,3.40117
2014-06-26,2.03469,1.80823,1.27316,1.58836,3.40117
2014-06-27,2.03469,1.80823,1.27316,1.58836,3.40117
2014-06-30,2.03469,1.80823,1.27316,1.58836,3.40117
2014-07-01,2.03469,1.80823,1.27316,1.58836,3.40117
2014-07-02,2.03469,1.80823,1.27316,1.58836,3.40117
2014-07-03,2.03469,1.80823,1.27316,1.58836,3.40117
2014-07-07,2.03469,1.80823,1.27316,1.58836,3.40117
2014-07-08,2.03469,1.80823,1.27316,1.58836,3.40117
2014-07-09,2.03469,1.80823,1.27316,1.58836,3.40117
2014-07-10,2.03469,1.80823,1.27316,1.58836,3.40117
2014-07-11,2.03469,1.80823,1.27316,1.58836,3.40117
2014-07-14,2.03469,1.80823,1.27316,1.58836,3.40117
2014-07-15,2.03469,1.80823,1.27316,1.58836,3.40117
2014-07-16,2.03469,1.80823,1.27316,1.58836,3.40117
2014-07-17,2.03469,1.80823,1.27316,1.58836,3.40117
2014-07-18,2.03469,1.80823,1.27316,1.58836,3.40117
2014-07-21,2.03469,1.80823,1.27316,1.58836,3.40117
2014-07-22,2.03469,1.80823,1.27316,1.58836,3.40117
2014-07-23,2.03469,1.80823,1.27316,1.58836,3.40117
2014-07-24,2.03469,1.80823,1.27316,1.58836,3.40117
2014-07-25,2.03469,1.80823,1.27316,1.58836,3.40117
2014-07-28,2.03469,1.80823,1.27316,1.58836,3.40117
2014-07-29,2.03469,1.80823,1.27316,1.58836,3.40117
2014-07-30,2.03469,1.80823,1.27316,1.58836,3.40117
2014-07-31,2.03469,1.80823,1.27316,1.58836,3.40117
2014-08-01,2.03024,1.80604,1.27177,1.58489,3.3863
2014-08-04,2.04418,1.81291,1.27613,1.59577,3.4328
2014-08-05,2.02853,1.80525,1.27125,1.58355,3.38021
2014-08-06,2.02703,1.80451,1.27078,1.58238,3.37522
2014-08-07,2.02059,1.80133,1.26876,1.57736,3.35379
2014-08-08,2.03518,1.80855,1.27334,1.58874,3.4022
2014-08-11,2.04719,1.81445,1.2771,1.59811,3.44235
2014-08-12,2.04445,1.81311,1.27624,1.59597,3.43314
2014-08-13,2.04445,1.81311,1.27624,1.59597,3.43314
2014-08-14,2.04445,1.81311,1.27624,1.59597,3.43314
2014-08-15,2.04445,1.81311,1.27624,1.59597,3.43314
2014-08-18,2.04445,1.81311,1.27624,1.59597,3.43314
2014-08-19,2.04445,1.81311,1.27624,1.59597,3.43314
2014-08-20,2.04445,1.81311,1.27624,1.59597,3.43314
2014-08-21,2.04445,1.81311,1.27624,1.59597,3.43314
2014-08-22,2.04445,1.81311,1.27624,1.59597,3.43314
2014-08-25,2.04445,1.81311,1.27624,1.59597,3.43314
2014-08-26,2.04445,1.81311,1.27624,1.59597,3.43314
2014-08-27,2.04445,1.81311,1.27624,1.59597,3.43314
2014-08-28,2.04445,1.81311,1.27624,1.59597,3.43314
2014-08-29,2.04445,1.81311,1.27624,1.59597,3.43314
2014-09-02,2.04445,1.81311,1.27624,1.59597,3.43314
2014-09-03,2.04445,1.81311,1.27624,1.59597,3.43314
2014-09-04,2.04445,1.81311,1.27624,1.59597,3.43314
2014-09-05,2.04445,1.81311,1.27624,1.59597,3.43314
2014-09-08,2.04445,1.81311,1.27624,1.59597,3.43314
2014-09-09,2.04445,1.81311,1.27624,1.59597,3.43314
2014-09-10,2.04445,1.81311,1.27624,1.59597,3.43314
2014-09-11,2.04445,1.81311,1.27624,1.59597,3.43314
2014-09-12,2.04445,1.81311,1.27624,1.59597,3.43314
2014-09-15,2.04445,1.81311,1.27624,1.59597,3.43314
2014-09-16,2.06882,1.82504,1.28488,1.615,3.515
2014-09-17,2.07194,1.82655,1.28598,1.61744,3.52561
2014-09-18,2.07715,1.82906,1.28782,1.6215,3.54334
2014-09-19,2.07715,1.82906,1.28782,1.6215,3.54334
2014-09-22,2.07715,1.82906,1.28782,1.6215,3.54334
2014-09-23,2.07715,1.82906,1.28782,1.6215,3.54334
2014-09-24,2.09648,1.83837,1.29423,1.63659,3.60928
2014-09-25,2.08893,1.83476,1.29173,1.6307,3.58327
2014-09-26,2.08893,1.83476,1.29173,1.6307,3.58327
2014-09-29,2.08893,1.83476,1.29173,1.6307,3.58327
2014-09-30,2.08893,1.83476,1.29173,1.6307,3.58327
2014-10-01,2.08893,1.83476,1.29173,1.6307,3.58327
2014-10-02,2.08831,1.83447,1.29157,1.63028,3.58116
2014-10-03,2.10893,1.84434,1.29713,1.64432,3.65189
2014-10-06,2.11432,1.8469,1.29857,1.64798,3.67055
2014-10-07,2.11432,1.8469,1.29857,1.64798,3.67055
2014-10-08,2.1524,1.86491,1.30823,1.67249,3.80276
2014-10-09,2.11764,1.84876,1.29951,1.65018,3.67992
2014-10-10,2.06473,1.82377,1.2861,1.61614,3.49604
2014-10-13,2.03237,1.8081,1.27778,1.59523,3.38647
2014-10-14,2.03259,1.80821,1.27784,1.59537,3.3872
2014-10-15,2.01947,1.80176,1.27443,1.58687,3.34348
2014-10-16,2.00679,1.79548,1.27113,1.57865,3.30149
2014-10-17,2.03201,1.80804,1.27773,1.59503,3.38447
2014-10-20,2.03201,1.80804,1.27773,1.59503,3.38447
2014-10-21,2.03201,1.80804,1.27773,1.59503,3.38447
2014-10-22,2.03201,1.80804,1.27773,1.59503,3.38447
2014-10-23,2.03201,1.80804,1.27773,1.59503,3.38447
2014-10-24,2.03201,1.80804,1.27773,1.59503,3.38447
2014-10-27,2.03201,1.80804,1.27773,1.59503,3.38447
2014-10-28,2.03201,1.80804,1.27773,1.59503,3.38447
2014-10-29,2.03201,1.80804,1.27773,1.59503,3.38447
2014-10-30,2.03201,1.80804,1.27773,1.59503,3.38447
2014-10-31,2.03201,1.80804,1.27773,1.59503,3.38447
2014-11-03,2.03201,1.80804,1.27773,1.59503,3.38447
2014-11-04,2.03201,1.80804,1.27773,1.59503,3.38447
2014-11-05,2.03201,1.80804,1.27773,1.59503,3.38447
2014-11-06,2.03201,1.80804,1.27773,1.59503,3.38447
2014-11-07,2.03201,1.80804,1.27773,1.59503,3.38447
2014-11-10,2.03201,1.80804,1.27773,1.59503,3.38447
2014-11-11,2.03201,1.80804,1.27773,1.59503,3.38447
2014-11-12,2.03201,1.80804,1.27773,1.59503,3.38447
2014-11-13,2.03201,1.80804,1.27773,1.59503,3.38447
2014-11-14,2.03201,1.80804,1.27773,1.59503,3.38447
2014-11-17,2.03201,1.80804,1.27773,1.59503,3.38447
2014-11-18,2.03201,1.80804,1.27773,1.59503,3.38447
2014-11-19,2.03201,1.80804,1.27773,1.59503,3.38447
2014-11-20,2.03201,1.80804,1.27773,1.59503,3.38447
2014-11-21,2.03201,1.80804,1.27773,1.59503,3.38447
2014-11-24,2.03201,1.80804,1.27773,1.59503,3.38447
2014-11-25,2.03201,1.80804,1.27773,1.59503,3.38447
2014-11-26,2.03201,1.80804,1.27773,1.59503,3.38447
2014-11-28,2.03201,1.80804,1.27773,1.59503,3.38447
2014-12-01,2.03201,1.80804,1.27773,1.59503,3.38447
2014-12-02,2.03201,1.80804,1.27773,1.59503,3.38447
2014-12-03,2.03201,1.80804,1.27773,1.59503,3.38447
2014-12-04,2.03201,1.80804,1.27773,1.59503,3.38447
2014-12-05,2.03201,1.80804,1.27773,1.59503,3.38447
2014-12-08,2.03201,1.80804,1.27773,1.59503,3.38447
2014-12-09,2.06144,1.82252,1.28735,1.61812,3.48249
2014-12-10,2.02903,1.8068,1.27682,1.59269,3.373
2014-12-11,2.03866,1.81155,1.27998,1.60024,3.405
2014-12-12,2.01646,1.80066,1.27273,1.58282,3.33087
2014-12-15,1.99565,1.79034,1.26589,1.56648,3.26209
2014-12-16,1.96363,1.77429,1.25532,1.54135,3.15743
2014-12-17,1.99938,1.7925,1.26721,1.56941,3.27238
2014-12-18,2.0475,1.81657,1.28308,1.60718,3.4299
2014-12-19,2.04858,1.81709,1.28343,1.60803,3.43351
2014-12-22,2.04858,1.81709,1.28343,1.60803,3.43351
2014-12-23,2.04858,1.81709,1.28343,1.60803,3.43351
2014-12-24,2.04858,1.81709,1.28343,1.60803,3.43351
2014-12-26,2.04858,1.81709,1.28343,1.60803,3.43351
2014-12-29,2.04858,1.81709,1.28343,1.60803,3.43351
2014-12-30,2.04858,1.81709,1.28343,1.60803,3.43351
2014-12-31,2.04858,1.81709,1.28343,1.60803,3.43351
2015-01-02,2.03137,1.80869,1.27883,1.5965,3.37584
2015-01-05,2.00157,1.79403,1.27083,1.57651,3.2768
2015-01-06,1.97473,1.78062,1.26356,1.55847,3.18893
2015-01-07,2.00019,1.79351,1.27051,1.57562,3.27114
2015-01-08,2.03847,1.81265,1.28088,1.60136,3.39636
2015-01-09,2.04377,1.81524,1.2823,1.6049,3.414
2015-01-12,2.04377,1.81524,1.2823,1.6049,3.414
2015-01-13,2.04377,1.81524,1.2823,1.6049,3.414
2015-01-14,2.04377,1.81524,1.2823,1.6049,3.414
2015-01-15,2.0069,1.7972,1.27473,1.58594,3.29082
2015-01-16,2.03046,1.80894,1.27963,1.59814,3.36809
2015-01-20,2.04657,1.81688,1.28295,1.60644,3.42155
2015-01-21,2.03951,1.81343,1.2815,1.60281,3.39793
2015-01-22,2.03951,1.81343,1.2815,1.60281,3.39793
2015-01-23,2.03951,1.81343,1.2815,1.60281,3.39793
2015-01-26,2.03951,1.81343,1.2815,1.60281,3.39793
2015-01-27,2.03951,1.81343,1.2815,1.60281,3.39793
2015-01-28,1.99597,1.79208,1.27293,1.58135,3.25285
2015-01-29,2.01515,1.80169,1.27676,1.59089,3.31538
2015-01-30,1.99953,1.79394,1.27366,1.58315,3.26397
2015-02-02,2.01693,1.80264,1.27713,1.59179,3.32079
2015-02-03,2.03632,1.81225,1.28098,1.60139,3.38462
2015-02-04,2.02699,1.80768,1.27914,1.59679,3.35363
2015-02-05,2.02699,1.80768,1.27914,1.59679,3.35363
2015-02-06,2.02699,1.80768,1.27914,1.59679,3.35363
2015-02-09,2.02699,1.80768,1.27914,1.59679,3.35363
2015-02-10,2.02699,1.80768,1.27914,1.59679,3.35363
2015-02-11,2.02699,1.80768,1.27914,1.59679,3.35363
2015-02-12,2.02699,1.80768,1.27914,1.59679,3.35363
2015-02-13,2.02699,1.80768,1.27914,1.59679,3.35363
2015-02-17,2.02699,1.80768,1.27914,1.59679,3.35363
2015-02-18,2.02699,1.80768,1.27914,1.59679,3.35363
2015-02-19,2.02699,1.80768,1.27914,1.59679,3.35363
2015-02-20,2.02699,1.80768,1.27914,1.59679,3.35363
2015-02-23,2.02699,1.80768,1.27914,1.59679,3.35363
2015-02-24,2.02699,1.80768,1.27914,1.59679,3.35363
2015-02-25,2.02699,1.80768,1.27914,1.59679,3.35363
2015-02-26,2.02699,1.80768,1.27914,1.59679,3.35363
2015-02-27,2.02699,1.80768,1.27914,1.59679,3.35363
2015-03-02,2.02699,1.80768,1.27914,1.59679,3.35363
2015-03-03,2.02699,1.80768,1.27914,1.59679,3.35363
2015-03-04,2.02699,1.80768,1.27914,1.59679,3.35363
2015-03-05,2.02699,1.80768,1.27914,1.59679,3.35363
2015-03-06,2.02699,1.80768,1.27914,1.59679,3.35363
2015-03-09,2.02768,1.80801,1.27935,1.59731,3.35589
2015-03-10,1.99003,1.78945,1.26771,1.56824,3.23127
2015-03-11,1.97855,1.78368,1.26413,1.55937,3.19398
2015-03-12,1.99154,1.79024,1.26819,1.56941,3.23592
2015-03-13,1.98288,1.78589,1.26549,1.56272,3.20778
2015-03-16,2.00848,1.7988,1.2735,1.5825,3.29061
2015-03-17,2.01168,1.8004,1.27449,1.58497,3.30109
2015-03-18,2.00521,1.79718,1.27249,1.57998,3.27988
2015-03-19,2.00521,1.79718,1.27249,1.57998,3.27988
2015-03-20,2.00521,1.79718,1.27249,1.57998,3.27988
2015-03-23,2.00521,1.79718,1.27249,1.57998,3.27988
2015-03-24,2.00521,1.79718,1.27249,1.57998,3.27988
2015-03-25,2.00521,1.79718,1.27249,1.57998,3.27988
2015-03-26,2.01398,1.80156,1.27485,1.58585,3.30858
2015-03-27,2.02203,1.80555,1.27702,1.59123,3.33502
2015-03-30,2.03328,1.81112,1.28003,1.59875,3.37212
2015-03-31,2.03328,1.81112,1.28003,1.59875,3.37212
2015-04-01,2.03328,1.81112,1.28003,1.59875,3.37212
2015-04-02,2.03328,1.81112,1.28003,1.59875,3.37212
2015-04-06,2.03328,1.81112,1.28003,1.59875,3.37212
2015-04-07,2.03328,1.81112,1.28003,1.59875,3.37212
2015-04-08,2.03328,1.81112,1.28003,1.59875,3.37212
2015-04-09,2.03328,1.81112,1.28003,1.59875,3.37212
2015-04-10,2.03328,1.81112,1.28003,1.59875,3.37212
2015-04-13,2.03328,1.81112,1.28003,1.59875,3.37212
2015-04-14,2.03328,1.81112,1.28003,1.59875,3.37212
2015-04-15,2.03328,1.81112,1.28003,1.59875,3.37212
2015-04-16,2.03328,1.81112,1.28003,1.59875,3.37212
2015-04-17,2.03328,1.81112,1.28003,1.59875,3.37212
2015-04-20,2.05248,1.82056,1.28559,1.61264,3.43581
2015-04-21,2.06126,1.82484,1.28812,1.61898,3.46519
2015-04-22,2.07251,1.8303,1.29136,1.62712,3.50303
2015-04-23,2.08033,1.83407,1.2936,1.63276,3.52947
2015-04-24,2.10122,1.84411,1.29957,1.64784,3.60034
2015-04-27,2.10122,1.84411,1.29957,1.64784,3.60034
2015-04-28,2.10122,1.84411,1.29957,1.64784,3.60034
2015-04-29,2.10122,1.84411,1.29957,1.64784,3.60034
2015-04-30,2.10122,1.84411,1.29957,1.64784,3.60034
2015-05-01,2.11961,1.85286,1.30427,1.65975,3.66335
2015-05-04,2.1231,1.85451,1.30516,1.66201,3.67544
2015-05-05,2.08851,1.83821,1.29638,1.63965,3.55565
2015-05-06,2.07412,1.83133,1.29269,1.63033,3.50668
2015-05-07,2.08656,1.83732,1.29589,1.6384,3.54874
2015-05-08,2.11261,1.84981,1.30257,1.65529,3.63733
2015-05-11,2.11291,1.84995,1.30264,1.65548,3.63838
2015-05-12,2.11291,1.84995,1.30264,1.65548,3.63838
2015-05-13,2.11291,1.84995,1.30264,1.65548,3.63838
2015-05-14,2.11291,1.84995,1.30264,1.65548,3.63838
2015-05-15,2.11291,1.84995,1.30264,1.65548,3.63838
2015-05-18,2.11291,1.84995,1.30264,1.65548,3.63838
2015-05-19,2.11291,1.84995,1.30264,1.65548,3.63838
2015-05-20,2.11291,1.84995,1.30264,1.65548,3.63838
2015-05-21,2.11291,1.84995,1.30264,1.65548,3.63838
2015-05-22,2.11291,1.84995,1.30264,1.65548,3.63838
2015-05-26,2.11291,1.84995,1.30264,1.65548,3.63838
2015-05-27,2.13943,1.8625,1.3101,1.67442,3.7297
2015-05-28,2.13461,1.86025,1.30875,1.67098,3.71289
2015-05-29,2.12188,1.85429,1.3052,1.6619,3.66863
2015-06-01,2.12902,1.85765,1.3072,1.667,3.69329
2015-06-02,2.12227,1.85448,1.30531,1.66218,3.66988
2015-06-03,2.12863,1.85748,1.30709,1.66672,3.69188
2015-06-04,2.11244,1.84987,1.30256,1.65516,3.63571
2015-06-05,2.10742,1.84749,1.30115,1.65158,3.61845
2015-06-08,2.08602,1.83734,1.29512,1.63628,3.54495
2015-06-09,2.08255,1.83568,1.29414,1.6338,3.53316
2015-06-10,2.11109,1.84938,1.30223,1.65422,3.62999
2015-06-11,2.11716,1.85226,1.30393,1.65856,3.65088
2015-06-12,2.11716,1.85226,1.30393,1.65856,3.65088
2015-06-15,2.11716,1.85226,1.30393,1.65856,3.65088
2015-06-16,2.11716,1.85226,1.30393,1.65856,3.65088
2015-06-17,2.11716,1.85226,1.30393,1.65856,3.65088
2015-06-18,2.11716,1.85226,1.30393,1.65856,3.65088
2015-06-19,2.11716,1.85226,1.30393,1.65856,3.65088
2015-06-22,2.11716,1.85226,1.30393,1.65856,3.65088
2015-06-23,2.11716,1.85226,1.30393,1.65856,3.65088
2015-06-24,2.11716,1.85226,1.30393,1.65856,3.65088
2015-06-25,2.11716,1.85226,1.30393,1.65856,3.65088
2015-06-26,2.11716,1.85226,1.30393,1.65856,3.65088
2015-06-29,2.08927,1.83908,1.29565,1.63747,3.5547
2015-06-30,2.09672,1.84265,1.29787,1.6431,3.58002
2015-07-01,2.11336,1.85059,1.30285,1.65569,3.63687
2015-07-02,2.11395,1.85086,1.30302,1.65613,3.63889
2015-07-06,2.10905,1.84855,1.30156,1.65243,3.62203
2015-07-07,2.11434,1.85105,1.30314,1.65643,3.6402
2015-07-08,2.09821,1.84343,1.29834,1.64424,3.58466
2015-07-09,2.06849,1.82926,1.29086,1.62528,3.48309
2015-07-10,2.10009,1.84454,1.29888,1.64549,3.58953
2015-07-13,2.13696,1.86209,1.30816,1.66899,3.71557
2015-07-14,2.13882,1.86296,1.30862,1.67017,3.72202
2015-07-15,2.13882,1.86296,1.30862,1.67017,3.72202
2015-07-16,2.13882,1.86296,1.30862,1.67017,3.72202
2015-07-17,2.13882,1.86296,1.30862,1.67017,3.72202
2015-07-20,2.13882,1.86296,1.30862,1.67017,3.72202
2015-07-21,2.13882,1.86296,1.30862,1.67017,3.72202
2015-07-22,2.13882,1.86296,1.30862,1.67017,3.72202
2015-07-23,2.13882,1.86296,1.30862,1.67017,3.72202
2015-07-24,2.13882,1.86296,1.30862,1.67017,3.72202
2015-07-27,2.13214,1.85984,1.30698,1.66599,3.69878
2015-07-28,2.15052,1.86846,1.3115,1.67751,3.76256
2015-07-29,2.15865,1.87224,1.31349,1.68259,3.791
2015-07-30,2.15254,1.86941,1.312,1.67878,3.76955
2015-07-31,2.15254,1.86941,1.312,1.67878,3.76955
2015-08-03,2.15254,1.86941,1.312,1.67878,3.76955
2015-08-04,2.15254,1.86941,1.312,1.67878,3.76955
2015-08-05,2.15254,1.86941,1.312,1.67878,3.76955
2015-08-06,2.15254,1.86941,1.312,1.67878,3.76955
2015-08-07,2.15254,1.86941,1.312,1.67878,3.76955
2015-08-10,2.15254,1.86941,1.312,1.67878,3.76955
2015-08-11,2.15254,1.86941,1.312,1.67878,3.76955
2015-08-12,2.15254,1.86941,1.312,1.67878,3.76955
2015-08-13,2.15254,1.86941,1.312,1.67878,3.76955
2015-08-14,2.15254,1.86941,1.312,1.67878,3.76955
2015-08-17,2.15254,1.86941,1.312,1.67878,3.76955
2015-08-18,2.15254,1.86941,1.312,1.67878,3.76955
2015-08-19,2.15254,1.86941,1.312,1.67878,3.76955
2015-08-20,2.15254,1.86941,1.312,1.67878,3.76955
2015-08-21,2.08686,1.8389,1.29812,1.64326,3.53951
2015-08-24,2.00657,1.80042,1.28081,1.59943,3.26714
2015-08-25,1.99903,1.79667,1.27914,1.59526,3.24258
2015-08-26,2.0997,1.84703,1.30147,1.65096,3.56918
2015-08-27,2.15289,1.87236,1.3129,1.67996,3.75002
2015-08-28,2.14041,1.86656,1.31026,1.6732,3.70653
2015-08-31,2.14041,1.86656,1.31026,1.6732,3.70653
2015-09-01,2.14041,1.86656,1.31026,1.6732,3.70653
2015-09-02,2.14041,1.86656,1.31026,1.6732,3.70653
2015-09-03,2.14041,1.86656,1.31026,1.6732,3.70653
2015-09-04,2.14041,1.86656,1.31026,1.6732,3.70653
2015-09-08,2.14041,1.86656,1.31026,1.6732,3.70653
2015-09-09,2.14041,1.86656,1.31026,1.6732,3.70653
2015-09-10,2.14041,1.86656,1.31026,1.6732,3.70653
2015-09-11,2.14041,1.86656,1.31026,1.6732,3.70653
2015-09-14,2.14041,1.86656,1.31026,1.6732,3.70653
2015-09-15,2.14041,1.86656,1.31026,1.6732,3.70653
2015-09-16,2.14041,1.86656,1.31026,1.6732,3.70653
2015-09-17,2.14041,1.86656,1.31026,1.6732,3.70653
2015-09-18,2.14041,1.86656,1.31026,1.6732,3.70653
2015-09-21,2.14041,1.86656,1.31026,1.6732,3.70653
2015-09-22,2.14041,1.86656,1.31026,1.6732,3.70653
2015-09-23,2.14041,1.86656,1.31026,1.6732,3.70653
2015-09-24,2.14041,1.86656,1.31026,1.6732,3.70653
2015-09-25,2.14041,1.86656,1.31026,1.6732,3.70653
2015-09-28,2.14041,1.86656,1.31026,1.6732,3.70653
2015-09-29,2.14041,1.86656,1.31026,1.6732,3.70653
2015-09-30,2.14041,1.86656,1.31026,1.6732,3.70653
2015-10-01,2.14041,1.86656,1.31026,1.6732,3.70653
2015-10-02,2.14041,1.86656,1.31026,1.6732,3.70653
2015-10-05,2.14041,1.86656,1.31026,1.6732,3.70653
2015-10-06,2.14041,1.86656,1.31026,1.6732,3.70653
2015-10-07,2.14041,1.86656,1.31026,1.6732,3.70653
2015-10-08,2.14041,1.86656,1.31026,1.6732,3.70653
2015-10-09,2.14041,1.86656,1.31026,1.6732,3.70653
2015-10-12,2.14041,1.86656,1.31026,1.6732,3.70653
2015-10-13,2.14041,1.86656,1.31026,1.6732,3.70653
2015-10-14,2.14041,1.86656,1.31026,1.6732,3.70653
2015-10-15,2.14041,1.86656,1.31026,1.6732,3.70653
2015-10-16,2.14041,1.86656,1.31026,1.6732,3.70653
2015-10-19,2.14041,1.86656,1.31026,1.6732,3.70653
2015-10-20,2.14041,1.86656,1.31026,1.6732,3.70653
2015-10-21,2.14041,1.86656,1.31026,1.6732,3.70653
2015-10-22,2.14041,1.86656,1.31026,1.6732,3.70653
2015-10-23,2.14041,1.86656,1.31026,1.6732,3.70653
2015-10-26,2.14041,1.86656,1.31026,1.6732,3.70653
2015-10-27,2.14041,1.86656,1.31026,1.6732,3.70653
2015-10-28,2.14041,1.86656,1.31026,1.6732,3.70653
2015-10-29,2.14041,1.86656,1.31026,1.6732,3.70653
2015-10-30,2.14041,1.86656,1.31026,1.6732,3.70653
2015-11-02,2.14041,1.86656,1.31026,1.6732,3.70653
2015-11-03,2.14041,1.86656,1.31026,1.6732,3.70653
2015-11-04,2.14041,1.86656,1.31026,1.6732,3.70653
2015-11-05,2.14041,1.86656,1.31026,1.6732,3.70653
2015-11-06,2.14041,1.86656,1.31026,1.6732,3.70653
2015-11-09,2.14041,1.86656,1.31026,1.6732,3.70653
2015-11-10,2.14521,1.8688,1.31138,1.67607,3.72315
2015-11-11,2.14256,1.86757,1.31076,1.67449,3.71395
2015-11-12,2.12173,1.85785,1.3059,1.66205,3.64173
2015-11-13,2.08006,1.83821,1.2961,1.63712,3.49872
2015-11-16,2.10999,1.85259,1.30322,1.65511,3.59937
2015-11-17,2.11131,1.85322,1.30353,1.6559,3.6039
2015-11-18,2.15184,1.87242,1.31309,1.68018,3.74224
2015-11-19,2.15335,1.87312,1.31344,1.68109,3.74751
2015-11-20,2.16231,1.87728,1.31553,1.68643,3.77868
2015-11-23,2.16231,1.87728,1.31553,1.68643,3.77868
2015-11-24,2.16231,1.87728,1.31553,1.68643,3.77868
2015-11-25,2.16231,1.87728,1.31553,1.68643,3.77868
2015-11-27,2.16231,1.87728,1.31553,1.68643,3.77868
2015-11-30,2.16231,1.87728,1.31553,1.68643,3.77868
2015-12-01,2.16231,1.87728,1.31553,1.68643,3.77868
2015-12-02,2.16231,1.87728,1.31553,1.68643,3.77868
2015-12-03,2.16231,1.87728,1.31553,1.68643,3.77868
2015-12-04,2.20528,1.89715,1.32595,1.71313,3.92887
2015-12-07,2.19532,1.89264,1.32356,1.70697,3.89339
2015-12-08,2.19551,1.89272,1.32361,1.70709,3.89406
2015-12-09,2.16219,1.87754,1.3156,1.68644,3.77585
2015-12-10,2.17195,1.88206,1.31797,1.69251,3.80996
2015-12-11,2.12196,1.85905,1.30588,1.66147,3.63458
2015-12-14,2.13805,1.86663,1.30983,1.67151,3.6897
2015-12-15,2.15107,1.87272,1.31301,1.67962,3.73464
2015-12-16,2.18306,1.88759,1.32079,1.69952,3.84571
2015-12-17,2.15127,1.87303,1.31312,1.6798,3.7337
2015-12-18,2.11001,1.85385,1.30309,1.65413,3.59047
2015-12-21,2.13344,1.86495,1.30886,1.66877,3.67024
2015-12-22,2.14747,1.87153,1.31228,1.67751,3.71849
2015-12-23,2.15715,1.87603,1.31464,1.68353,3.75201
2015-12-24,2.15715,1.87603,1.31464,1.68353,3.75201
2015-12-28,2.15715,1.87603,1.31464,1.68353,3.75201
2015-12-29,2.15715,1.87603,1.31464,1.68353,3.75201
2015-12-30,2.15715,1.87603,1.31464,1.68353,3.75201
2015-12-31,2.15715,1.87603,1.31464,1.68353,3.75201
2016-01-04,2.15715,1.87603,1.31464,1.68353,3.75201
2016-01-05,2.14177,1.8689,1.31154,1.67558,3.6985
2016-01-06,2.12119,1.8593,1.30736,1.66492,3.62745
2016-01-07,2.05477,1.82798,1.2938,1.63038,3.40027
2016-01-08,2.03792,1.81978,1.29029,1.62152,3.3445
2016-01-11,2.04419,1.82286,1.2916,1.62483,3.36508
2016-01-12,2.0679,1.83446,1.29657,1.63731,3.44314
2016-01-13,1.99658,1.79997,1.28175,1.5999,3.20563
2016-01-14,2.0391,1.82126,1.29079,1.62247,3.34217
2016-01-15,1.97581,1.79023,1.27752,1.58912,3.13471
2016-01-19,2.00145,1.80321,1.28302,1.60278,3.21608
2016-01-20,2.00145,1.80321,1.28302,1.60278,3.21608
2016-01-21,2.00145,1.80321,1.28302,1.60278,3.21608
2016-01-22,2.00145,1.80321,1.28302,1.60278,3.21608
2016-01-25,2.00145,1.80321,1.28302,1.60278,3.21608
2016-01-26,2.00145,1.80321,1.28302,1.60278,3.21608
2016-01-27,2.00145,1.80321,1.28302,1.60278,3.21608
2016-01-28,2.00145,1.80321,1.28302,1.60278,3.21608
2016-01-29,2.00145,1.80321,1.28302,1.60278,3.21608
2016-02-01,2.00145,1.80321,1.28302,1.60278,3.21608
2016-02-02,2.00145,1.80321,1.28302,1.60278,3.21608
2016-02-03,2.00145,1.80321,1.28302,1.60278,3.21608
2016-02-04,2.00145,1.80321,1.28302,1.60278,3.21608
2016-02-05,2.00145,1.80321,1.28302,1.60278,3.21608
2016-02-08,2.00145,1.80321,1.28302,1.60278,3.21608
2016-02-09,2.00145,1.80321,1.28302,1.60278,3.21608
2016-02-10,2.00145,1.80321,1.28302,1.60278,3.21608
2016-02-11,2.00145,1.80321,1.28302,1.60278,3.21608
2016-02-12,2.00145,1.80321,1.28302,1.60278,3.21608
2016-02-16,2.00145,1.80321,1.28302,1.60278,3.21608
2016-02-17,2.00145,1.80321,1.28302,1.60278,3.21608
2016-02-18,2.00145,1.80321,1.28302,1.60278,3.21608
2016-02-19,2.00145,1.80321,1.28302,1.60278,3.21608
2016-02-22,2.00145,1.80321,1.28302,1.60278,3.21608
2016-02-23,2.00145,1.80321,1.28302,1.60278,3.21608
2016-02-24,2.00145,1.80321,1.28302,1.60278,3.21608
2016-02-25,2.00145,1.80321,1.28302,1.60278,3.21608
2016-02-26,2.00145,1.80321,1.28302,1.60278,3.21608
2016-02-29,2.00145,1.80321,1.28302,1.60278,3.21608
2016-03-01,2.00145,1.80321,1.28302,1.60278,3.21608
2016-03-02,2.00145,1.80321,1.28302,1.60278,3.21608
2016-03-03,2.00145,1.80321,1.28302,1.60278,3.21608
2016-03-04,2.00145,1.80321,1.28302,1.60278,3.21608
2016-03-07,2.00145,1.80321,1.28302,1.60278,3.21608
2016-03-08,2.00145,1.80321,1.28302,1.60278,3.21608
2016-03-09,2.00145,1.80321,1.28302,1.60278,3.21608
2016-03-10,2.00145,1.80321,1.28302,1.60278,3.21608
2016-03-11,2.00145,1.80321,1.28302,1.60278,3.21608
2016-03-14,2.00145,1.80321,1.28302,1.60278,3.21608
2016-03-15,2.00145,1.80321,1.28302,1.60278,3.21608
2016-03-16,2.00145,1.80321,1.28302,1.60278,3.21608
2016-03-17,2.00145,1.80321,1.28302,1.60278,3.21608
2016-03-18,2.00145,1.80321,1.28302,1.60278,3.21608
2016-03-21,2.00145,1.80321,1.28302,1.60278,3.21608
2016-03-22,2.00145,1.80321,1.28302,1.60278,3.21608
2016-03-23,2.00145,1.80321,1.28302,1.60278,3.21608
2016-03-24,2.00145,1.80321,1.28302,1.60278,3.21608
2016-03-28,2.00145,1.80321,1.28302,1.60278,3.21608
2016-03-29,2.00145,1.80321,1.28302,1.60278,3.21608
2016-03-30,2.00145,1.80321,1.28302,1.60278,3.21608
2016-03-31,2.00145,1.80321,1.28302,1.60278,3.21608
2016-04-01,2.00145,1.80321,1.28302,1.60278,3.21608
2016-04-04,2.00145,1.80321,1.28302,1.60278,3.21608
2016-04-05,2.00145,1.80321,1.28302,1.60278,3.21608
2016-04-06,2.00145,1.80321,1.28302,1.60278,3.21608
2016-04-07,2.00145,1.80321,1.28302,1.60278,3.21608
2016-04-08,2.00145,1.80321,1.28302,1.60278,3.21608
2016-04-11,2.00145,1.80321,1.28302,1.60278,3.21608
2016-04-12,2.00145,1.80321,1.28302,1.60278,3.21608
2016-04-13,2.00145,1.80321,1.28302,1.60278,3.21608
2016-04-14,2.00145,1.80321,1.28302,1.60278,3.21608
2016-04-15,2.00145,1.80321,1.28302,1.60278,3.21608
2016-04-18,2.00145,1.80321,1.28302,1.60278,3.21608
2016-04-19,2.00145,1.80321,1.28302,1.60278,3.21608
2016-04-20,2.00145,1.80321,1.28302,1.60278,3.21608
2016-04-21,2.00145,1.80321,1.28302,1.60278,3.21608
2016-04-22,2.00145,1.80321,1.28302,1.60278,3.21608
2016-04-25,2.00708,1.80602,1.28441,1.60626,3.23418
2016-04-26,1.99732,1.80116,1.282,1.60023,3.20272
2016-04-27,1.9813,1.79313,1.27803,1.59033,3.15133
2016-04-28,1.95736,1.78105,1.27208,1.5755,3.07517
2016-04-29,1.94704,1.77578,1.26949,1.5691,3.04276
2016-05-02,1.96546,1.78524,1.27412,1.58055,3.10032
2016-05-03,1.94723,1.77596,1.26956,1.56924,3.04281
2016-05-04,1.93471,1.76953,1.26641,1.56145,3.00367
2016-05-05,1.93415,1.76925,1.26627,1.56111,3.00195
2016-05-06,1.94447,1.77458,1.26888,1.56753,3.03396
2016-05-09,1.94999,1.77742,1.27027,1.57096,3.0512
2016-05-10,1.95601,1.78051,1.27178,1.57471,3.07005
2016-05-11,1.95601,1.78051,1.27178,1.57471,3.07005
2016-05-12,1.95601,1.78051,1.27178,1.57471,3.07005
2016-05-13,1.95601,1.78051,1.27178,1.57471,3.07005
2016-05-16,1.95601,1.78051,1.27178,1.57471,3.07005
2016-05-17,1.95601,1.78051,1.27178,1.57471,3.07005
2016-05-18,1.95601,1.78051,1.27178,1.57471,3.07005
2016-05-19,1.95601,1.78051,1.27178,1.57471,3.07005
2016-05-20,1.95601,1.78051,1.27178,1.57471,3.07005
2016-05-23,1.95601,1.78051,1.27178,1.57471,3.07005
2016-05-24,1.95601,1.78051,1.27178,1.57471,3.07005
2016-05-25,1.95601,1.78051,1.27178,1.57471,3.07005
2016-05-26,1.95601,1.78051,1.27178,1.57471,3.07005
2016-05-27,1.95601,1.78051,1.27178,1.57471,3.07005
2016-05-31,1.95601,1.78051,1.27178,1.57471,3.07005
2016-06-01,1.95601,1.78051,1.27178,1.57471,3.07005
2016-06-02,1.95601,1.78051,1.27178,1.57471,3.07005
2016-06-03,1.95601,1.78051,1.27178,1.57471,3.07005
2016-06-06,1.95601,1.78051,1.27178,1.57471,3.07005
2016-06-07,1.95601,1.78051,1.27178,1.57471,3.07005
2016-06-08,1.95601,1.78051,1.27178,1.57471,3.07005
2016-06-09,1.95601,1.78051,1.27178,1.57471,3.07005
2016-06-10,1.95601,1.78051,1.27178,1.57471,3.07005
2016-06-13,1.94944,1.77715,1.26966,1.56944,3.04942
2016-06-14,1.94944,1.77715,1.26966,1.56944,3.04942
2016-06-15,1.94385,1.77428,1.26785,1.56497,3.03192
2016-06-16,1.94962,1.77725,1.26972,1.56959,3.04993
2016-06-17,1.92676,1.76553,1.26231,1.55128,2.97841
2016-06-20,1.93888,1.77182,1.26626,1.56099,3.01589
2016-06-21,1.94504,1.77499,1.26826,1.56592,3.03503
2016-06-22,1.94033,1.77257,1.26674,1.56215,3.02035
2016-06-23,1.96801,1.78684,1.27573,1.58432,3.10653
2016-06-24,1.88696,1.74565,1.24959,1.51941,2.85063
2016-06-27,1.8495,1.7258,1.23726,1.48941,2.73747
2016-06-28,1.89003,1.74772,1.25074,1.52188,2.85745
2016-06-29,1.92351,1.76543,1.26176,1.54869,2.95866
2016-06-30,1.92634,1.7669,1.26268,1.55096,2.96738
2016-07-01,1.92634,1.7669,1.26268,1.55096,2.96738
2016-07-05,1.92634,1.7669,1.26268,1.55096,2.96738
2016-07-06,1.92634,1.7669,1.26268,1.55096,2.96738
2016-07-07,1.92634,1.7669,1.26268,1.55096,2.96738
2016-07-08,1.92634,1.7669,1.26268,1.55096,2.96738
2016-07-11,1.92634,1.7669,1.26268,1.55096,2.96738
2016-07-12,1.92634,1.7669,1.26268,1.55096,2.96738
2016-07-13,1.92634,1.7669,1.26268,1.55096,2.96738
2016-07-14,1.92634,1.7669,1.26268,1.55096,2.96738
2016-07-15,1.92634,1.7669,1.26268,1.55096,2.96738
2016-07-18,1.92634,1.7669,1.26268,1.55096,2.96738
2016-07-19,1.92634,1.7669,1.26268,1.55096,2.96738
2016-07-20,1.92634,1.7669,1.26268,1.55096,2.96738
2016-07-21,1.92634,1.7669,1.26268,1.55096,2.96738
2016-07-22,1.92634,1.7669,1.26268,1.55096,2.96738
2016-07-25,1.92634,1.7669,1.26268,1.55096,2.96738
2016-07-26,1.92634,1.7669,1.26268,1.55096,2.96738
2016-07-27,1.92634,1.7669,1.26268,1.55096,2.96738
2016-07-28,1.92634,1.7669,1.26268,1.55096,2.96738
2016-07-29,1.92634,1.7669,1.26268,1.55096,2.96738
2016-08-01,1.92634,1.7669,1.26268,1.55096,2.96738
2016-08-02,1.92634,1.7669,1.26268,1.55096,2.96738
2016-08-03,1.92634,1.7669,1.26268,1.55096,2.96738
2016-08-04,1.92634,1.7669,1.26268,1.55096,2.96738
2016-08-05,1.92634,1.7669,1.26268,1.55096,2.96738
2016-08-08,1.92634,1.7669,1.26268,1.55096,2.96738
2016-08-09,1.92634,1.7669,1.26268,1.55096,2.96738
2016-08-10,1.92634,1.7669,1.26268,1.55096,2.96738
2016-08-11,1.92634,1.7669,1.26268,1.55096,2.96738
2016-08-12,1.92634,1.7669,1.26268,1.55096,2.96738
2016-08-15,1.92634,1.7669,1.26268,1.55096,2.96738
2016-08-16,1.92634,1.7669,1.26268,1.55096,2.96738
2016-08-17,1.92634,1.7669,1.26268,1.55096,2.96738
2016-08-18,1.92634,1.7669,1.26268,1.55096,2.96738
2016-08-19,1.92634,1.7669,1.26268,1.55096,2.96738
2016-08-22,1.92634,1.7669,1.26268,1.55096,2.96738
2016-08-23,1.92634,1.7669,1.26268,1.55096,2.96738
2016-08-24,1.92634,1.7669,1.26268,1.55096,2.96738
2016-08-25,1.92634,1.7669,1.26268,1.55096,2.96738
2016-08-26,1.92736,1.76743,1.26312,1.55178,2.97051
2016-08-29,1.92689,1.76719,1.26292,1.5514,2.96907
2016-08-30,1.92689,1.76719,1.26292,1.5514,2.96907
2016-08-31,1.92689,1.76719,1.26292,1.5514,2.96907
2016-09-01,1.92689,1.76719,1.26292,1.5514,2.96907
2016-09-02,1.92689,1.76719,1.26292,1.5514,2.96907
2016-09-06,1.92689,1.76719,1.26292,1.5514,2.96907
2016-09-07,1.92689,1.76719,1.26292,1.5514,2.96907
2016-09-08,1.92689,1.76719,1.26292,1.5514,2.96907
2016-09-09,1.92689,1.76719,1.26292,1.5514,2.96907
2016-09-12,1.97152,1.79035,1.27916,1.58733,3.1066
2016-09-13,1.95389,1.7814,1.27281,1.57314,3.05105
2016-09-14,1.96321,1.78618,1.27618,1.58065,3.08016
2016-09-15,1.99372,1.80171,1.28719,1.60521,3.17588
2016-09-16,1.99058,1.80014,1.28607,1.60268,3.16588
2016-09-19,1.99058,1.80014,1.28607,1.60268,3.16588
2016-09-20,1.99058,1.80014,1.28607,1.60268,3.16588
2016-09-21,1.99058,1.80014,1.28607,1.60268,3.16588
2016-09-22,1.99058,1.80014,1.28607,1.60268,3.16588
2016-09-23,1.99058,1.80014,1.28607,1.60268,3.16588
2016-09-26,1.99058,1.80014,1.28607,1.60268,3.16588
2016-09-27,1.99058,1.80014,1.28607,1.60268,3.16588
2016-09-28,1.99058,1.80014,1.28607,1.60268,3.16588
2016-09-29,1.99058,1.80014,1.28607,1.60268,3.16588
2016-09-30,1.99058,1.80014,1.28607,1.60268,3.16588
2016-10-03,1.99058,1.80014,1.28607,1.60268,3.16588
2016-10-04,1.99058,1.80014,1.28607,1.60268,3.16588
2016-10-05,1.99058,1.80014,1.28607,1.60268,3.16588
2016-10-06,1.99058,1.80014,1.28607,1.60268,3.16588
2016-10-07,1.99058,1.80014,1.28607,1.60268,3.16588
2016-10-10,1.99058,1.80014,1.28607,1.60268,3.16588
2016-10-11,1.99058,1.80014,1.28607,1.60268,3.16588
2016-10-12,1.99058,1.80014,1.28607,1.60268,3.16588
2016-10-13,1.99058,1.80014,1.28607,1.60268,3.16588
2016-10-14,1.98214,1.7959,1.28332,1.59589,3.13904
2016-10-17,1.97673,1.79317,1.28156,1.59153,3.12189
2016-10-18,1.99432,1.80207,1.2873,1.60569,3.17747
2016-10-19,1.99415,1.80199,1.28724,1.60556,3.17693
2016-10-20,1.99178,1.8008,1.28647,1.60365,3.16938
2016-10-21,1.99231,1.80106,1.28665,1.60407,3.17105
2016-10-24,1.99231,1.80106,1.28665,1.60407,3.17105
2016-10-25,1.99231,1.80106,1.28665,1.60407,3.17105
2016-10-26,1.99231,1.80106,1.28665,1.60407,3.17105
2016-10-27,1.99231,1.80106,1.28665,1.60407,3.17105
2016-10-28,1.99231,1.80106,1.28665,1.60407,3.17105
2016-10-31,1.98216,1.79597,1.28318,1.59591,3.13876
2016-11-01,1.96725,1.78845,1.27808,1.5839,3.09154
2016-11-02,1.9515,1.78044,1.27266,1.57121,3.04202
2016-11-03,1.93235,1.77063,1.26606,1.5558,2.98233
2016-11-04,1.92557,1.76712,1.26371,1.55034,2.96141
2016-11-07,1.97132,1.79088,1.27959,1.58717,3.10212
2016-11-08,1.9842,1.79741,1.28401,1.59754,3.14264
2016-11-09,1.9595,1.78496,1.27556,1.57766,3.0644
2016-11-10,1.9595,1.78496,1.27556,1.57766,3.0644
2016-11-11,1.9595,1.78496,1.27556,1.57766,3.0644
2016-11-14,1.9595,1.78496,1.27556,1.57766,3.0644
2016-11-15,1.97124,1.79095,1.27834,1.58453,3.10113
2016-11-16,1.98294,1.79689,1.2811,1.59138,3.13795
2016-11-17,1.9811,1.79596,1.28066,1.5903,3.13213
2016-11-18,1.9811,1.79596,1.28066,1.5903,3.13213
2016-11-21,1.9811,1.79596,1.28066,1.5903,3.13213
2016-11-22,1.9811,1.79596,1.28066,1.5903,3.13213
2016-11-23,1.9811,1.79596,1.28066,1.5903,3.13213
2016-11-25,1.9811,1.79596,1.28066,1.5903,3.13213
2016-11-28,1.9811,1.79596,1.28066,1.5903,3.13213
2016-11-29,1.9811,1.79596,1.28066,1.5903,3.13213
2016-11-30,1.9811,1.79596,1.28066,1.5903,3.13213
2016-12-01,1.9811,1.79596,1.28066,1.5903,3.13213
2016-12-02,1.98234,1.79659,1.281,1.59113,3.13604
2016-12-05,1.99776,1.80437,1.28518,1.60151,3.18484
2016-12-06,2.00156,1.80627,1.2862,1.60406,3.19694
2016-12-07,2.00156,1.80627,1.2862,1.60406,3.19694
2016-12-08,2.00156,1.80627,1.2862,1.60406,3.19694
2016-12-09,2.00156,1.80627,1.2862,1.60406,3.19694
2016-12-12,2.00156,1.80627,1.2862,1.60406,3.19694
2016-12-13,2.00156,1.80627,1.2862,1.60406,3.19694
2016-12-14,2.00156,1.80627,1.2862,1.60406,3.19694
2016-12-15,2.00156,1.80627,1.2862,1.60406,3.19694
2016-12-16,2.00156,1.80627,1.2862,1.60406,3.19694
2016-12-19,2.00156,1.80627,1.2862,1.60406,3.19694
2016-12-20,2.00156,1.80627,1.2862,1.60406,3.19694
2016-12-21,2.00156,1.80627,1.2862,1.60406,3.19694
2016-12-22,2.00156,1.80627,1.2862,1.60406,3.19694
2016-12-23,2.00156,1.80627,1.2862,1.60406,3.19694
2016-12-27,2.00156,1.80627,1.2862,1.60406,3.19694
2016-12-28,2.00156,1.80627,1.2862,1.60406,3.19694
2016-12-29,2.00156,1.80627,1.2862,1.60406,3.19694
2016-12-30,2.00156,1.80627,1.2862,1.60406,3.19694
2017-01-03,2.00441,1.80769,1.28713,1.60635,3.20606
2017-01-04,2.01531,1.81313,1.29069,1.61509,3.24093
2017-01-05,2.0138,1.81238,1.2902,1.61388,3.23607
2017-01-06,2.0138,1.81238,1.2902,1.61388,3.23607
2017-01-09,2.0138,1.81238,1.2902,1.61388,3.23607
2017-01-10,2.0138,1.81238,1.2902,1.61388,3.23607
2017-01-11,2.0138,1.81238,1.2902,1.61388,3.23607
2017-01-12,2.0138,1.81238,1.2902,1.61388,3.23607
2017-01-13,2.0138,1.81238,1.2902,1.61388,3.23607
2017-01-17,2.0138,1.81238,1.2902,1.61388,3.23607
2017-01-18,2.0138,1.81238,1.2902,1.61388,3.23607
2017-01-19,2.0138,1.81238,1.2902,1.61388,3.23607
2017-01-20,2.0138,1.81238,1.2902,1.61388,3.23607
2017-01-23,2.0138,1.81238,1.2902,1.61388,3.23607
2017-01-24,2.0138,1.81238,1.2902,1.61388,3.23607
2017-01-25,2.0138,1.81238,1.2902,1.61388,3.23607
2017-01-26,2.0138,1.81238,1.2902,1.61388,3.23607
2017-01-27,2.0138,1.81238,1.2902,1.61388,3.23607
2017-01-30,2.0138,1.81238,1.2902,1.61388,3.23607
2017-01-31,2.0138,1.81238,1.2902,1.61388,3.23607
2017-02-01,2.0138,1.81238,1.2902,1.61388,3.23607
2017-02-02,2.0138,1.81238,1.2902,1.61388,3.23607
2017-02-03,2.0138,1.81238,1.2902,1.61388,3.23607
2017-02-06,2.0138,1.81238,1.2902,1.61388,3.23607
2017-02-07,2.0138,1.81238,1.2902,1.61388,3.23607
2017-02-08,2.0138,1.81238,1.2902,1.61388,3.23607
2017-02-09,2.0138,1.81238,1.2902,1.61388,3.23607
2017-02-10,2.0138,1.81238,1.2902,1.61388,3.23607
2017-02-13,2.0138,1.81238,1.2902,1.61388,3.23607
2017-02-14,2.0138,1.81238,1.2902,1.61388,3.23607
2017-02-15,2.0138,1.81238,1.2902,1.61388,3.23607
2017-02-16,2.0138,1.81238,1.2902,1.61388,3.23607
2017-02-17,2.0138,1.81238,1.2902,1.61388,3.23607
2017-02-21,2.0138,1.81238,1.2902,1.61388,3.23607
2017-02-22,2.0138,1.81238,1.2902,1.61388,3.23607
2017-02-23,2.0138,1.81238,1.2902,1.61388,3.23607
2017-02-24,2.0138,1.81238,1.2902,1.61388,3.23607
2017-02-27,2.0138,1.81238,1.2902,1.61388,3.23607
2017-02-28,2.0138,1.81238,1.2902,1.61388,3.23607
2017-03-01,2.0138,1.81238,1.2902,1.61388,3.23607
2017-03-02,2.0138,1.81238,1.2902,1.61388,3.23607
2017-03-03,2.0138,1.81238,1.2902,1.61388,3.23607
2017-03-06,2.0138,1.81238,1.2902,1.61388,3.23607
2017-03-07,2.0138,1.81238,1.2902,1.61388,3.23607
2017-03-08,2.0138,1.81238,1.2902,1.61388,3.23607
2017-03-09,2.0138,1.81238,1.2902,1.61388,3.23607
2017-03-10,2.0138,1.81238,1.2902,1.61388,3.23607
2017-03-13,2.0138,1.81238,1.2902,1.61388,3.23607
2017-03-14,2.0138,1.81238,1.2902,1.61388,3.23607
2017-03-15,2.0138,1.81238,1.2902,1.61388,3.23607
2017-03-16,2.0138,1.81238,1.2902,1.61388,3.23607
2017-03-17,2.0138,1.81238,1.2902,1.61388,3.23607
2017-03-20,2.0138,1.81238,1.2902,1.61388,3.23607
2017-03-21,2.0138,1.81238,1.2902,1.61388,3.23607
2017-03-22,2.02519,1.81804,1.2953,1.62301,3.27268
2017-03-23,2.02008,1.81551,1.29301,1.61891,3.25615
2017-03-24,2.02427,1.81758,1.29489,1.62226,3.26965
2017-03-27,2.02752,1.81919,1.29634,1.62487,3.28016
2017-03-28,2.03992,1.82531,1.30189,1.6348,3.32027
2017-03-29,2.04029,1.82549,1.30205,1.6351,3.32149
2017-03-30,2.04029,1.82549,1.30205,1.6351,3.32149
2017-03-31,2.04029,1.82549,1.30205,1.6351,3.32149
2017-04-03,2.04029,1.82549,1.30205,1.6351,3.32149
2017-04-04,2.04029,1.82549,1.30205,1.6351,3.32149
2017-04-05,2.04029,1.82549,1.30205,1.6351,3.32149
2017-04-06,2.04029,1.82549,1.30205,1.6351,3.32149
2017-04-07,2.04029,1.82549,1.30205,1.6351,3.32149
2017-04-10,2.04029,1.82549,1.30205,1.6351,3.32149
2017-04-11,2.04029,1.82549,1.30205,1.6351,3.32149
2017-04-12,2.03105,1.82096,1.29824,1.6277,3.29139
2017-04-13,2.02298,1.81699,1.2949,1.62123,3.26525
2017-04-17,2.03974,1.82527,1.30184,1.63466,3.31933
2017-04-18,2.03663,1.82375,1.30056,1.63217,3.30923
2017-04-19,2.04445,1.82759,1.30379,1.63844,3.33465
2017-04-20,2.04445,1.82759,1.30379,1.63844,3.33465
2017-04-21,2.04445,1.82759,1.30379,1.63844,3.33465
2017-04-24,2.04445,1.82759,1.30379,1.63844,3.33465
2017-04-25,2.04445,1.82759,1.30379,1.63844,3.33465
2017-04-26,2.04445,1.82759,1.30379,1.63844,3.33465
2017-04-27,2.04445,1.82759,1.30379,1.63844,3.33465
2017-04-28,2.04445,1.82759,1.30379,1.63844,3.33465
2017-05-01,2.04445,1.82759,1.30379,1.63844,3.33465
2017-05-02,2.04445,1.82759,1.30379,1.63844,3.33465
2017-05-03,2.04445,1.82759,1.30379,1.63844,3.33465
2017-05-04,2.04445,1.82759,1.30379,1.63844,3.33465
2017-05-05,2.04445,1.82759,1.30379,1.63844,3.33465
2017-05-08,2.04445,1.82759,1.30379,1.63844,3.33465
2017-05-09,2.04445,1.82759,1.30379,1.63844,3.33465
2017-05-10,2.04445,1.82759,1.30379,1.63844,3.33465
2017-05-11,2.04445,1.82759,1.30379,1.63844,3.33465
2017-05-12,2.04445,1.82759,1.30379,1.63844,3.33465
2017-05-15,2.04445,1.82759,1.30379,1.63844,3.33465
2017-05-16,2.04445,1.82759,1.30379,1.63844,3.33465
2017-05-17,2.04445,1.82759,1.30379,1.63844,3.33465
2017-05-18,2.06145,1.8359,1.31109,1.65206,3.39011
2017-05-19,2.07016,1.84013,1.31482,1.65904,3.41875
2017-05-22,2.07363,1.8418,1.3163,1.66182,3.43021
2017-05-23,2.07363,1.8418,1.3163,1.66182,3.43021
2017-05-24,2.07363,1.8418,1.3163,1.66182,3.43021
2017-05-25,2.07363,1.8418,1.3163,1.66182,3.43021
2017-05-26,2.07363,1.8418,1.3163,1.66182,3.43021
2017-05-30,2.07363,1.8418,1.3163,1.66182,3.43021
2017-05-31,2.07363,1.8418,1.3163,1.66182,3.43021
2017-06-01,2.07363,1.8418,1.3163,1.66182,3.43021
2017-06-02,2.07363,1.8418,1.3163,1.66182,3.43021
2017-06-05,2.07363,1.8418,1.3163,1.66182,3.43021
2017-06-06,2.07363,1.8418,1.3163,1.66182,3.43021
2017-06-07,2.07363,1.8418,1.3163,1.66182,3.43021
2017-06-08,2.07363,1.8418,1.3163,1.66182,3.43021
2017-06-09,2.07363,1.8418,1.3163,1.66182,3.43021
2017-06-12,2.07842,1.84411,1.31787,1.66566,3.44604
2017-06-13,2.09529,1.85223,1.32339,1.67918,3.50198
2017-06-14,2.10259,1.85572,1.32577,1.68503,3.52641
2017-06-15,2.10259,1.85572,1.32577,1.68503,3.52641
2017-06-16,2.10259,1.85572,1.32577,1.68503,3.52641
2017-06-19,2.11677,1.86246,1.3299,1.69554,3.57394
2017-06-20,2.10019,1.85462,1.32509,1.68326,3.51796
2017-06-21,2.12099,1.86453,1.33115,1.69867,3.58764
2017-06-22,2.12038,1.86424,1.33098,1.69822,3.58559
2017-06-23,2.12852,1.86808,1.33334,1.70425,3.61312
2017-06-26,2.11857,1.86341,1.33046,1.69689,3.57935
2017-06-27,2.08015,1.84527,1.3193,1.66842,3.4495
2017-06-28,2.11013,1.85969,1.3281,1.69067,3.54896
2017-06-29,2.07351,1.84233,1.31744,1.66353,3.42578
2017-06-30,2.07427,1.84269,1.31766,1.66409,3.42827
2017-07-03,2.05241,1.83216,1.31124,1.64788,3.35604
2017-07-05,2.07261,1.842,1.31721,1.66287,3.42208
2017-07-06,2.05392,1.83298,1.31172,1.64901,3.36037
2017-07-07,2.07608,1.84377,1.31826,1.66546,3.43286
2017-07-10,2.08964,1.8503,1.32224,1.67552,3.47771
2017-07-11,2.08528,1.84822,1.32096,1.67229,3.46321
2017-07-12,2.08528,1.84822,1.32096,1.67229,3.46321
2017-07-13,2.08528,1.84822,1.32096,1.67229,3.46321
2017-07-14,2.08528,1.84822,1.32096,1.67229,3.46321
2017-07-17,2.08528,1.84822,1.32096,1.67229,3.46321
2017-07-18,2.08528,1.84822,1.32096,1.67229,3.46321
2017-07-19,2.08528,1.84822,1.32096,1.67229,3.46321
2017-07-20,2.08528,1.84822,1.32096,1.67229,3.46321
2017-07-21,2.08528,1.84822,1.32096,1.67229,3.46321
2017-07-24,2.08528,1.84822,1.32096,1.67229,3.46321
2017-07-25,2.08528,1.84822,1.32096,1.67229,3.46321
2017-07-26,2.08528,1.84822,1.32096,1.67229,3.46321
2017-07-27,2.08528,1.84822,1.32096,1.67229,3.46321
2017-07-28,2.08528,1.84822,1.32096,1.67229,3.46321
2017-07-31,2.08528,1.84822,1.32096,1.67229,3.46321
2017-08-01,2.08221,1.84674,1.32001,1.66987,3.453
2017-08-02,2.08787,1.84946,1.32177,1.67432,3.47177
2017-08-03,2.07974,1.84557,1.31924,1.66793,3.44475
2017-08-04,2.08351,1.84738,1.32042,1.6709,3.45724
2017-08-07,2.09671,1.85372,1.32452,1.68129,3.50105
2017-08-08,2.09309,1.85199,1.3234,1.67843,3.48894
2017-08-09,2.07508,1.84338,1.31781,1.66426,3.4289
2017-08-10,2.07508,1.84338,1.31781,1.66426,3.4289
2017-08-11,2.08667,1.84897,1.32127,1.67299,3.46721
2017-08-14,2.11354,1.86185,1.32926,1.69323,3.55651
2017-08-15,2.11674,1.86336,1.33021,1.69564,3.56728
2017-08-16,2.11674,1.86336,1.33021,1.69564,3.56728
2017-08-17,2.11674,1.86336,1.33021,1.69564,3.56728
2017-08-18,2.11269,1.86145,1.32906,1.69271,3.55364
2017-08-21,2.11,1.86017,1.32829,1.69076,3.54458
2017-08-22,2.14216,1.87542,1.33745,1.71407,3.65264
2017-08-23,2.13453,1.87186,1.33529,1.70854,3.62662
2017-08-24,2.13855,1.87374,1.33643,1.71145,3.64026
2017-08-25,2.13855,1.87374,1.33643,1.71145,3.64026
2017-08-28,2.13855,1.87374,1.33643,1.71145,3.64026
2017-08-29,2.13855,1.87374,1.33643,1.71145,3.64026
2017-08-30,2.13855,1.87374,1.33643,1.71145,3.64026
2017-08-31,2.13855,1.87374,1.33643,1.71145,3.64026
2017-09-01,2.13855,1.87374,1.33643,1.71145,3.64026
2017-09-05,2.13855,1.87374,1.33643,1.71145,3.64026
2017-09-06,2.13855,1.87374,1.33643,1.71145,3.64026
2017-09-07,2.13855,1.87374,1.33643,1.71145,3.64026
2017-09-08,2.13855,1.87374,1.33643,1.71145,3.64026
2017-09-11,2.13855,1.87374,1.33643,1.71145,3.64026
2017-09-12,2.13855,1.87374,1.33643,1.71145,3.64026
2017-09-13,2.13855,1.87374,1.33643,1.71145,3.64026
2017-09-14,2.13855,1.87374,1.33643,1.71145,3.64026
2017-09-15,2.13855,1.87374,1.33643,1.71145,3.64026
2017-09-18,2.13855,1.87374,1.33643,1.71145,3.64026
2017-09-19,2.13855,1.87374,1.33643,1.71145,3.64026
2017-09-20,2.13855,1.87374,1.33643,1.71145,3.64026
2017-09-21,2.13855,1.87374,1.33643,1.71145,3.64026
2017-09-22,2.14223,1.87546,1.33764,1.7144,3.65279
2017-09-25,2.11967,1.86493,1.3302,1.69634,3.57585
2017-09-26,2.12516,1.86752,1.33202,1.70074,3.59438
2017-09-27,2.14431,1.87653,1.33836,1.71606,3.65915
2017-09-28,2.14357,1.87618,1.33812,1.71547,3.65662
2017-09-29,2.1468,1.87769,1.33918,1.71805,3.66764
2017-10-02,2.1468,1.87769,1.33918,1.71805,3.66764
2017-10-03,2.1468,1.87769,1.33918,1.71805,3.66764
2017-10-04,2.1468,1.87769,1.33918,1.71805,3.66764
2017-10-05,2.1468,1.87769,1.33918,1.71805,3.66764
2017-10-06,2.1468,1.87769,1.33918,1.71805,3.66764
2017-10-09,2.1468,1.87769,1.33918,1.71805,3.66764
2017-10-10,2.1468,1.87769,1.33918,1.71805,3.66764
2017-10-11,2.1468,1.87769,1.33918,1.71805,3.66764
2017-10-12,2.1468,1.87769,1.33918,1.71805,3.66764
2017-10-13,2.1468,1.87769,1.33918,1.71805,3.66764
2017-10-16,2.1468,1.87769,1.33918,1.71805,3.66764
2017-10-17,2.1468,1.87769,1.33918,1.71805,3.66764
2017-10-18,2.1468,1.87769,1.33918,1.71805,3.66764
2017-10-19,2.1468,1.87769,1.33918,1.71805,3.66764
2017-10-20,2.1468,1.87769,1.33918,1.71805,3.66764
2017-10-23,2.1468,1.87769,1.33918,1.71805,3.66764
2017-10-24,2.1468,1.87769,1.33918,1.71805,3.66764
2017-10-25,2.1468,1.87769,1.33918,1.71805,3.66764
2017-10-26,2.1468,1.87769,1.33918,1.71805,3.66764
2017-10-27,2.17317,1.88997,1.35067,1.73916,3.75775
2017-10-30,2.17805,1.89222,1.35279,1.74307,3.77465
2017-10-31,2.18357,1.89476,1.35518,1.74748,3.79377
2017-11-01,2.18357,1.89476,1.35518,1.74748,3.79377
2017-11-02,2.18357,1.89476,1.35518,1.74748,3.79377
2017-11-03,2.18357,1.89476,1.35518,1.74748,3.79377
2017-11-06,2.18357,1.89476,1.35518,1.74748,3.79377
2017-11-07,2.18357,1.89476,1.35518,1.74748,3.79377
2017-11-08,2.18357,1.89476,1.35518,1.74748,3.79377
2017-11-09,2.18357,1.89476,1.35518,1.74748,3.79377
2017-11-10,2.18357,1.89476,1.35518,1.74748,3.79377
2017-11-13,2.18357,1.89476,1.35518,1.74748,3.79377
2017-11-14,2.18357,1.89476,1.35518,1.74748,3.79377
2017-11-15,2.18357,1.89476,1.35518,1.74748,3.79377
2017-11-16,2.19899,1.90181,1.36105,1.75982,3.84733
2017-11-17,2.19059,1.898,1.35786,1.7531,3.81796
2017-11-20,2.18888,1.89722,1.35721,1.75173,3.81201
2017-11-21,2.21265,1.90807,1.36624,1.77075,3.89477
2017-11-22,2.21535,1.9093,1.36727,1.77291,3.90429
2017-11-24,2.21666,1.90989,1.36776,1.77396,3.90891
2017-11-27,2.21666,1.90989,1.36776,1.77396,3.90891
2017-11-28,2.21666,1.90989,1.36776,1.77396,3.90891
2017-11-29,2.21666,1.90989,1.36776,1.77396,3.90891
2017-11-30,2.22545,1.91385,1.37097,1.781,3.93991
2017-12-01,2.21598,1.9096,1.36752,1.77342,3.90639
2017-12-04,2.22892,1.91544,1.37225,1.78378,3.95202
2017-12-05,2.23029,1.91605,1.37266,1.78485,3.95687
2017-12-06,2.24036,1.92057,1.3757,1.79274,3.99261
2017-12-07,2.2391,1.92,1.37532,1.79175,3.98809
2017-12-08,2.2391,1.92,1.37532,1.79175,3.98809
2017-12-11,2.2391,1.92,1.37532,1.79175,3.98809
2017-12-12,2.2391,1.92,1.37532,1.79175,3.98809
2017-12-13,2.2391,1.92,1.37532,1.79175,3.98809
2017-12-14,2.2391,1.92,1.37532,1.79175,3.98809
2017-12-15,2.2391,1.92,1.37532,1.79175,3.98809
2017-12-18,2.2391,1.92,1.37532,1.79175,3.98809
2017-12-19,2.2391,1.92,1.37532,1.79175,3.98809
2017-12-20,2.2391,1.92,1.37532,1.79175,3.98809
2017-12-21,2.2391,1.92,1.37532,1.79175,3.98809
2017-12-22,2.2391,1.92,1.37532,1.79175,3.98809
2017-12-26,2.2391,1.92,1.37532,1.79175,3.98809
2017-12-27,2.23826,1.91963,1.37502,1.79108,3.98512
2017-12-28,2.24098,1.92084,1.37599,1.79326,3.99479
2017-12-29,2.22711,1.91465,1.37105,1.78216,3.94535
2018-01-02,2.26615,1.93218,1.38498,1.81339,4.08365
2018-01-03,2.28817,1.9419,1.39278,1.83101,4.16301
2018-01-04,2.29502,1.9449,1.3952,1.8365,4.18796
2018-01-05,2.29502,1.9449,1.3952,1.8365,4.18796
2018-01-08,2.29502,1.9449,1.3952,1.8365,4.18796
2018-01-09,2.29502,1.9449,1.3952,1.8365,4.18796
2018-01-10,2.29502,1.9449,1.3952,1.8365,4.18796
2018-01-11,2.29502,1.9449,1.3952,1.8365,4.18796
2018-01-12,2.29502,1.9449,1.3952,1.8365,4.18796
2018-01-16,2.29502,1.9449,1.3952,1.8365,4.18796
2018-01-17,2.29502,1.9449,1.3952,1.8365,4.18796
2018-01-18,2.29502,1.9449,1.3952,1.8365,4.18796
2018-01-19,2.29502,1.9449,1.3952,1.8365,4.18796
2018-01-22,2.29502,1.9449,1.3952,1.8365,4.18796
2018-01-23,2.29502,1.9449,1.3952,1.8365,4.18796
2018-01-24,2.29502,1.9449,1.3952,1.8365,4.18796
2018-01-25,2.29502,1.9449,1.3952,1.8365,4.18796
2018-01-26,2.29502,1.9449,1.3952,1.8365,4.18796
2018-01-29,2.29502,1.9449,1.3952,1.8365,4.18796
2018-01-30,2.29502,1.9449,1.3952,1.8365,4.18796
2018-01-31,2.29502,1.9449,1.3952,1.8365,4.18796
2018-02-01,2.29502,1.9449,1.3952,1.8365,4.18796
2018-02-02,2.29502,1.9449,1.3952,1.8365,4.18796
2018-02-05,2.22343,1.9137,1.37589,1.78569,3.92667
2018-02-06,2.28235,1.9402,1.39206,1.82766,4.13477
2018-02-07,2.25282,1.92726,1.38408,1.80668,4.02778
2018-02-08,2.15776,1.88507,1.35818,1.73907,3.68788
2018-02-09,2.19502,1.90233,1.36858,1.7657,3.81525
2018-02-12,2.23397,1.92008,1.37935,1.7935,3.95066
2018-02-13,2.22035,1.91398,1.37562,1.78379,3.90247
2018-02-14,2.22035,1.91398,1.37562,1.78379,3.90247
2018-02-15,2.22035,1.91398,1.37562,1.78379,3.90247
2018-02-16,2.22035,1.91398,1.37562,1.78379,3.90247
2018-02-20,2.22035,1.91398,1.37562,1.78379,3.90247
2018-02-21,2.22035,1.91398,1.37562,1.78379,3.90247
2018-02-22,2.22035,1.91398,1.37562,1.78379,3.90247
2018-02-23,2.22035,1.91398,1.37562,1.78379,3.90247
2018-02-26,2.22035,1.91398,1.37562,1.78379,3.90247
2018-02-27,2.22035,1.91398,1.37562,1.78379,3.90247
2018-02-28,2.22035,1.91398,1.37562,1.78379,3.90247
2018-03-01,2.22035,1.91398,1.37562,1.78379,3.90247
2018-03-02,2.26565,1.93438,1.38284,1.80253,4.0617
2018-03-05,2.29076,1.94547,1.38679,1.81281,4.15175
2018-03-06,2.30026,1.94961,1.38827,1.81668,4.18617
2018-03-07,2.30026,1.94961,1.38827,1.81668,4.18617
2018-03-08,2.30026,1.94961,1.38827,1.81668,4.18617
2018-03-09,2.30026,1.94961,1.38827,1.81668,4.18617
2018-03-12,2.30026,1.94961,1.38827,1.81668,4.18617
2018-03-13,2.30026,1.94961,1.38827,1.81668,4.18617
2018-03-14,2.30026,1.94961,1.38827,1.81668,4.18617
2018-03-15,2.30026,1.94961,1.38827,1.81668,4.18617
2018-03-16,2.30026,1.94961,1.38827,1.81668,4.18617
2018-03-19,2.30026,1.94961,1.38827,1.81668,4.18617
2018-03-20,2.30668,1.9524,1.38941,1.81968,4.20952
2018-03-21,2.29663,1.94805,1.38762,1.81499,4.17287
2018-03-22,2.23995,1.92337,1.37748,1.78846,3.96687
2018-03-23,2.18092,1.89701,1.36673,1.76054,3.75781
2018-03-26,2.26196,1.93417,1.38177,1.79929,4.03708
2018-03-27,2.18876,1.90181,1.36853,1.7648,3.7758
2018-03-28,2.16358,1.89031,1.36386,1.75278,3.68893
2018-03-29,2.20321,1.90862,1.37126,1.77179,3.82405
2018-04-02,2.13964,1.87977,1.35954,1.74151,3.60339
2018-04-03,2.16372,1.89103,1.36407,1.75312,3.68449
2018-04-04,2.19784,1.9068,1.37045,1.7695,3.8007
2018-04-05,2.21861,1.91624,1.37428,1.7794,3.87252
2018-04-06,2.21861,1.91624,1.37428,1.7794,3.87252
2018-04-09,2.21861,1.91624,1.37428,1.7794,3.87252
2018-04-10,2.21861,1.91624,1.37428,1.7794,3.87252
2018-04-11,2.21861,1.91624,1.37428,1.7794,3.87252
2018-04-12,2.21861,1.91624,1.37428,1.7794,3.87252
2018-04-13,2.21861,1.91624,1.37428,1.7794,3.87252
2018-04-16,2.21861,1.91624,1.37428,1.7794,3.87252
2018-04-17,2.21861,1.91624,1.37428,1.7794,3.87252
2018-04-18,2.21861,1.91624,1.37428,1.7794,3.87252
2018-04-19,2.21861,1.91624,1.37428,1.7794,3.87252
2018-04-20,2.21861,1.91624,1.37428,1.7794,3.87252
2018-04-23,2.21861,1.91624,1.37428,1.7794,3.87252
2018-04-24,2.16077,1.89018,1.36532,1.75619,3.67062
2018-04-25,2.16337,1.89138,1.36573,1.75724,3.67943
2018-04-26,2.20891,1.91243,1.37292,1.77576,3.83435
2018-04-27,2.21027,1.91305,1.37313,1.7763,3.83908
2018-04-30,2.19459,1.90595,1.3707,1.77,3.78461
2018-05-01,2.21968,1.91738,1.37462,1.78012,3.87115
2018-05-02,2.20659,1.91149,1.37259,1.77487,3.82548
2018-05-03,2.20632,1.91136,1.37255,1.77476,3.82454
2018-05-04,2.24818,1.93034,1.37906,1.79161,3.96967
2018-05-07,2.25755,1.9345,1.3805,1.79535,4.00276
2018-05-08,2.25755,1.9345,1.3805,1.79535,4.00276
2018-05-09,2.25755,1.9345,1.3805,1.79535,4.00276
2018-05-10,2.25755,1.9345,1.3805,1.79535,4.00276
2018-05-11,2.25755,1.9345,1.3805,1.79535,4.00276
2018-05-14,2.25755,1.9345,1.3805,1.79535,4.00276
2018-05-15,2.25755,1.9345,1.3805,1.79535,4.00276
2018-05-16,2.25755,1.9345,1.3805,1.79535,4.00276
2018-05-17,2.25755,1.9345,1.3805,1.79535,4.00276
2018-05-18,2.25755,1.9345,1.3805,1.79535,4.00276
2018-05-21,2.25755,1.9345,1.3805,1.79535,4.00276
2018-05-22,2.25755,1.9345,1.3805,1.79535,4.00276
2018-05-23,2.25755,1.9345,1.3805,1.79535,4.00276
2018-05-24,2.25755,1.9345,1.3805,1.79535,4.00276
2018-05-25,2.25755,1.9345,1.3805,1.79535,4.00276
2018-05-29,2.25755,1.9345,1.3805,1.79535,4.00276
2018-05-30,2.25755,1.9345,1.3805,1.79535,4.00276
2018-05-31,2.25755,1.9345,1.3805,1.79535,4.00276
2018-06-01,2.25755,1.9345,1.3805,1.79535,4.00276
2018-06-04,2.25755,1.9345,1.3805,1.79535,4.00276
2018-06-05,2.25755,1.9345,1.3805,1.79535,4.00276
2018-06-06,2.25755,1.9345,1.3805,1.79535,4.00276
2018-06-07,2.25755,1.9345,1.3805,1.79535,4.00276
2018-06-08,2.25755,1.9345,1.3805,1.79535,4.00276
2018-06-11,2.25755,1.9345,1.3805,1.79535,4.00276
2018-06-12,2.25755,1.9345,1.3805,1.79535,4.00276
2018-06-13,2.25755,1.9345,1.3805,1.79535,4.00276
2018-06-14,2.25755,1.9345,1.3805,1.79535,4.00276
2018-06-15,2.25755,1.9345,1.3805,1.79535,4.00276
2018-06-18,2.25755,1.9345,1.3805,1.79535,4.00276
2018-06-19,2.25755,1.9345,1.3805,1.79535,4.00276
2018-06-20,2.25755,1.9345,1.3805,1.79535,4.00276
2018-06-21,2.25755,1.9345,1.3805,1.79535,4.00276
2018-06-22,2.25755,1.9345,1.3805,1.79535,4.00276
2018-06-25,2.25755,1.9345,1.3805,1.79535,4.00276
2018-06-26,2.25747,1.93447,1.38048,1.7953,4.00249
2018-06-27,2.22677,1.92087,1.37319,1.77633,3.89362
2018-06-28,2.24593,1.92947,1.37778,1.7882,3.96061
2018-06-29,2.25196,1.93216,1.37921,1.79194,3.98189
2018-07-02,2.26705,1.93886,1.3828,1.80126,4.03525
2018-07-03,2.24081,1.92728,1.37659,1.78506,3.94184
2018-07-05,2.26862,1.9397,1.38322,1.80228,4.03969
2018-07-06,2.30392,1.95525,1.39159,1.82407,4.16538
2018-07-09,2.3143,1.95976,1.39402,1.83046,4.20294
2018-07-10,2.3143,1.95976,1.39402,1.83046,4.20294
2018-07-11,2.3143,1.95976,1.39402,1.83046,4.20294
2018-07-12,2.3143,1.95976,1.39402,1.83046,4.20294
2018-07-13,2.3143,1.95976,1.39402,1.83046,4.20294
2018-07-16,2.3143,1.95976,1.39402,1.83046,4.20294
2018-07-17,2.3143,1.95976,1.39402,1.83046,4.20294
2018-07-18,2.3143,1.95976,1.39402,1.83046,4.20294
2018-07-19,2.3143,1.95976,1.39402,1.83046,4.20294
2018-07-20,2.3143,1.95976,1.39402,1.83046,4.20294
2018-07-23,2.3143,1.95976,1.39402,1.83046,4.20294
2018-07-24,2.3143,1.95976,1.39402,1.83046,4.20294
2018-07-25,2.3143,1.95976,1.39402,1.83046,4.20294
2018-07-26,2.3143,1.95976,1.39402,1.83046,4.20294
2018-07-27,2.3143,1.95976,1.39402,1.83046,4.20294
2018-07-30,2.3143,1.95976,1.39402,1.83046,4.20294
2018-07-31,2.32236,1.96324,1.3958,1.83514,4.2322
2018-08-01,2.33118,1.96704,1.39775,1.84025,4.26434
2018-08-02,2.31357,1.95949,1.39387,1.83004,4.19992
2018-08-03,2.31357,1.95949,1.39387,1.83004,4.19992
2018-08-06,2.31357,1.95949,1.39387,1.83004,4.19992
2018-08-07,2.31357,1.95949,1.39387,1.83004,4.19992
2018-08-08,2.31357,1.95949,1.39387,1.83004,4.19992
2018-08-09,2.31357,1.95949,1.39387,1.83004,4.19992
2018-08-10,2.31357,1.95949,1.39387,1.83004,4.19992
2018-08-13,2.31357,1.95949,1.39387,1.83004,4.19992
2018-08-14,2.31803,1.96142,1.39508,1.8332,4.21613
2018-08-15,2.28967,1.94918,1.38744,1.81314,4.11296
2018-08-16,2.29721,1.95247,1.38949,1.81848,4.14004
2018-08-17,2.29772,1.9527,1.38962,1.81884,4.14188
2018-08-20,2.29568,1.95181,1.38907,1.81739,4.13451
2018-08-21,2.30411,1.95548,1.39135,1.82337,4.16488
2018-08-22,2.31305,1.95936,1.39377,1.8297,4.19721
2018-08-23,2.30819,1.95726,1.39246,1.82626,4.17958
2018-08-24,2.30819,1.95726,1.39246,1.82626,4.17958
2018-08-27,2.30819,1.95726,1.39246,1.82626,4.17958
2018-08-28,2.30819,1.95726,1.39246,1.82626,4.17958
2018-08-29,2.30819,1.95726,1.39246,1.82626,4.17958
2018-08-30,2.30819,1.95726,1.39246,1.82626,4.17958
2018-08-31,2.30819,1.95726,1.39246,1.82626,4.17958
2018-09-04,2.30819,1.95726,1.39246,1.82626,4.17958
2018-09-05,2.30819,1.95726,1.39246,1.82626,4.17958
2018-09-06,2.28529,1.94734,1.38577,1.80872,4.09664
2018-09-07,2.27649,1.94349,1.38319,1.80197,4.0651
2018-09-10,2.28416,1.94686,1.38544,1.80785,4.09248
2018-09-11,2.30176,1.95456,1.39061,1.82133,4.15554
2018-09-12,2.29497,1.95161,1.38863,1.81613,4.13103
2018-09-13,2.31948,1.96229,1.3958,1.83491,4.21927
2018-09-14,2.3127,1.95937,1.39383,1.82971,4.19458
2018-09-17,2.27939,1.94496,1.38411,1.8042,4.07375
2018-09-18,2.29824,1.95323,1.38965,1.81865,4.14115
2018-09-19,2.29648,1.95247,1.38914,1.8173,4.1348
2018-09-20,2.32187,1.96352,1.39657,1.83675,4.22623
2018-09-21,2.30917,1.95806,1.39287,1.82703,4.18002
2018-09-24,2.31559,1.96084,1.39475,1.83195,4.20326
2018-09-25,2.31874,1.9622,1.39567,1.83436,4.21468
2018-09-26,2.31897,1.96229,1.39573,1.83453,4.2155
2018-09-27,2.31897,1.96229,1.39573,1.83453,4.2155
2018-09-28,2.31897,1.96229,1.39573,1.83453,4.2155
2018-10-01,2.31897,1.96229,1.39573,1.83453,4.2155
2018-10-02,2.31897,1.96229,1.39573,1.83453,4.2155
2018-10-03,2.31897,1.96229,1.39573,1.83453,4.2155
2018-10-04,2.31897,1.96229,1.39573,1.83453,4.2155
2018-10-05,2.28934,1.94952,1.38818,1.81469,4.1078
2018-10-08,2.27536,1.94341,1.3846,1.80531,4.05763
2018-10-09,2.28273,1.94665,1.38649,1.81026,4.08392
2018-10-10,2.18234,1.90267,1.36068,1.74285,3.7247
2018-10-11,2.15527,1.89027,1.35353,1.72455,3.63231
2018-10-12,2.21525,1.9181,1.36948,1.76518,3.83448
2018-10-15,2.18844,1.906,1.36246,1.74709,3.74166
2018-10-16,2.25211,1.93509,1.37924,1.79013,3.95936
2018-10-17,2.253,1.93548,1.37948,1.79072,3.96249
2018-10-18,2.20077,1.9123,1.36594,1.75558,3.77877
2018-10-19,2.19873,1.91138,1.3654,1.7542,3.77179
2018-10-22,2.21004,1.91652,1.36838,1.76184,3.81059
2018-10-23,2.20191,1.91284,1.36624,1.75635,3.78255
2018-10-24,2.10114,1.86707,1.33977,1.68829,3.43632
2018-10-25,2.17383,1.90167,1.35939,1.73775,3.67408
2018-10-26,2.11791,1.87595,1.34459,1.6999,3.48507
2018-10-29,2.14861,1.89044,1.35284,1.72076,3.58609
2018-10-30,2.14861,1.89044,1.35284,1.72076,3.58609
2018-10-31,2.14861,1.89044,1.35284,1.72076,3.58609
2018-11-01,2.14861,1.89044,1.35284,1.72076,3.58609
2018-11-02,2.14861,1.89044,1.35284,1.72076,3.58609
2018-11-05,2.14861,1.89044,1.35284,1.72076,3.58609
2018-11-06,2.14861,1.89044,1.35284,1.72076,3.58609
2018-11-07,2.14861,1.89044,1.35284,1.72076,3.58609
2018-11-08,2.14861,1.89044,1.35284,1.72076,3.58609
2018-11-09,2.14861,1.89044,1.35284,1.72076,3.58609
2018-11-12,2.14861,1.89044,1.35284,1.72076,3.58609
2018-11-13,2.14861,1.89044,1.35284,1.72076,3.58609
2018-11-14,2.14861,1.89044,1.35284,1.72076,3.58609
2018-11-15,2.14861,1.89044,1.35284,1.72076,3.58609
2018-11-16,2.14861,1.89044,1.35284,1.72076,3.58609
2018-11-19,2.14861,1.89044,1.35284,1.72076,3.58609
2018-11-20,2.14861,1.89044,1.35284,1.72076,3.58609
2018-11-21,2.14861,1.89044,1.35284,1.72076,3.58609
2018-11-23,2.14861,1.89044,1.35284,1.72076,3.58609
2018-11-26,2.14861,1.89044,1.35284,1.72076,3.58609
2018-11-27,2.14861,1.89044,1.35284,1.72076,3.58609
2018-11-28,2.14861,1.89044,1.35284,1.72076,3.58609
2018-11-29,2.14861,1.89044,1.35284,1.72076,3.58609
2018-11-30,2.14861,1.89044,1.35284,1.72076,3.58609
2018-12-03,2.14861,1.89044,1.35284,1.72076,3.58609
2018-12-04,2.14861,1.89044,1.35284,1.72076,3.58609
2018-12-06,2.14861,1.89044,1.35284,1.72076,3.58609
2018-12-07,2.14861,1.89044,1.35284,1.72076,3.58609
2018-12-10,2.14861,1.89044,1.35284,1.72076,3.58609
2018-12-11,2.14861,1.89044,1.35284,1.72076,3.58609
2018-12-12,2.14861,1.89044,1.35284,1.72076,3.58609
2018-12-13,2.14861,1.89044,1.35284,1.72076,3.58609
2018-12-14,2.14861,1.89044,1.35284,1.72076,3.58609
2018-12-17,2.14861,1.89044,1.35284,1.72076,3.58609
2018-12-18,2.14861,1.89044,1.35284,1.72076,3.58609
2018-12-19,2.14861,1.89044,1.35284,1.72076,3.58609
2018-12-20,2.14861,1.89044,1.35284,1.72076,3.58609
2018-12-21,2.14861,1.89044,1.35284,1.72076,3.58609
2018-12-24,2.14861,1.89044,1.35284,1.72076,3.58609
2018-12-26,2.14861,1.89044,1.35284,1.72076,3.58609
2018-12-27,2.14861,1.89044,1.35284,1.72076,3.58609
2018-12-28,2.14861,1.89044,1.35284,1.72076,3.58609
2018-12-31,2.14861,1.89044,1.35284,1.72076,3.58609
2019-01-02,2.14861,1.89044,1.35284,1.72076,3.58609
2019-01-03,2.14861,1.89044,1.35284,1.72076,3.58609
2019-01-04,2.14861,1.89044,1.35284,1.72076,3.58609
2019-01-07,2.14861,1.89044,1.35284,1.72076,3.58609
2019-01-08,2.14861,1.89044,1.35284,1.72076,3.58609
2019-01-09,2.14861,1.89044,1.35284,1.72076,3.58609
2019-01-10,2.14861,1.89044,1.35284,1.72076,3.58609
2019-01-11,2.14861,1.89044,1.35284,1.72076,3.58609
2019-01-14,2.14861,1.89044,1.35284,1.72076,3.58609
2019-01-15,2.14861,1.89044,1.35284,1.72076,3.58609
2019-01-16,2.14861,1.89044,1.35284,1.72076,3.58609
2019-01-17,2.14861,1.89044,1.35284,1.72076,3.58609
2019-01-18,2.14861,1.89044,1.35284,1.72076,3.58609
2019-01-22,2.14861,1.89044,1.35284,1.72076,3.58609
2019-01-23,2.14861,1.89044,1.35284,1.72076,3.58609
2019-01-24,2.14861,1.89044,1.35284,1.72076,3.58609
2019-01-25,2.14861,1.89044,1.35284,1.72076,3.58609
2019-01-28,2.14861,1.89044,1.35284,1.72076,3.58609
2019-01-29,2.14861,1.89044,1.35284,1.72076,3.58609
2019-01-30,2.14861,1.89044,1.35284,1.72076,3.58609
2019-01-31,2.14861,1.89044,1.35284,1.72076,3.58609
2019-02-01,2.14861,1.89044,1.35284,1.72076,3.58609
2019-02-04,2.14861,1.89044,1.35284,1.72076,3.58609
2019-02-05,2.14861,1.89044,1.35284,1.72076,3.58609
2019-02-06,2.14861,1.89044,1.35284,1.72076,3.58609
2019-02-07,2.14861,1.89044,1.35284,1.72076,3.58609
2019-02-08,2.14861,1.89044,1.35284,1.72076,3.58609
2019-02-11,2.14861,1.89044,1.35284,1.72076,3.58609
2019-02-12,2.14861,1.89044,1.35284,1.72076,3.58609
2019-02-13,2.14861,1.89044,1.35284,1.72076,3.58609
2019-02-14,2.14861,1.89044,1.35284,1.72076,3.58609
2019-02-15,2.14861,1.89044,1.35284,1.72076,3.58609
2019-02-19,2.14861,1.89044,1.35284,1.72076,3.58609
2019-02-20,2.14861,1.89044,1.35284,1.72076,3.58609
2019-02-21,2.14861,1.89044,1.35284,1.72076,3.58609
2019-02-22,2.14861,1.89044,1.35284,1.72076,3.58609
2019-02-25,2.14861,1.89044,1.35284,1.72076,3.58609
2019-02-26,2.14861,1.89044,1.35284,1.72076,3.58609
2019-02-27,2.14861,1.89044,1.35284,1.72076,3.58609
2019-02-28,2.14861,1.89044,1.35284,1.72076,3.58609
2019-03-01,2.14861,1.89044,1.35284,1.72076,3.58609
2019-03-04,2.14861,1.89044,1.35284,1.72076,3.58609
2019-03-05,2.14861,1.89044,1.35284,1.72076,3.58609
2019-03-06,2.14861,1.89044,1.35284,1.72076,3.58609
2019-03-07,2.14861,1.89044,1.35284,1.72076,3.58609
2019-03-08,2.14861,1.89044,1.35284,1.72076,3.58609
2019-03-11,2.14861,1.89044,1.35284,1.72076,3.58609
2019-03-12,2.14861,1.89044,1.35284,1.72076,3.58609
2019-03-13,2.14861,1.89044,1.35284,1.72076,3.58609
2019-03-14,2.14861,1.89044,1.35284,1.72076,3.58609
2019-03-15,2.14861,1.89044,1.35284,1.72076,3.58609
2019-03-18,2.14861,1.89044,1.35284,1.72076,3.58609
2019-03-19,2.14861,1.89044,1.35284,1.72076,3.58609
2019-03-20,2.14861,1.89044,1.35284,1.72076,3.58609
2019-03-21,2.14861,1.89044,1.35284,1.72076,3.58609
2019-03-22,2.14861,1.89044,1.35284,1.72076,3.58609
2019-03-25,2.14861,1.89044,1.35284,1.72076,3.58609
2019-03-26,2.14861,1.89044,1.35284,1.72076,3.58609
2019-03-27,2.14861,1.89044,1.35284,1.72076,3.58609
2019-03-28,2.14861,1.89044,1.35284,1.72076,3.58609
2019-03-29,2.14861,1.89044,1.35284,1.72076,3.58609
2019-04-01,2.14861,1.89044,1.35284,1.72076,3.58609
2019-04-02,2.14861,1.89044,1.35284,1.72076,3.58609
2019-04-03,2.14861,1.89044,1.35284,1.72076,3.58609
2019-04-04,2.14861,1.89044,1.35284,1.72076,3.58609
2019-04-05,2.14861,1.89044,1.35284,1.72076,3.58609
2019-04-08,2.14861,1.89044,1.35284,1.72076,3.58609
2019-04-09,2.14861,1.89044,1.35284,1.72076,3.58609
2019-04-10,2.14861,1.89044,1.35284,1.72076,3.58609
2019-04-11,2.14861,1.89044,1.35284,1.72076,3.58609
2019-04-12,2.14861,1.89044,1.35284,1.72076,3.58609
2019-04-15,2.14861,1.89044,1.35284,1.72076,3.58609
2019-04-16,2.14861,1.89044,1.35284,1.72076,3.58609
2019-04-17,2.14861,1.89044,1.35284,1.72076,3.58609
2019-04-18,2.14861,1.89044,1.35284,1.72076,3.58609
2019-04-22,2.14861,1.89044,1.35284,1.72076,3.58609
2019-04-23,2.14861,1.89044,1.35284,1.72076,3.58609
2019-04-24,2.14861,1.89044,1.35284,1.72076,3.58609
2019-04-25,2.14861,1.89044,1.35284,1.72076,3.58609
2019-04-26,2.14861,1.89044,1.35284,1.72076,3.58609
2019-04-29,2.14861,1.89044,1.35284,1.72076,3.58609
2019-04-30,2.14861,1.89044,1.35284,1.72076,3.58609
2019-05-01,2.14861,1.89044,1.35284,1.72076,3.58609
2019-05-02,2.13878,1.88587,1.34961,1.71289,3.55328
2019-05-03,2.17289,1.90181,1.36084,1.74021,3.66662
2019-05-06,2.15959,1.89569,1.3565,1.72955,3.62172
2019-05-07,2.13487,1.88425,1.3484,1.70976,3.53882
2019-05-08,2.13483,1.88423,1.34839,1.70974,3.53871
2019-05-09,2.12334,1.87885,1.34556,1.70258,3.50061
2019-05-10,2.11413,1.87451,1.34329,1.69683,3.47022
2019-05-13,2.11413,1.87451,1.34329,1.69683,3.47022
2019-05-14,2.12519,1.87974,1.34544,1.70224,3.50656
2019-05-15,2.15521,1.89387,1.35123,1.71689,3.60561
2019-05-16,2.15437,1.89348,1.35107,1.71648,3.60279
2019-05-17,2.15437,1.89348,1.35107,1.71648,3.60279
2019-05-20,2.15437,1.89348,1.35107,1.71648,3.60279
2019-05-21,2.15437,1.89348,1.35107,1.71648,3.60279
2019-05-22,2.15437,1.89348,1.35107,1.71648,3.60279
2019-05-23,2.15437,1.89348,1.35107,1.71648,3.60279
2019-05-24,2.1396,1.88662,1.34827,1.70939,3.5534
2019-05-28,2.13155,1.88286,1.34674,1.70551,3.52667
2019-05-29,2.11402,1.87463,1.3434,1.69704,3.46866
2019-05-30,2.12291,1.87884,1.3451,1.70135,3.49782
2019-05-31,2.08904,1.86289,1.33863,1.68497,3.38622
2019-06-03,2.04304,1.84087,1.32974,1.66259,3.2371
2019-06-04,2.10057,1.86902,1.34104,1.69083,3.41939
2019-06-05,2.11618,1.87646,1.34404,1.69842,3.47022
2019-06-06,2.133,1.8844,1.34726,1.70656,3.52537
2019-06-07,2.17419,1.90371,1.35511,1.72644,3.66153
2019-06-10,2.18739,1.90978,1.35759,1.73276,3.70598
2019-06-11,2.18739,1.90978,1.35759,1.73276,3.70598
2019-06-12,2.18739,1.90978,1.35759,1.73276,3.70598
2019-06-13,2.18739,1.90978,1.35759,1.73276,3.70598
2019-06-14,2.18739,1.90978,1.35759,1.73276,3.70598
2019-06-17,2.18739,1.90978,1.35759,1.73276,3.70598
2019-06-18,2.18739,1.90978,1.35759,1.73276,3.70598
2019-06-19,2.18739,1.90978,1.35759,1.73276,3.70598
2019-06-20,2.18739,1.90978,1.35759,1.73276,3.70598
2019-06-21,2.18739,1.90978,1.35759,1.73276,3.70598
2019-06-24,2.18739,1.90978,1.35759,1.73276,3.70598
2019-06-25,2.18739,1.90978,1.35759,1.73276,3.70598
2019-06-26,2.1823,1.90746,1.35643,1.7298,3.68875
2019-06-27,2.19064,1.91128,1.35834,1.73466,3.71694
2019-06-28,2.19346,1.91257,1.35898,1.7363,3.7265
2019-07-01,2.22306,1.92606,1.36573,1.75354,3.82708
2019-07-02,2.23187,1.93002,1.36772,1.75865,3.85741
2019-07-03,2.24866,1.93755,1.3715,1.76838,3.91547
2019-07-05,2.2324,1.93032,1.36785,1.75897,3.85882
2019-07-08,2.2324,1.93032,1.36785,1.75897,3.85882
2019-07-09,2.2324,1.93032,1.36785,1.75897,3.85882
2019-07-10,2.2324,1.93032,1.36785,1.75897,3.85882
2019-07-11,2.2324,1.93032,1.36785,1.75897,3.85882
2019-07-12,2.2324,1.93032,1.36785,1.75897,3.85882
2019-07-15,2.2324,1.93032,1.36785,1.75897,3.85882
2019-07-16,2.2324,1.93032,1.36785,1.75897,3.85882
2019-07-17,2.2324,1.93032,1.36785,1.75897,3.85882
2019-07-18,2.2324,1.93032,1.36785,1.75897,3.85882
2019-07-19,2.2324,1.93032,1.36785,1.75897,3.85882
2019-07-22,2.24328,1.93519,1.37097,1.767,3.89645
2019-07-23,2.25796,1.94174,1.37517,1.77782,3.94745
2019-07-24,2.24845,1.93752,1.37246,1.77081,3.91418
2019-07-25,2.24845,1.93752,1.37246,1.77081,3.91418
2019-07-26,2.24845,1.93752,1.37246,1.77081,3.91418
2019-07-29,2.24845,1.93752,1.37246,1.77081,3.91418
2019-07-30,2.24845,1.93752,1.37246,1.77081,3.91418
2019-07-31,2.24845,1.93752,1.37246,1.77081,3.91418
2019-08-01,2.23136,1.92992,1.36797,1.75923,3.85471
2019-08-02,2.19851,1.9152,1.3593,1.73692,3.74119
2019-08-05,2.12082,1.87986,1.33862,1.68408,3.47679
2019-08-06,2.15051,1.89386,1.34669,1.70438,3.57413
2019-08-07,2.16213,1.89927,1.34982,1.71231,3.61275
2019-08-08,2.1716,1.90365,1.35237,1.71877,3.64442
2019-08-09,2.1716,1.90365,1.35237,1.71877,3.64442
2019-08-12,2.1716,1.90365,1.35237,1.71877,3.64442
2019-08-13,2.1716,1.90365,1.35237,1.71877,3.64442
2019-08-14,2.1716,1.90365,1.35237,1.71877,3.64442
2019-08-15,2.1716,1.90365,1.35237,1.71877,3.64442
2019-08-16,2.1716,1.90365,1.35237,1.71877,3.64442
2019-08-19,2.1716,1.90365,1.35237,1.71877,3.64442
2019-08-20,2.1716,1.90365,1.35237,1.71877,3.64442
2019-08-21,2.1716,1.90365,1.35237,1.71877,3.64442
2019-08-22,2.1716,1.90365,1.35237,1.71877,3.64442
2019-08-23,2.1716,1.90365,1.35237,1.71877,3.64442
2019-08-26,2.17794,1.90657,1.35341,1.72142,3.66569
2019-08-27,2.17335,1.90446,1.35266,1.7195,3.65022
2019-08-28,2.18112,1.90803,1.35394,1.72276,3.67635
2019-08-29,2.21447,1.92332,1.35942,1.7367,3.78877
2019-08-30,2.22538,1.92825,1.36119,1.74122,3.82609
2019-09-03,2.22538,1.92825,1.36119,1.74122,3.82609
2019-09-04,2.22538,1.92825,1.36119,1.74122,3.82609
2019-09-05,2.22538,1.92825,1.36119,1.74122,3.82609
2019-09-06,2.22538,1.92825,1.36119,1.74122,3.82609
2019-09-09,2.22538,1.92825,1.36119,1.74122,3.82609
2019-09-10,2.22538,1.92825,1.36119,1.74122,3.82609
2019-09-11,2.22538,1.92825,1.36119,1.74122,3.82609
2019-09-12,2.22538,1.92825,1.36119,1.74122,3.82609
2019-09-13,2.22538,1.92825,1.36119,1.74122,3.82609
2019-09-16,2.22538,1.92825,1.36119,1.74122,3.82609
2019-09-17,2.22538,1.92825,1.36119,1.74122,3.82609
2019-09-18,2.22538,1.92825,1.36119,1.74122,3.82609
2019-09-19,2.22538,1.92825,1.36119,1.74122,3.82609
2019-09-20,2.22538,1.92825,1.36119,1.74122,3.82609
2019-09-23,2.2259,1.92848,1.36131,1.74154,3.82789
2019-09-24,2.19634,1.9152,1.35444,1.72395,3.72621
2019-09-25,2.221,1.92643,1.36022,1.73866,3.80987
2019-09-26,2.21282,1.92275,1.35831,1.7338,3.78181
2019-09-27,2.18536,1.91034,1.3519,1.71744,3.68795
2019-09-30,2.20616,1.91985,1.3568,1.72986,3.75815
2019-10-01,2.18816,1.9117,1.35259,1.71914,3.69684
2019-10-02,2.15054,1.8945,1.34375,1.69666,3.56972
2019-10-03,2.17414,1.90548,1.34935,1.71082,3.64807
2019-10-04,2.20616,1.9202,1.35691,1.72997,3.75551
2019-10-07,2.19828,1.91663,1.35507,1.72528,3.7287
2019-10-08,2.19828,1.91663,1.35507,1.72528,3.7287
2019-10-09,2.19828,1.91663,1.35507,1.72528,3.7287
2019-10-10,2.19828,1.91663,1.35507,1.72528,3.7287
2019-10-11,2.19828,1.91663,1.35507,1.72528,3.7287
2019-10-14,2.19828,1.91663,1.35507,1.72528,3.7287
2019-10-15,2.19828,1.91663,1.35507,1.72528,3.7287
2019-10-16,2.19828,1.91663,1.35507,1.72528,3.7287
2019-10-17,2.19828,1.91663,1.35507,1.72528,3.7287
2019-10-18,2.19828,1.91663,1.35507,1.72528,3.7287
2019-10-21,2.19828,1.91663,1.35507,1.72528,3.7287
2019-10-22,2.19828,1.91663,1.35507,1.72528,3.7287
2019-10-23,2.19828,1.91663,1.35507,1.72528,3.7287
2019-10-24,2.19828,1.91663,1.35507,1.72528,3.7287
2019-10-25,2.19828,1.91663,1.35507,1.72528,3.7287
2019-10-28,2.19828,1.91663,1.35507,1.72528,3.7287
2019-10-29,2.19828,1.91663,1.35507,1.72528,3.7287
2019-10-30,2.19828,1.91663,1.35507,1.72528,3.7287
2019-10-31,2.19828,1.91663,1.35507,1.72528,3.7287
2019-11-01,2.19828,1.91663,1.35507,1.72528,3.7287
2019-11-04,2.19828,1.91663,1.35507,1.72528,3.7287
2019-11-05,2.19828,1.91663,1.35507,1.72528,3.7287
2019-11-06,2.19828,1.91663,1.35507,1.72528,3.7287
2019-11-07,2.19828,1.91663,1.35507,1.72528,3.7287
2019-11-08,2.19828,1.91663,1.35507,1.72528,3.7287
2019-11-11,2.19828,1.91663,1.35507,1.72528,3.7287
2019-11-12,2.19828,1.91663,1.35507,1.72528,3.7287
2019-11-13,2.19828,1.91663,1.35507,1.72528,3.7287
2019-11-14,2.19828,1.91663,1.35507,1.72528,3.7287
2019-11-15,2.19828,1.91663,1.35507,1.72528,3.7287
2019-11-18,2.19828,1.91663,1.35507,1.72528,3.7287
2019-11-19,2.19828,1.91663,1.35507,1.72528,3.7287
2019-11-20,2.19828,1.91663,1.35507,1.72528,3.7287
2019-11-21,2.19828,1.91663,1.35507,1.72528,3.7287
2019-11-22,2.19828,1.91663,1.35507,1.72528,3.7287
2019-11-25,2.19828,1.91663,1.35507,1.72528,3.7287
2019-11-26,2.19828,1.91663,1.35507,1.72528,3.7287
2019-11-27,2.19828,1.91663,1.35507,1.72528,3.7287
2019-11-29,2.19828,1.91663,1.35507,1.72528,3.7287
2019-12-02,2.19828,1.91663,1.35507,1.72528,3.7287
2019-12-03,2.19828,1.91663,1.35507,1.72528,3.7287
2019-12-04,2.19653,1.91584,1.3546,1.72409,3.72276
2019-12-05,2.20087,1.91782,1.35576,1.72704,3.73747
2019-12-06,2.22442,1.92851,1.36205,1.74308,3.81745
2019-12-09,2.21433,1.92398,1.35937,1.73622,3.78281
2019-12-10,2.21248,1.92314,1.35888,1.73496,3.7765
2019-12-11,2.2242,1.92844,1.362,1.74294,3.81651
2019-12-12,2.2408,1.9359,1.36641,1.75422,3.87349
2019-12-13,2.23806,1.93468,1.36569,1.75236,3.86399
2019-12-16,2.23806,1.93468,1.36569,1.75236,3.86399
2019-12-17,2.23806,1.93468,1.36569,1.75236,3.86399
2019-12-18,2.23806,1.93468,1.36569,1.75236,3.86399
2019-12-19,2.23806,1.93468,1.36569,1.75236,3.86399
2019-12-20,2.23806,1.93468,1.36569,1.75236,3.86399
2019-12-23,2.23806,1.93468,1.36569,1.75236,3.86399
2019-12-24,2.23806,1.93468,1.36569,1.75236,3.86399
2019-12-26,2.23806,1.93468,1.36569,1.75236,3.86399
2019-12-27,2.23806,1.93468,1.36569,1.75236,3.86399
2019-12-30,2.23806,1.93468,1.36569,1.75236,3.86399
2019-12-31,2.23806,1.93468,1.36569,1.75236,3.86399
2020-01-02,2.23806,1.93468,1.36569,1.75236,3.86399
2020-01-03,2.23806,1.93468,1.36569,1.75236,3.86399
2020-01-06,2.23806,1.93468,1.36569,1.75236,3.86399
2020-01-07,2.23806,1.93468,1.36569,1.75236,3.86399
2020-01-08,2.23806,1.93468,1.36569,1.75236,3.86399
2020-01-09,2.23806,1.93468,1.36569,1.75236,3.86399
2020-01-10,2.23806,1.93468,1.36569,1.75236,3.86399
2020-01-13,2.23806,1.93468,1.36569,1.75236,3.86399
2020-01-14,2.23806,1.93468,1.36569,1.75236,3.86399
2020-01-15,2.23806,1.93468,1.36569,1.75236,3.86399
2020-01-16,2.23806,1.93468,1.36569,1.75236,3.86399
2020-01-17,2.23806,1.93468,1.36569,1.75236,3.86399
2020-01-21,2.23806,1.93468,1.36569,1.75236,3.86399
2020-01-22,2.23806,1.93468,1.36569,1.75236,3.86399
2020-01-23,2.23806,1.93468,1.36569,1.75236,3.86399
2020-01-24,2.23806,1.93468,1.36569,1.75236,3.86399
2020-01-27,2.23806,1.93468,1.36569,1.75236,3.86399
2020-01-28,2.25578,1.9426,1.37075,1.76536,3.9252
2020-01-29,2.26697,1.94756,1.37394,1.77356,3.96415
2020-01-30,2.26697,1.94756,1.37394,1.77356,3.96415
2020-01-31,2.26697,1.94756,1.37394,1.77356,3.96415
2020-02-03,2.26697,1.94756,1.37394,1.77356,3.96415
2020-02-04,2.26697,1.94756,1.37394,1.77356,3.96415
2020-02-05,2.26697,1.94756,1.37394,1.77356,3.96415
2020-02-06,2.26697,1.94756,1.37394,1.77356,3.96415
2020-02-07,2.26697,1.94756,1.37394,1.77356,3.96415
2020-02-10,2.26697,1.94756,1.37394,1.77356,3.96415
2020-02-11,2.26697,1.94756,1.37394,1.77356,3.96415
2020-02-12,2.26697,1.94756,1.37394,1.77356,3.96415
2020-02-13,2.26697,1.94756,1.37394,1.77356,3.96415
2020-02-14,2.26697,1.94756,1.37394,1.77356,3.96415
2020-02-18,2.26697,1.94756,1.37394,1.77356,3.96415
2020-02-19,2.26697,1.94756,1.37394,1.77356,3.96415
2020-02-20,2.26697,1.94756,1.37394,1.77356,3.96415
2020-02-21,2.26697,1.94756,1.37394,1.77356,3.96415
2020-02-24,2.26125,1.94503,1.37267,1.77028,3.94411
2020-02-25,2.19976,1.91784,1.359,1.73504,3.72962
2020-02-26,2.2111,1.923,1.36157,1.74159,3.76806
2020-02-27,2.10038,1.87292,1.33661,1.67775,3.3907
2020-02-28,2.10201,1.8737,1.33699,1.6787,3.39597
2020-03-02,2.21048,1.9253,1.36225,1.74212,3.74646
2020-03-03,2.21642,1.92799,1.36359,1.74554,3.76659
2020-03-04,2.21642,1.92799,1.36359,1.74554,3.76659
2020-03-05,2.21642,1.92799,1.36359,1.74554,3.76659
2020-03-06,2.21642,1.92799,1.36359,1.74554,3.76659
2020-03-09,2.21642,1.92799,1.36359,1.74554,3.76659
2020-03-10,2.21642,1.92799,1.36359,1.74554,3.76659
2020-03-11,2.21642,1.92799,1.36359,1.74554,3.76659
2020-03-12,2.21642,1.92799,1.36359,1.74554,3.76659
2020-03-13,2.21642,1.92799,1.36359,1.74554,3.76659
2020-03-16,2.21642,1.92799,1.36359,1.74554,3.76659
2020-03-17,2.21642,1.92799,1.36359,1.74554,3.76659
2020-03-18,2.21642,1.92799,1.36359,1.74554,3.76659
2020-03-19,2.21642,1.92799,1.36359,1.74554,3.76659
2020-03-20,2.21642,1.92799,1.36359,1.74554,3.76659
2020-03-23,2.21642,1.92799,1.36359,1.74554,3.76659
2020-03-24,2.21642,1.92799,1.36359,1.74554,3.76659
2020-03-25,2.21642,1.92799,1.36359,1.74554,3.76659
2020-03-26,2.21642,1.92799,1.36359,1.74554,3.76659
2020-03-27,2.21642,1.92799,1.36359,1.74554,3.76659
2020-03-30,2.21642,1.92799,1.36359,1.74554,3.76659
2020-03-31,2.21642,1.92799,1.36359,1.74554,3.76659
2020-04-01,2.21642,1.92799,1.36359,1.74554,3.76659
2020-04-02,2.21642,1.92799,1.36359,1.74554,3.76659
2020-04-03,2.21642,1.92799,1.36359,1.74554,3.76659
2020-04-06,2.21642,1.92799,1.36359,1.74554,3.76659
2020-04-07,2.21642,1.92799,1.36359,1.74554,3.76659
2020-04-08,2.21642,1.92799,1.36359,1.74554,3.76659
2020-04-09,2.21642,1.92799,1.36359,1.74554,3.76659
2020-04-13,2.21642,1.92799,1.36359,1.74554,3.76659
2020-04-14,2.21642,1.92799,1.36359,1.74554,3.76659
2020-04-15,2.21642,1.92799,1.36359,1.74554,3.76659
2020-04-16,2.21642,1.92799,1.36359,1.74554,3.76659
2020-04-17,2.21642,1.92799,1.36359,1.74554,3.76659
2020-04-20,2.21642,1.92799,1.36359,1.74554,3.76659
2020-04-21,2.21642,1.92799,1.36359,1.74554,3.76659
2020-04-22,2.2347,1.93624,1.36511,1.74944,3.82871
2020-04-23,2.22993,1.9341,1.36471,1.74843,3.81238
2020-04-24,2.2651,1.94987,1.36763,1.75589,3.93262
2020-04-27,2.28332,1.95792,1.36911,1.75971,3.99589
2020-04-28,2.24031,1.93908,1.36563,1.75074,3.84536
2020-04-29,2.31975,1.97454,1.37218,1.76754,4.11808
2020-04-30,2.3188,1.97413,1.3721,1.76735,4.1147
2020-05-01,2.25345,1.94595,1.36687,1.75387,3.88275
2020-05-04,2.27972,1.9576,1.36902,1.7594,3.97328
2020-05-05,2.30556,1.96894,1.37113,1.7648,4.06337
2020-05-06,2.32251,1.97629,1.37249,1.76831,4.12312
2020-05-07,2.32251,1.97629,1.37249,1.76831,4.12312
2020-05-08,2.32251,1.97629,1.37249,1.76831,4.12312
2020-05-11,2.32251,1.97629,1.37249,1.76831,4.12312
2020-05-12,2.32251,1.97629,1.37249,1.76831,4.12312
2020-05-13,2.32251,1.97629,1.37249,1.76831,4.12312
2020-05-14,2.32251,1.97629,1.37249,1.76831,4.12312
2020-05-15,2.32251,1.97629,1.37249,1.76831,4.12312
2020-05-18,2.32251,1.97629,1.37249,1.76831,4.12312
2020-05-19,2.32251,1.97629,1.37249,1.76831,4.12312
2020-05-20,2.32251,1.97629,1.37249,1.76831,4.12312
2020-05-21,2.32251,1.97629,1.37249,1.76831,4.12312
2020-05-22,2.32251,1.97629,1.37249,1.76831,4.12312
2020-05-26,2.32251,1.97629,1.37249,1.76831,4.12312
2020-05-27,2.32251,1.97629,1.37249,1.76831,4.12312
2020-05-28,2.32251,1.97629,1.37249,1.76831,4.12312
2020-05-29,2.32251,1.97629,1.37249,1.76831,4.12312
2020-06-01,2.32251,1.97629,1.37249,1.76831,4.12312
2020-06-02,2.32251,1.97629,1.37249,1.76831,4.12312
2020-06-03,2.32251,1.97629,1.37249,1.76831,4.12312
2020-06-04,2.32251,1.97629,1.37249,1.76831,4.12312
2020-06-05,2.32251,1.97629,1.37249,1.76831,4.12312
2020-06-08,2.32251,1.97629,1.37249,1.76831,4.12312
2020-06-09,2.32251,1.97629,1.37249,1.76831,4.12312
2020-06-10,2.32251,1.97629,1.37249,1.76831,4.12312
2020-06-11,2.32251,1.97629,1.37249,1.76831,4.12312
2020-06-12,2.32251,1.97629,1.37249,1.76831,4.12312
2020-06-15,2.32251,1.97629,1.37249,1.76831,4.12312
2020-06-16,2.32251,1.97629,1.37249,1.76831,4.12312
2020-06-17,2.32251,1.97629,1.37249,1.76831,4.12312
2020-06-18,2.32251,1.97629,1.37249,1.76831,4.12312
2020-06-19,2.32251,1.97629,1.37249,1.76831,4.12312
2020-06-22,2.32251,1.97629,1.37249,1.76831,4.12312
2020-06-23,2.32251,1.97629,1.37249,1.76831,4.12312
2020-06-24,2.32251,1.97629,1.37249,1.76831,4.12312
2020-06-25,2.32251,1.97629,1.37249,1.76831,4.12312
2020-06-26,2.32251,1.97629,1.37249,1.76831,4.12312
2020-06-29,2.32251,1.97629,1.37249,1.76831,4.12312
2020-06-30,2.32251,1.97629,1.37249,1.76831,4.12312
2020-07-01,2.32251,1.97629,1.37249,1.76831,4.12312
2020-07-02,2.32251,1.97629,1.37249,1.76831,4.12312
2020-07-06,2.32251,1.97629,1.37249,1.76831,4.12312
2020-07-07,2.32251,1.97629,1.37249,1.76831,4.12312
2020-07-08,2.32251,1.97629,1.37249,1.76831,4.12312
2020-07-09,2.32251,1.97629,1.37249,1.76831,4.12312
2020-07-10,2.32251,1.97629,1.37249,1.76831,4.12312
2020-07-13,2.32251,1.97629,1.37249,1.76831,4.12312
2020-07-14,2.32251,1.97629,1.37249,1.76831,4.12312
2020-07-15,2.32251,1.97629,1.37249,1.76831,4.12312
2020-07-16,2.32251,1.97629,1.37249,1.76831,4.12312
2020-07-17,2.32251,1.97629,1.37249,1.76831,4.12312
2020-07-20,2.32251,1.97629,1.37249,1.76831,4.12312
2020-07-21,2.32251,1.97629,1.37249,1.76831,4.12312
2020-07-22,2.32251,1.97629,1.37249,1.76831,4.12312
2020-07-23,2.32251,1.97629,1.37249,1.76831,4.12312
2020-07-24,2.32251,1.97629,1.37249,1.76831,4.12312
2020-07-27,2.34625,1.98651,1.3756,1.77632,4.20739
2020-07-28,2.33795,1.98298,1.37452,1.77354,4.17764
2020-07-29,2.33795,1.98298,1.37452,1.77354,4.17764
2020-07-30,2.33795,1.98298,1.37452,1.77354,4.17764
2020-07-31,2.33795,1.98298,1.37452,1.77354,4.17764
2020-08-03,2.33795,1.98298,1.37452,1.77354,4.17764
2020-08-04,2.33795,1.98298,1.37452,1.77354,4.17764
2020-08-05,2.33795,1.98298,1.37452,1.77354,4.17764
2020-08-06,2.33795,1.98298,1.37452,1.77354,4.17764
2020-08-07,2.33795,1.98298,1.37452,1.77354,4.17764
2020-08-10,2.33795,1.98298,1.37452,1.77354,4.17764
2020-08-11,2.33795,1.98298,1.37452,1.77354,4.17764
2020-08-12,2.37602,1.99926,1.38049,1.78894,4.31371
2020-08-13,2.38144,2.00154,1.38133,1.79111,4.33338
2020-08-14,2.37865,2.00037,1.38089,1.78999,4.3232
2020-08-17,2.40627,2.01198,1.38517,1.80107,4.4236
2020-08-18,2.42943,2.0216,1.38872,1.81031,4.50875
2020-08-19,2.42786,2.02096,1.38848,1.80969,4.50295
2020-08-20,2.42786,2.02096,1.38848,1.80969,4.50295
2020-08-21,2.42786,2.02096,1.38848,1.80969,4.50295
2020-08-24,2.42786,2.02096,1.38848,1.80969,4.50295
2020-08-25,2.42786,2.02096,1.38848,1.80969,4.50295
2020-08-26,2.42786,2.02096,1.38848,1.80969,4.50295
2020-08-27,2.42786,2.02096,1.38848,1.80969,4.50295
2020-08-28,2.42786,2.02096,1.38848,1.80969,4.50295
2020-08-31,2.42786,2.02096,1.38848,1.80969,4.50295
2020-09-01,2.42786,2.02096,1.38848,1.80969,4.50295
2020-09-02,2.42786,2.02096,1.38848,1.80969,4.50295
2020-09-03,2.42786,2.02096,1.38848,1.80969,4.50295
2020-09-04,2.42786,2.02096,1.38848,1.80969,4.50295
2020-09-08,2.40597,2.01195,1.38586,1.80284,4.42175
2020-09-09,2.47665,2.04132,1.39441,1.82509,4.68153
2020-09-10,2.42727,2.02138,1.38857,1.8098,4.49486
2020-09-11,2.41043,2.01444,1.38654,1.80452,4.43248
2020-09-14,2.45241,2.03186,1.39162,1.81773,4.58686
2020-09-15,2.48717,2.04603,1.39576,1.82855,4.71689
2020-09-16,2.49225,2.04808,1.39636,1.83012,4.73616
2020-09-17,2.49225,2.04808,1.39636,1.83012,4.73616
2020-09-18,2.49225,2.04808,1.39636,1.83012,4.73616
2020-09-21,2.53835,2.06657,1.40089,1.842,4.91139
2020-09-22,2.58551,2.08515,1.40546,1.85402,5.09388
2020-09-23,2.58109,2.08344,1.40504,1.8529,5.07646
2020-09-24,2.58109,2.08344,1.40504,1.8529,5.07646
2020-09-25,2.58109,2.08344,1.40504,1.8529,5.07646
2020-09-28,2.58109,2.08344,1.40504,1.8529,5.07646
2020-09-29,2.58109,2.08344,1.40504,1.8529,5.07646
2020-09-30,2.58109,2.08344,1.40504,1.8529,5.07646
2020-10-01,2.58109,2.08344,1.40504,1.8529,5.07646
2020-10-02,2.58109,2.08344,1.40504,1.8529,5.07646
2020-10-05,2.58109,2.08344,1.40504,1.8529,5.07646
2020-10-06,2.58109,2.08344,1.40504,1.8529,5.07646
2020-10-07,2.58109,2.08344,1.40504,1.8529,5.07646
2020-10-08,2.58109,2.08344,1.40504,1.8529,5.07646
2020-10-09,2.58109,2.08344,1.40504,1.8529,5.07646
2020-10-12,2.58109,2.08344,1.40504,1.8529,5.07646
2020-10-13,2.58109,2.08344,1.40504,1.8529,5.07646
2020-10-14,2.58109,2.08344,1.40504,1.8529,5.07646
2020-10-15,2.58109,2.08344,1.40504,1.8529,5.07646
2020-10-16,2.58109,2.08344,1.40504,1.8529,5.07646
2020-10-19,2.58109,2.08344,1.40504,1.8529,5.07646
2020-10-20,2.57844,2.08242,1.40472,1.85207,5.06603
2020-10-21,2.57644,2.08164,1.40448,1.85144,5.05819
2020-10-22,2.57635,2.08161,1.40447,1.85142,5.05784
2020-10-23,2.58143,2.08358,1.40508,1.85301,5.07777
2020-10-26,2.54272,2.06858,1.40047,1.84086,4.92548
2020-10-27,2.56257,2.07639,1.40286,1.84715,5.0024
2020-10-28,2.46267,2.0374,1.3909,1.81566,4.61234
2020-10-29,2.50573,2.05489,1.39622,1.82954,4.77365
2020-10-30,2.44218,2.02953,1.38848,1.80925,4.53151
2020-11-02,2.44762,2.03175,1.38916,1.81101,4.55169
2020-11-03,2.48995,2.04905,1.39441,1.82471,4.70916
2020-11-04,2.6011,2.09369,1.40802,1.86032,5.12958
2020-11-05,2.6587,2.11583,1.41483,1.87834,5.35675
2020-11-06,2.6587,2.11583,1.41483,1.87834,5.35675
2020-11-09,2.6587,2.11583,1.41483,1.87834,5.35675
2020-11-10,2.6587,2.11583,1.41483,1.87834,5.35675
2020-11-11,2.6587,2.11583,1.41483,1.87834,5.35675
2020-11-12,2.6587,2.11583,1.41483,1.87834,5.35675
2020-11-13,2.6587,2.11583,1.41483,1.87834,5.35675
2020-11-16,2.6587,2.11583,1.41483,1.87834,5.35675
2020-11-17,2.6587,2.11583,1.41483,1.87834,5.35675
2020-11-18,2.6587,2.11583,1.41483,1.87834,5.35675
2020-11-19,2.6587,2.11583,1.41483,1.87834,5.35675
2020-11-20,2.6587,2.11583,1.41483,1.87834,5.35675
2020-11-23,2.6587,2.11583,1.41483,1.87834,5.35675
2020-11-24,2.6587,2.11583,1.41483,1.87834,5.35675
2020-11-25,2.6587,2.11583,1.41483,1.87834,5.35675
2020-11-27,2.6587,2.11583,1.41483,1.87834,5.35675
2020-11-30,2.6587,2.11583,1.41483,1.87834,5.35675
2020-12-01,2.6587,2.11583,1.41483,1.87834,5.35675
2020-12-02,2.6587,2.11583,1.41483,1.87834,5.35675
2020-12-03,2.6587,2.11583,1.41483,1.87834,5.35675
2020-12-04,2.6587,2.11583,1.41483,1.87834,5.35675
2020-12-07,2.6587,2.11583,1.41483,1.87834,5.35675
2020-12-08,2.6587,2.11583,1.41483,1.87834,5.35675
2020-12-09,2.6587,2.11583,1.41483,1.87834,5.35675
2020-12-10,2.68677,2.12639,1.41948,1.89068,5.46986
2020-12-11,2.68082,2.12418,1.41851,1.88808,5.44563
2020-12-14,2.6904,2.12775,1.42008,1.89228,5.48454
2020-12-15,2.6904,2.12775,1.42008,1.89228,5.48454
2020-12-16,2.6904,2.12775,1.42008,1.89228,5.48454
2020-12-17,2.6904,2.12775,1.42008,1.89228,5.48454
2020-12-18,2.6904,2.12775,1.42008,1.89228,5.48454
2020-12-21,2.6904,2.12775,1.42008,1.89228,5.48454
2020-12-22,2.6904,2.12775,1.42008,1.89228,5.48454
2020-12-23,2.6904,2.12775,1.42008,1.89228,5.48454
2020-12-24,2.6904,2.12775,1.42008,1.89228,5.48454
2020-12-28,2.6904,2.12775,1.42008,1.89228,5.48454
2020-12-29,2.6904,2.12775,1.42008,1.89228,5.48454
2020-12-30,2.6904,2.12775,1.42008,1.89228,5.48454
2020-12-31,2.6904,2.12775,1.42008,1.89228,5.48454
2021-01-04,2.6904,2.12775,1.42008,1.89228,5.48454
2021-01-05,2.72019,2.13882,1.42586,1.90768,5.60602
2021-01-06,2.68251,2.12497,1.4186,1.88826,5.45071
2021-01-07,2.70506,2.13338,1.42299,1.89992,5.54233
2021-01-08,2.70506,2.13338,1.42299,1.89992,5.54233
2021-01-11,2.70506,2.13338,1.42299,1.89992,5.54233
2021-01-12,2.70506,2.13338,1.42299,1.89992,5.54233
2021-01-13,2.70506,2.13338,1.42299,1.89992,5.54233
2021-01-14,2.70506,2.13338,1.42299,1.89992,5.54233
2021-01-15,2.70506,2.13338,1.42299,1.89992,5.54233
2021-01-19,2.70506,2.13338,1.42299,1.89992,5.54233
2021-01-20,2.70506,2.13338,1.42299,1.89992,5.54233
2021-01-21,2.70506,2.13338,1.42299,1.89992,5.54233
2021-01-22,2.70506,2.13338,1.42299,1.89992,5.54233
2021-01-25,2.70506,2.13338,1.42299,1.89992,5.54233
2021-01-26,2.70506,2.13338,1.42299,1.89992,5.54233
2021-01-27,2.70506,2.13338,1.42299,1.89992,5.54233
2021-01-28,2.70918,2.1349,1.42367,1.90175,5.55925
2021-01-29,2.65219,2.11387,1.41424,1.87656,5.32533
2021-02-01,2.71846,2.13885,1.42537,1.90608,5.59147
2021-02-02,2.76281,2.15517,1.43268,1.92565,5.77391
2021-02-03,2.77946,2.16119,1.4354,1.93296,5.84351
2021-02-04,2.77946,2.16119,1.4354,1.93296,5.84351
2021-02-05,2.77946,2.16119,1.4354,1.93296,5.84351
2021-02-08,2.77946,2.16119,1.4354,1.93296,5.84351
2021-02-09,2.77946,2.16119,1.4354,1.93296,5.84351
2021-02-10,2.77946,2.16119,1.4354,1.93296,5.84351
2021-02-11,2.77946,2.16119,1.4354,1.93296,5.84351
2021-02-12,2.77946,2.16119,1.4354,1.93296,5.84351
2021-02-16,2.77946,2.16119,1.4354,1.93296,5.84351
2021-02-17,2.77946,2.16119,1.4354,1.93296,5.84351
2021-02-18,2.77946,2.16119,1.4354,1.93296,5.84351
2021-02-19,2.75444,2.15219,1.43093,1.92091,5.7383
2021-02-22,2.68305,2.12627,1.41808,1.88642,5.44083
2021-02-23,2.67506,2.12329,1.41662,1.88253,5.40843
2021-02-24,2.69711,2.13154,1.42066,1.89328,5.4976
2021-02-25,2.67297,2.12259,1.41626,1.88154,5.3992
2021-02-26,2.65717,2.11668,1.41415,1.87595,5.33537
2021-03-01,2.7371,2.14676,1.42485,1.90433,5.65637
2021-03-02,2.6932,2.13072,1.41911,1.88897,5.47493
2021-03-03,2.61505,2.1017,1.40875,1.86139,5.15716
2021-03-04,2.57225,2.08533,1.40295,1.84607,4.98835
2021-03-05,2.61099,2.10039,1.40826,1.86005,5.1386
2021-03-08,2.53706,2.07208,1.39823,1.83356,4.84761
2021-03-09,2.63712,2.11152,1.41211,1.86994,5.23001
2021-03-10,2.6296,2.10867,1.41109,1.86725,5.20014
2021-03-11,2.69016,2.1317,1.41927,1.88889,5.43968
2021-03-12,2.66834,2.12359,1.41637,1.88118,5.35142
2021-03-15,2.66979,2.12413,1.41656,1.8817,5.35726
2021-03-16,2.66979,2.12413,1.41656,1.8817,5.35726
2021-03-17,2.66979,2.12413,1.41656,1.8817,5.35726
2021-03-18,2.66979,2.12413,1.41656,1.8817,5.35726
2021-03-19,2.66979,2.12413,1.41656,1.8817,5.35726
2021-03-22,2.66979,2.12413,1.41656,1.8817,5.35726
2021-03-23,2.66979,2.12413,1.41656,1.8817,5.35726
2021-03-24,2.66979,2.12413,1.41656,1.8817,5.35726
2021-03-25,2.66979,2.12413,1.41656,1.8817,5.35726
2021-03-26,2.66979,2.12413,1.41656,1.8817,5.35726
2021-03-29,2.66979,2.12413,1.41656,1.8817,5.35726
2021-03-30,2.66979,2.12413,1.41656,1.8817,5.35726
2021-03-31,2.66979,2.12413,1.41656,1.8817,5.35726
2021-04-01,2.66979,2.12413,1.41656,1.8817,5.35726
2021-04-05,2.66979,2.12413,1.41656,1.8817,5.35726
2021-04-06,2.66979,2.12413,1.41656,1.8817,5.35726
2021-04-07,2.66979,2.12413,1.41656,1.8817,5.35726
2021-04-08,2.66979,2.12413,1.41656,1.8817,5.35726
2021-04-09,2.66979,2.12413,1.41656,1.8817,5.35726
2021-04-12,2.66979,2.12413,1.41656,1.8817,5.35726
2021-04-13,2.66979,2.12413,1.41656,1.8817,5.35726
2021-04-14,2.66979,2.12413,1.41656,1.8817,5.35726
2021-04-15,2.66979,2.12413,1.41656,1.8817,5.35726
2021-04-16,2.66979,2.12413,1.41656,1.8817,5.35726
2021-04-19,2.66979,2.12413,1.41656,1.8817,5.35726
2021-04-20,2.66979,2.12413,1.41656,1.8817,5.35726
2021-04-21,2.66979,2.12413,1.41656,1.8817,5.35726
2021-04-22,2.66979,2.12413,1.41656,1.8817,5.35726
2021-04-23,2.66979,2.12413,1.41656,1.8817,5.35726
2021-04-26,2.66979,2.12413,1.41656,1.8817,5.35726
2021-04-27,2.66979,2.12413,1.41656,1.8817,5.35726
2021-04-28,2.66979,2.12413,1.41656,1.8817,5.35726
2021-04-29,2.66979,2.12413,1.41656,1.8817,5.35726
2021-04-30,2.66979,2.12413,1.41656,1.8817,5.35726
2021-05-03,2.66979,2.12413,1.41656,1.8817,5.35726
2021-05-04,2.6411,2.11338,1.41126,1.8676,5.24211
2021-05-05,2.63222,2.11002,1.4096,1.86322,5.20686
2021-05-06,2.65206,2.11756,1.41331,1.87301,5.28535
2021-05-07,2.67358,2.12567,1.4173,1.88361,5.37112
2021-05-10,2.60606,2.10042,1.40483,1.85044,5.09983
2021-05-11,2.60246,2.09904,1.40415,1.84866,5.08574
2021-05-12,2.5351,2.07316,1.39148,1.8153,4.82248
2021-05-13,2.5547,2.08089,1.39523,1.82509,4.89705
2021-05-14,2.6111,2.10296,1.40597,1.85318,5.11327
2021-05-17,2.59526,2.0969,1.403,1.84534,5.05123
2021-05-18,2.57774,2.09015,1.39969,1.83665,4.98303
2021-05-19,2.5807,2.09129,1.40026,1.83812,4.99447
2021-05-20,2.63062,2.11064,1.4097,1.86291,5.18769
2021-05-21,2.6421,2.115,1.41184,1.86858,5.23296
2021-05-24,2.6421,2.115,1.41184,1.86858,5.23296
2021-05-25,2.6421,2.115,1.41184,1.86858,5.23296
2021-05-26,2.6421,2.115,1.41184,1.86858,5.23296
2021-05-27,2.6421,2.115,1.41184,1.86858,5.23296
2021-05-28,2.6421,2.115,1.41184,1.86858,5.23296
2021-06-01,2.6421,2.115,1.41184,1.86858,5.23296
2021-06-02,2.6421,2.115,1.41184,1.86858,5.23296
2021-06-03,2.6421,2.115,1.41184,1.86858,5.23296
2021-06-04,2.67062,2.1258,1.41713,1.88257,5.34594
2021-06-07,2.67858,2.12878,1.41859,1.88646,5.3778
2021-06-08,2.69151,2.13361,1.42097,1.89278,5.42975
2021-06-09,2.69151,2.13361,1.42097,1.89278,5.42975
2021-06-10,2.69151,2.13361,1.42097,1.89278,5.42975
2021-06-11,2.69151,2.13361,1.42097,1.89278,5.42975
2021-06-14,2.69151,2.13361,1.42097,1.89278,5.42975
2021-06-15,2.69151,2.13361,1.42097,1.89278,5.42975
2021-06-16,2.69151,2.13361,1.42097,1.89278,5.42975
2021-06-17,2.69151,2.13361,1.42097,1.89278,5.42975
2021-06-18,2.69151,2.13361,1.42097,1.89278,5.42975
2021-06-21,2.69151,2.13361,1.42097,1.89278,5.42975
2021-06-22,2.69151,2.13361,1.42097,1.89278,5.42975
2021-06-23,2.69151,2.13361,1.42097,1.89278,5.42975
2021-06-24,2.69151,2.13361,1.42097,1.89278,5.42975
2021-06-25,2.69151,2.13361,1.42097,1.89278,5.42975
2021-06-28,2.69151,2.13361,1.42097,1.89278,5.42975
2021-06-29,2.69151,2.13361,1.42097,1.89278,5.42975
2021-06-30,2.69151,2.13361,1.42097,1.89278,5.42975
2021-07-01,2.69151,2.13361,1.42097,1.89278,5.42975
2021-07-02,2.69151,2.13361,1.42097,1.89278,5.42975
2021-07-06,2.69151,2.13361,1.42097,1.89278,5.42975
2021-07-07,2.69151,2.13361,1.42097,1.89278,5.42975
2021-07-08,2.69151,2.13361,1.42097,1.89278,5.42975
2021-07-09,2.69151,2.13361,1.42097,1.89278,5.42975
2021-07-12,2.69151,2.13361,1.42097,1.89278,5.42975
2021-07-13,2.69151,2.13361,1.42097,1.89278,5.42975
2021-07-14,2.69151,2.13361,1.42097,1.89278,5.42975
2021-07-15,2.69151,2.13361,1.42097,1.89278,5.42975
2021-07-16,2.69151,2.13361,1.42097,1.89278,5.42975
2021-07-19,2.69488,2.13486,1.42177,1.89491,5.44333
2021-07-20,2.72618,2.14647,1.42921,1.91476,5.5698
2021-07-21,2.72148,2.14475,1.4281,1.91178,5.55057
2021-07-22,2.72148,2.14475,1.4281,1.91178,5.55057
2021-07-23,2.72148,2.14475,1.4281,1.91178,5.55057
2021-07-26,2.72148,2.14475,1.4281,1.91178,5.55057
2021-07-27,2.72148,2.14475,1.4281,1.91178,5.55057
2021-07-28,2.72148,2.14475,1.4281,1.91178,5.55057
2021-07-29,2.72148,2.14475,1.4281,1.91178,5.55057
2021-07-30,2.72148,2.14475,1.4281,1.91178,5.55057
2021-08-02,2.72148,2.14475,1.4281,1.91178,5.55057
2021-08-03,2.72148,2.14475,1.4281,1.91178,5.55057
2021-08-04,2.72148,2.14475,1.4281,1.91178,5.55057
2021-08-05,2.72148,2.14475,1.4281,1.91178,5.55057
2021-08-06,2.72148,2.14475,1.4281,1.91178,5.55057
2021-08-09,2.72148,2.14475,1.4281,1.91178,5.55057
2021-08-10,2.72148,2.14475,1.4281,1.91178,5.55057
2021-08-11,2.72148,2.14475,1.4281,1.91178,5.55057
2021-08-12,2.72148,2.14475,1.4281,1.91178,5.55057
2021-08-13,2.72148,2.14475,1.4281,1.91178,5.55057
2021-08-16,2.72148,2.14475,1.4281,1.91178,5.55057
2021-08-17,2.72148,2.14475,1.4281,1.91178,5.55057
2021-08-18,2.698,2.13612,1.42224,1.89608,5.45478
2021-08-19,2.71103,2.14095,1.42551,1.9048,5.50749
2021-08-20,2.73911,2.15131,1.43253,1.92358,5.62159
2021-08-23,2.74571,2.15372,1.43417,1.92799,5.64867
2021-08-24,2.74571,2.15372,1.43417,1.92799,5.64867
2021-08-25,2.74571,2.15372,1.43417,1.92799,5.64867
2021-08-26,2.74571,2.15372,1.43417,1.92799,5.64867
2021-08-27,2.74571,2.15372,1.43417,1.92799,5.64867
2021-08-30,2.74571,2.15372,1.43417,1.92799,5.64867
2021-08-31,2.74571,2.15372,1.43417,1.92799,5.64867
2021-09-01,2.74571,2.15372,1.43417,1.92799,5.64867
2021-09-02,2.74571,2.15372,1.43417,1.92799,5.64867
2021-09-03,2.74571,2.15372,1.43417,1.92799,5.64867
2021-09-07,2.74571,2.15372,1.43417,1.92799,5.64867
2021-09-08,2.74571,2.15372,1.43417,1.92799,5.64867
2021-09-09,2.74571,2.15372,1.43417,1.92799,5.64867
2021-09-10,2.71094,2.14105,1.42416,1.90357,5.50559
2021-09-13,2.70906,2.14036,1.42362,1.90225,5.49798
2021-09-14,2.70136,2.13752,1.42139,1.89684,5.46672
2021-09-15,2.72145,2.14495,1.42721,1.91095,5.54801
2021-09-16,2.72332,2.14564,1.42776,1.91226,5.55564
2021-09-17,2.71843,2.14385,1.42634,1.90883,5.5357
2021-09-20,2.70406,2.13856,1.42288,1.89957,5.47717
2021-09-21,2.70738,2.13979,1.42369,1.90171,5.49064
2021-09-22,2.73267,2.14913,1.42979,1.91801,5.59322
2021-09-23,2.75789,2.15836,1.43584,1.93425,5.69643
2021-09-24,2.73929,2.15161,1.4314,1.92228,5.6196
2021-09-27,2.73929,2.15161,1.4314,1.92228,5.6196
2021-09-28,2.73929,2.15161,1.4314,1.92228,5.6196
2021-09-29,2.72359,2.14588,1.42846,1.91439,5.5552
2021-09-30,2.71358,2.14221,1.42658,1.90936,5.51438
2021-10-01,2.73041,2.14841,1.42975,1.91784,5.58277
2021-10-04,2.6731,2.12742,1.419,1.88901,5.34841
2021-10-05,2.70919,2.14092,1.42586,1.90727,5.49281
2021-10-06,2.72655,2.14733,1.42913,1.91602,5.5632
2021-10-07,2.7489,2.15553,1.43333,1.92727,5.65442
2021-10-08,2.7489,2.15553,1.43333,1.92727,5.65442
2021-10-11,2.7489,2.15553,1.43333,1.92727,5.65442
2021-10-12,2.7489,2.15553,1.43333,1.92727,5.65442
2021-10-13,2.7489,2.15553,1.43333,1.92727,5.65442
2021-10-14,2.7489,2.15553,1.43333,1.92727,5.65442
2021-10-15,2.7489,2.15553,1.43333,1.92727,5.65442
2021-10-18,2.7489,2.15553,1.43333,1.92727,5.65442
2021-10-19,2.7489,2.15553,1.43333,1.92727,5.65442
2021-10-20,2.7489,2.15553,1.43333,1.92727,5.65442
2021-10-21,2.7489,2.15553,1.43333,1.92727,5.65442
2021-10-22,2.7489,2.15553,1.43333,1.92727,5.65442
2021-10-25,2.7489,2.15553,1.43333,1.92727,5.65442
2021-10-26,2.7489,2.15553,1.43333,1.92727,5.65442
2021-10-27,2.7489,2.15553,1.43333,1.92727,5.65442
2021-10-28,2.7489,2.15553,1.43333,1.92727,5.65442
2021-10-29,2.7489,2.15553,1.43333,1.92727,5.65442
2021-11-01,2.7489,2.15553,1.43333,1.92727,5.65442
2021-11-02,2.7489,2.15553,1.43333,1.92727,5.65442
2021-11-03,2.7489,2.15553,1.43333,1.92727,5.65442
2021-11-04,2.7489,2.15553,1.43333,1.92727,5.65442
2021-11-05,2.7489,2.15553,1.43333,1.92727,5.65442
2021-11-08,2.7489,2.15553,1.43333,1.92727,5.65442
2021-11-09,2.7489,2.15553,1.43333,1.92727,5.65442
2021-11-10,2.7489,2.15553,1.43333,1.92727,5.65442
2021-11-11,2.73367,2.14998,1.43008,1.91854,5.59176
2021-11-12,2.76243,2.16051,1.43624,1.93505,5.70943
2021-11-15,2.7618,2.16028,1.4361,1.93469,5.70683
2021-11-16,2.78147,2.1674,1.44028,1.94596,5.78811
2021-11-17,2.78294,2.16793,1.4406,1.9468,5.79422
2021-11-18,2.81178,2.17829,1.4467,1.9633,5.9143
2021-11-19,2.82745,2.18387,1.45,1.97225,5.98025
2021-11-22,2.83709,2.18727,1.45202,1.97775,6.02102
2021-11-23,2.83709,2.18727,1.45202,1.97775,6.02102
2021-11-24,2.83709,2.18727,1.45202,1.97775,6.02102
2021-11-26,2.83709,2.18727,1.45202,1.97775,6.02102
2021-11-29,2.86289,2.19637,1.45686,1.99093,6.13053
2021-11-30,2.82085,2.18168,1.44902,1.9695,5.95046
2021-12-01,2.77286,2.16467,1.43999,1.94495,5.74799
2021-12-02,2.79284,2.17188,1.44379,1.95522,5.83085
2021-12-03,2.74428,2.15449,1.43459,1.93031,5.62806
2021-12-06,2.76627,2.1625,1.4388,1.94165,5.71826
2021-12-07,2.84957,2.19261,1.45468,1.98449,6.06266
2021-12-08,2.85058,2.19297,1.45487,1.985,6.06695
2021-12-09,2.85058,2.19297,1.45487,1.985,6.06695
2021-12-10,2.85058,2.19297,1.45487,1.985,6.06695
2021-12-13,2.85058,2.19297,1.45487,1.985,6.06695
2021-12-14,2.85058,2.19297,1.45487,1.985,6.06695
2021-12-15,2.85058,2.19297,1.45487,1.985,6.06695
2021-12-16,2.85058,2.19297,1.45487,1.985,6.06695
2021-12-17,2.85058,2.19297,1.45487,1.985,6.06695
2021-12-20,2.85058,2.19297,1.45487,1.985,6.06695
2021-12-21,2.88744,2.2059,1.45946,1.99754,6.22384
2021-12-22,2.88377,2.20463,1.45901,1.9963,6.20803
2021-12-23,2.88377,2.20463,1.45901,1.9963,6.20803
2021-12-27,2.88377,2.20463,1.45901,1.9963,6.20803
2021-12-28,2.88377,2.20463,1.45901,1.9963,6.20803
2021-12-29,2.88377,2.20463,1.45901,1.9963,6.20803
2021-12-30,2.88377,2.20463,1.45901,1.9963,6.20803
2021-12-31,2.88377,2.20463,1.45901,1.9963,6.20803
2022-01-03,2.88377,2.20463,1.45901,1.9963,6.20803
2022-01-04,2.88377,2.20463,1.45901,1.9963,6.20803
2022-01-05,2.88377,2.20463,1.45901,1.9963,6.20803
2022-01-06,2.89439,2.20831,1.46046,2.00028,6.25374
2022-01-07,2.86303,2.19748,1.45617,1.98854,6.11825
2022-01-10,2.86492,2.19814,1.45643,1.98925,6.12631
2022-01-11,2.90795,2.21316,1.46236,2.00545,6.31036
2022-01-12,2.92639,2.2195,1.46488,2.01234,6.39037
2022-01-13,2.92639,2.2195,1.46488,2.01234,6.39037
2022-01-14,2.92639,2.2195,1.46488,2.01234,6.39037
2022-01-18,2.92639,2.2195,1.46488,2.01234,6.39037
2022-01-19,2.88036,2.20377,1.45936,1.99717,6.18935
2022-01-20,2.84295,2.19078,1.45481,1.98473,6.02857
2022-01-21,2.76412,2.16305,1.44514,1.95835,5.69424
2022-01-24,2.77677,2.16763,1.44673,1.96264,5.74638
2022-01-25,2.7124,2.14445,1.43869,1.94083,5.47996
2022-01-26,2.70816,2.14288,1.43815,1.93938,5.46281
2022-01-27,2.68089,2.13281,1.43468,1.93001,5.35279
2022-01-28,2.76498,2.16418,1.44547,1.95904,5.68861
2022-01-31,2.8534,2.19616,1.45655,1.98907,6.05244
2022-02-01,2.86282,2.19946,1.4577,1.99222,6.09237
2022-02-02,2.86282,2.19946,1.4577,1.99222,6.09237
2022-02-03,2.86282,2.19946,1.4577,1.99222,6.09237
2022-02-04,2.86282,2.19946,1.4577,1.99222,6.09237
2022-02-07,2.86282,2.19946,1.4577,1.99222,6.09237
2022-02-08,2.86282,2.19946,1.4577,1.99222,6.09237
2022-02-09,2.86282,2.19946,1.4577,1.99222,6.09237
2022-02-10,2.86282,2.19946,1.4577,1.99222,6.09237
2022-02-11,2.86282,2.19946,1.4577,1.99222,6.09237
2022-02-14,2.86282,2.19946,1.4577,1.99222,6.09237
2022-02-15,2.86282,2.19946,1.4577,1.99222,6.09237
2022-02-16,2.86282,2.19946,1.4577,1.99222,6.09237
2022-02-17,2.86282,2.19946,1.4577,1.99222,6.09237
2022-02-18,2.86282,2.19946,1.4577,1.99222,6.09237
2022-02-22,2.86282,2.19946,1.4577,1.99222,6.09237
2022-02-23,2.86282,2.19946,1.4577,1.99222,6.09237
2022-02-24,2.86282,2.19946,1.4577,1.99222,6.09237
2022-02-25,2.86282,2.19946,1.4577,1.99222,6.09237
2022-02-28,2.86282,2.19946,1.4577,1.99222,6.09237
2022-03-01,2.86282,2.19946,1.4577,1.99222,6.09237
2022-03-02,2.86282,2.19946,1.4577,1.99222,6.09237
2022-03-03,2.86282,2.19946,1.4577,1.99222,6.09237
2022-03-04,2.86282,2.19946,1.4577,1.99222,6.09237
2022-03-07,2.86282,2.19946,1.4577,1.99222,6.09237
2022-03-08,2.86282,2.19946,1.4577,1.99222,6.09237
2022-03-09,2.86282,2.19946,1.4577,1.99222,6.09237
2022-03-10,2.86282,2.19946,1.4577,1.99222,6.09237
2022-03-11,2.86282,2.19946,1.4577,1.99222,6.09237
2022-03-14,2.86282,2.19946,1.4577,1.99222,6.09237
2022-03-15,2.86282,2.19946,1.4577,1.99222,6.09237
2022-03-16,2.86282,2.19946,1.4577,1.99222,6.09237
2022-03-17,2.86282,2.19946,1.4577,1.99222,6.09237
2022-03-18,2.86282,2.19946,1.4577,1.99222,6.09237
2022-03-21,2.86282,2.19946,1.4577,1.99222,6.09237
2022-03-22,2.86282,2.19946,1.4577,1.99222,6.09237
2022-03-23,2.86282,2.19946,1.4577,1.99222,6.09237
2022-03-24,2.86282,2.19946,1.4577,1.99222,6.09237
2022-03-25,2.86282,2.19946,1.4577,1.99222,6.09237
2022-03-28,2.86282,2.19946,1.4577,1.99222,6.09237
2022-03-29,2.86282,2.19946,1.4577,1.99222,6.09237
2022-03-30,2.86282,2.19946,1.4577,1.99222,6.09237
2022-03-31,2.86282,2.19946,1.4577,1.99222,6.09237
2022-04-01,2.86282,2.19946,1.4577,1.99222,6.09237
2022-04-04,2.86282,2.19946,1.4577,1.99222,6.09237
2022-04-05,2.86282,2.19946,1.4577,1.99222,6.09237
2022-04-06,2.86282,2.19946,1.4577,1.99222,6.09237
2022-04-07,2.86282,2.19946,1.4577,1.99222,6.09237
2022-04-08,2.86282,2.19946,1.4577,1.99222,6.09237
2022-04-11,2.86282,2.19946,1.4577,1.99222,6.09237
2022-04-12,2.86282,2.19946,1.4577,1.99222,6.09237
2022-04-13,2.86282,2.19946,1.4577,1.99222,6.09237
2022-04-14,2.86282,2.19946,1.4577,1.99222,6.09237
2022-04-18,2.86282,2.19946,1.4577,1.99222,6.09237
2022-04-19,2.86282,2.19946,1.4577,1.99222,6.09237
2022-04-20,2.86282,2.19946,1.4577,1.99222,6.09237
2022-04-21,2.86282,2.19946,1.4577,1.99222,6.09237
2022-04-22,2.86282,2.19946,1.4577,1.99222,6.09237
2022-04-25,2.86282,2.19946,1.4577,1.99222,6.09237
2022-04-26,2.86282,2.19946,1.4577,1.99222,6.09237
2022-04-27,2.86282,2.19946,1.4577,1.99222,6.09237
2022-04-28,2.86282,2.19946,1.4577,1.99222,6.09237
2022-04-29,2.86282,2.19946,1.4577,1.99222,6.09237
2022-05-02,2.86282,2.19946,1.4577,1.99222,6.09237
2022-05-03,2.86282,2.19946,1.4577,1.99222,6.09237
2022-05-04,2.86282,2.19946,1.4577,1.99222,6.09237
2022-05-05,2.86282,2.19946,1.4577,1.99222,6.09237
2022-05-06,2.86282,2.19946,1.4577,1.99222,6.09237
2022-05-09,2.86282,2.19946,1.4577,1.99222,6.09237
2022-05-10,2.86282,2.19946,1.4577,1.99222,6.09237
2022-05-11,2.86282,2.19946,1.4577,1.99222,6.09237
2022-05-12,2.86282,2.19946,1.4577,1.99222,6.09237
2022-05-13,2.86282,2.19946,1.4577,1.99222,6.09237
2022-05-16,2.86282,2.19946,1.4577,1.99222,6.09237
2022-05-17,2.86282,2.19946,1.4577,1.99222,6.09237
2022-05-18,2.86282,2.19946,1.4577,1.99222,6.09237
2022-05-19,2.86282,2.19946,1.4577,1.99222,6.09237
2022-05-20,2.86282,2.19946,1.4577,1.99222,6.09237
2022-05-23,2.86282,2.19946,1.4577,1.99222,6.09237
2022-05-24,2.86282,2.19946,1.4577,1.99222,6.09237
2022-05-25,2.86282,2.19946,1.4577,1.99222,6.09237
2022-05-26,2.86282,2.19946,1.4577,1.99222,6.09237
2022-05-27,2.86282,2.19946,1.4577,1.99222,6.09237
2022-05-31,2.86282,2.19946,1.4577,1.99222,6.09237
2022-06-01,2.86282,2.19946,1.4577,1.99222,6.09237
2022-06-02,2.86282,2.19946,1.4577,1.99222,6.09237
2022-06-03,2.86282,2.19946,1.4577,1.99222,6.09237
2022-06-06,2.86282,2.19946,1.4577,1.99222,6.09237
2022-06-07,2.86282,2.19946,1.4577,1.99222,6.09237
2022-06-08,2.86282,2.19946,1.4577,1.99222,6.09237
2022-06-09,2.86282,2.19946,1.4577,1.99222,6.09237
2022-06-10,2.86282,2.19946,1.4577,1.99222,6.09237
2022-06-13,2.86282,2.19946,1.4577,1.99222,6.09237
2022-06-14,2.86282,2.19946,1.4577,1.99222,6.09237
2022-06-15,2.86282,2.19946,1.4577,1.99222,6.09237
2022-06-16,2.86282,2.19946,1.4577,1.99222,6.09237
2022-06-17,2.86282,2.19946,1.4577,1.99222,6.09237
2022-06-21,2.86282,2.19946,1.4577,1.99222,6.09237
2022-06-22,2.86282,2.19946,1.4577,1.99222,6.09237
2022-06-23,2.86282,2.19946,1.4577,1.99222,6.09237
2022-06-24,2.86282,2.19946,1.4577,1.99222,6.09237
2022-06-27,2.86282,2.19946,1.4577,1.99222,6.09237
2022-06-28,2.86282,2.19946,1.4577,1.99222,6.09237
2022-06-29,2.86282,2.19946,1.4577,1.99222,6.09237
2022-06-30,2.86282,2.19946,1.4577,1.99222,6.09237
2022-07-01,2.86282,2.19946,1.4577,1.99222,6.09237
2022-07-05,2.86282,2.19946,1.4577,1.99222,6.09237
2022-07-06,2.86282,2.19946,1.4577,1.99222,6.09237
2022-07-07,2.86282,2.19946,1.4577,1.99222,6.09237
2022-07-08,2.86282,2.19946,1.4577,1.99222,6.09237
2022-07-11,2.86282,2.19946,1.4577,1.99222,6.09237
2022-07-12,2.86282,2.19946,1.4577,1.99222,6.09237
2022-07-13,2.86282,2.19946,1.4577,1.99222,6.09237
2022-07-14,2.86282,2.19946,1.4577,1.99222,6.09237
2022-07-15,2.86282,2.19946,1.4577,1.99222,6.09237
2022-07-18,2.86282,2.19946,1.4577,1.99222,6.09237
2022-07-19,2.86282,2.19946,1.4577,1.99222,6.09237
2022-07-20,2.86282,2.19946,1.4577,1.99222,6.09237
2022-07-21,2.86282,2.19946,1.4577,1.99222,6.09237
2022-07-22,2.86282,2.19946,1.4577,1.99222,6.09237
2022-07-25,2.86282,2.19946,1.4577,1.99222,6.09237
2022-07-26,2.86282,2.19946,1.4577,1.99222,6.09237
2022-07-27,2.86282,2.19946,1.4577,1.99222,6.09237
2022-07-28,2.86282,2.19946,1.4577,1.99222,6.09237
2022-07-29,2.86282,2.19946,1.4577,1.99222,6.09237
2022-08-01,2.86282,2.19946,1.4577,1.99222,6.09237
2022-08-02,2.86282,2.19946,1.4577,1.99222,6.09237
2022-08-03,2.86282,2.19946,1.4577,1.99222,6.09237
2022-08-04,2.86282,2.19946,1.4577,1.99222,6.09237
2022-08-05,2.86282,2.19946,1.4577,1.99222,6.09237
2022-08-08,2.86282,2.19946,1.4577,1.99222,6.09237
2022-08-09,2.86282,2.19946,1.4577,1.99222,6.09237
2022-08-10,2.86282,2.19946,1.4577,1.99222,6.09237
2022-08-11,2.86282,2.19946,1.4577,1.99222,6.09237
2022-08-12,2.86282,2.19946,1.4577,1.99222,6.09237
2022-08-15,2.86282,2.19946,1.4577,1.99222,6.09237
2022-08-16,2.86282,2.19946,1.4577,1.99222,6.09237
2022-08-17,2.86282,2.19946,1.4577,1.99222,6.09237
2022-08-18,2.86282,2.19946,1.4577,1.99222,6.09237
2022-08-19,2.86282,2.19946,1.4577,1.99222,6.09237
2022-08-22,2.86282,2.19946,1.4577,1.99222,6.09237
2022-08-23,2.86282,2.19946,1.4577,1.99222,6.09237
2022-08-24,2.86282,2.19946,1.4577,1.99222,6.09237
2022-08-25,2.86282,2.19946,1.4577,1.99222,6.09237
2022-08-26,2.86282,2.19946,1.4577,1.99222,6.09237
2022-08-29,2.86282,2.19946,1.4577,1.99222,6.09237
2022-08-30,2.86282,2.19946,1.4577,1.99222,6.09237
2022-08-31,2.86282,2.19946,1.4577,1.99222,6.09237
2022-09-01,2.86282,2.19946,1.4577,1.99222,6.09237
2022-09-02,2.86282,2.19946,1.4577,1.99222,6.09237
2022-09-06,2.86282,2.19946,1.4577,1.99222,6.09237
2022-09-07,2.86282,2.19946,1.4577,1.99222,6.09237
2022-09-08,2.86282,2.19946,1.4577,1.99222,6.09237
2022-09-09,2.86282,2.19946,1.4577,1.99222,6.09237
2022-09-12,2.86282,2.19946,1.4577,1.99222,6.09237
2022-09-13,2.86282,2.19946,1.4577,1.99222,6.09237
2022-09-14,2.86282,2.19946,1.4577,1.99222,6.09237
2022-09-15,2.86282,2.19946,1.4577,1.99222,6.09237
2022-09-16,2.86282,2.19946,1.4577,1.99222,6.09237
2022-09-19,2.86282,2.19946,1.4577,1.99222,6.09237
2022-09-20,2.86282,2.19946,1.4577,1.99222,6.09237
2022-09-21,2.86282,2.19946,1.4577,1.99222,6.09237
2022-09-22,2.86282,2.19946,1.4577,1.99222,6.09237
2022-09-23,2.86282,2.19946,1.4577,1.99222,6.09237
2022-09-26,2.86282,2.19946,1.4577,1.99222,6.09237
2022-09-27,2.86282,2.19946,1.4577,1.99222,6.09237
2022-09-28,2.86282,2.19946,1.4577,1.99222,6.09237
2022-09-29,2.86282,2.19946,1.4577,1.99222,6.09237
2022-09-30,2.86282,2.19946,1.4577,1.99222,6.09237
2022-10-03,2.86282,2.19946,1.4577,1.99222,6.09237
2022-10-04,2.86282,2.19946,1.4577,1.99222,6.09237
2022-10-05,2.86282,2.19946,1.4577,1.99222,6.09237
2022-10-06,2.86282,2.19946,1.4577,1.99222,6.09237
2022-10-07,2.86282,2.19946,1.4577,1.99222,6.09237
2022-10-10,2.86282,2.19946,1.4577,1.99222,6.09237
2022-10-11,2.86282,2.19946,1.4577,1.99222,6.09237
2022-10-12,2.86282,2.19946,1.4577,1.99222,6.09237
2022-10-13,2.86282,2.19946,1.4577,1.99222,6.09237
2022-10-14,2.86282,2.19946,1.4577,1.99222,6.09237
2022-10-17,2.86282,2.19946,1.4577,1.99222,6.09237
2022-10-18,2.86282,2.19946,1.4577,1.99222,6.09237
2022-10-19,2.86282,2.19946,1.4577,1.99222,6.09237
2022-10-20,2.86282,2.19946,1.4577,1.99222,6.09237
2022-10-21,2.86282,2.19946,1.4577,1.99222,6.09237
2022-10-24,2.86282,2.19946,1.4577,1.99222,6.09237
2022-10-25,2.86282,2.19946,1.4577,1.99222,6.09237
2022-10-26,2.86282,2.19946,1.4577,1.99222,6.09237
2022-10-27,2.86282,2.19946,1.4577,1.99222,6.09237
2022-10-28,2.86282,2.19946,1.4577,1.99222,6.09237
2022-10-31,2.86282,2.19946,1.4577,1.99222,6.09237
2022-11-01,2.86282,2.19946,1.4577,1.99222,6.09237
2022-11-02,2.86282,2.19946,1.4577,1.99222,6.09237
2022-11-03,2.86282,2.19946,1.4577,1.99222,6.09237
2022-11-04,2.86282,2.19946,1.4577,1.99222,6.09237
2022-11-07,2.86282,2.19946,1.4577,1.99222,6.09237
2022-11-08,2.86282,2.19946,1.4577,1.99222,6.09237
2022-11-09,2.86282,2.19946,1.4577,1.99222,6.09237
2022-11-10,2.86282,2.19946,1.4577,1.99222,6.09237
2022-11-11,2.86282,2.19946,1.4577,1.99222,6.09237
2022-11-14,2.86282,2.19946,1.4577,1.99222,6.09237
2022-11-15,2.86282,2.19946,1.4577,1.99222,6.09237
2022-11-16,2.86282,2.19946,1.4577,1.99222,6.09237
2022-11-17,2.86282,2.19946,1.4577,1.99222,6.09237
2022-11-18,2.86282,2.19946,1.4577,1.99222,6.09237
2022-11-21,2.86282,2.19946,1.4577,1.99222,6.09237
2022-11-22,2.86282,2.19946,1.4577,1.99222,6.09237
2022-11-23,2.86282,2.19946,1.4577,1.99222,6.09237
2022-11-25,2.86282,2.19946,1.4577,1.99222,6.09237
2022-11-28,2.86282,2.19946,1.4577,1.99222,6.09237
2022-11-29,2.86282,2.19946,1.4577,1.99222,6.09237
2022-11-30,2.86282,2.19946,1.4577,1.99222,6.09237
2022-12-01,2.86282,2.19946,1.4577,1.99222,6.09237
2022-12-02,2.86282,2.19946,1.4577,1.99222,6.09237
2022-12-05,2.86282,2.19946,1.4577,1.99222,6.09237
2022-12-06,2.86282,2.19946,1.4577,1.99222,6.09237
2022-12-07,2.86282,2.19946,1.4577,1.99222,6.09237
2022-12-08,2.86282,2.19946,1.4577,1.99222,6.09237
2022-12-09,2.86282,2.19946,1.4577,1.99222,6.09237
2022-12-12,2.86282,2.19946,1.4577,1.99222,6.09237
2022-12-13,2.86282,2.19946,1.4577,1.99222,6.09237
2022-12-14,2.86282,2.19946,1.4577,1.99222,6.09237
2022-12-15,2.86282,2.19946,1.4577,1.99222,6.09237
2022-12-16,2.86282,2.19946,1.4577,1.99222,6.09237
2022-12-19,2.86282,2.19946,1.4577,1.99222,6.09237
2022-12-20,2.86282,2.19946,1.4577,1.99222,6.09237
2022-12-21,2.86282,2.19946,1.4577,1.99222,6.09237
2022-12-22,2.86282,2.19946,1.4577,1.99222,6.09237
2022-12-23,2.86282,2.19946,1.4577,1.99222,6.09237
2022-12-27,2.86282,2.19946,1.4577,1.99222,6.09237
2022-12-28,2.86282,2.19946,1.4577,1.99222,6.09237
2022-12-29,2.86282,2.19946,1.4577,1.99222,6.09237
2022-12-30,2.86282,2.19946,1.4577,1.99222,6.09237
2023-01-03,2.86282,2.19946,1.4577,1.99222,6.09237
2023-01-04,2.86282,2.19946,1.4577,1.99222,6.09237
2023-01-05,2.86282,2.19946,1.4577,1.99222,6.09237
2023-01-06,2.86282,2.19946,1.4577,1.99222,6.09237
2023-01-09,2.86282,2.19946,1.4577,1.99222,6.09237
2023-01-10,2.86282,2.19946,1.4577,1.99222,6.09237
2023-01-11,2.86282,2.19946,1.4577,1.99222,6.09237
2023-01-12,2.86282,2.19946,1.4577,1.99222,6.09237
2023-01-13,2.86282,2.19946,1.4577,1.99222,6.09237
2023-01-17,2.86282,2.19946,1.4577,1.99222,6.09237
2023-01-18,2.86282,2.19946,1.4577,1.99222,6.09237
2023-01-19,2.86282,2.19946,1.4577,1.99222,6.09237
2023-01-20,2.86282,2.19946,1.4577,1.99222,6.09237
2023-01-23,2.86282,2.19946,1.4577,1.99222,6.09237
2023-01-24,2.86282,2.19946,1.4577,1.99222,6.09237
2023-01-25,2.86282,2.19946,1.4577,1.99222,6.09237
2023-01-26,2.86282,2.19946,1.4577,1.99222,6.09237
2023-01-27,2.86282,2.19946,1.4577,1.99222,6.09237
2023-01-30,2.86282,2.19946,1.4577,1.99222,6.09237
2023-01-31,2.86282,2.19946,1.4577,1.99222,6.09237
2023-02-01,2.86282,2.19946,1.4577,1.99222,6.09237
2023-02-02,2.86282,2.19946,1.4577,1.99222,6.09237
2023-02-03,2.86282,2.19946,1.4577,1.99222,6.09237
2023-02-06,2.86282,2.19946,1.4577,1.99222,6.09237
2023-02-07,2.86282,2.19946,1.4577,1.99222,6.09237
2023-02-08,2.86282,2.19946,1.4577,1.99222,6.09237
2023-02-09,2.86282,2.19946,1.4577,1.99222,6.09237
2023-02-10,2.86282,2.19946,1.4577,1.99222,6.09237
2023-02-13,2.86282,2.19946,1.4577,1.99222,6.09237
2023-02-14,2.86282,2.19946,1.4577,1.99222,6.09237
2023-02-15,2.86282,2.19946,1.4577,1.99222,6.09237
2023-02-16,2.86282,2.19946,1.4577,1.99222,6.09237
2023-02-17,2.86282,2.19946,1.4577,1.99222,6.09237
2023-02-21,2.86282,2.19946,1.4577,1.99222,6.09237
2023-02-22,2.85779,2.1977,1.45711,1.99062,6.07099
2023-02-23,2.88275,2.20644,1.46003,1.99858,6.17703
2023-02-24,2.83448,2.18969,1.45443,1.98325,5.97018
2023-02-27,2.85478,2.19686,1.45681,1.98976,6.05568
2023-02-28,2.85109,2.19556,1.45638,1.98858,6.04003
2023-03-01,2.82817,2.18752,1.4537,1.98126,5.94291
2023-03-02,2.85158,2.1958,1.45646,1.98877,6.04128
2023-03-03,2.91053,2.21647,1.46335,2.0076,6.29107
2023-03-06,2.9213,2.22018,1.46459,2.011,6.33765
2023-03-07,2.9213,2.22018,1.46459,2.011,6.33765
2023-03-08,2.9213,2.22018,1.46459,2.011,6.33765
2023-03-09,2.9213,2.22018,1.46459,2.011,6.33765
2023-03-10,2.9213,2.22018,1.46459,2.011,6.33765
2023-03-13,2.9213,2.22018,1.46459,2.011,6.33765
2023-03-14,2.9213,2.22018,1.46459,2.011,6.33765
2023-03-15,2.9213,2.22018,1.46459,2.011,6.33765
2023-03-16,2.9213,2.22018,1.46459,2.011,6.33765
2023-03-17,2.9213,2.22018,1.46459,2.011,6.33765
2023-03-20,2.9213,2.22018,1.46459,2.011,6.33765
2023-03-21,2.9213,2.22018,1.46459,2.011,6.33765
2023-03-22,2.9213,2.22018,1.46459,2.011,6.33765
2023-03-23,2.9213,2.22018,1.46459,2.011,6.33765
2023-03-24,2.9213,2.22018,1.46459,2.011,6.33765
2023-03-27,2.9213,2.22018,1.46459,2.011,6.33765
2023-03-28,2.9213,2.22018,1.46459,2.011,6.33765
2023-03-29,2.9213,2.22018,1.46459,2.011,6.33765
2023-03-30,2.9213,2.22018,1.46459,2.011,6.33765
2023-03-31,2.9213,2.22018,1.46459,2.011,6.33765
2023-04-03,2.9213,2.22018,1.46459,2.011,6.33765
2023-04-04,2.9213,2.22018,1.46459,2.011,6.33765
2023-04-05,2.9213,2.22018,1.46459,2.011,6.33765
2023-04-06,2.9213,2.22018,1.46459,2.011,6.33765
2023-04-10,2.9213,2.22018,1.46459,2.011,6.33765
2023-04-11,2.9213,2.22018,1.46459,2.011,6.33765
2023-04-12,2.9213,2.22018,1.46459,2.011,6.33765
2023-04-13,2.9601,2.23345,1.47035,2.02681,6.50597
2023-04-14,2.95453,2.23157,1.46953,2.02456,6.48151
2023-04-17,2.94916,2.22976,1.46874,2.02238,6.45794
2023-04-18,2.94916,2.22976,1.46874,2.02238,6.45794
2023-04-19,2.94916,2.22976,1.46874,2.02238,6.45794
2023-04-20,2.94916,2.22976,1.46874,2.02238,6.45794
2023-04-21,2.95422,2.23147,1.46955,2.0246,6.48009
2023-04-24,2.95059,2.23025,1.46897,2.02301,6.4642
2023-04-25,2.90877,2.21607,1.4621,2.00409,6.28094
2023-04-26,2.92641,2.22214,1.46503,2.01211,6.35713
2023-04-27,3.00598,2.24933,1.47817,2.0482,6.70284
2023-04-28,3.02672,2.25623,1.48153,2.05753,6.79532
2023-05-01,3.0208,2.25427,1.48057,2.05487,6.76873
2023-05-02,3.0208,2.25427,1.48057,2.05487,6.76873
2023-05-03,3.0208,2.25427,1.48057,2.05487,6.76873
2023-05-04,3.0208,2.25427,1.48057,2.05487,6.76873
2023-05-05,3.06119,2.26764,1.48718,2.0732,6.94976
2023-05-08,3.06878,2.27012,1.48841,2.07663,6.9842
2023-05-09,3.05123,2.2644,1.48557,2.06871,6.90432
2023-05-10,3.05123,2.2644,1.48557,2.06871,6.90432
2023-05-11,3.05123,2.2644,1.48557,2.06871,6.90432
2023-05-12,3.05123,2.2644,1.48557,2.06871,6.90432
2023-05-15,3.05123,2.2644,1.48557,2.06871,6.90432
2023-05-16,3.05123,2.2644,1.48557,2.06871,6.90432
2023-05-17,3.05123,2.2644,1.48557,2.06871,6.90432
2023-05-18,3.05123,2.2644,1.48557,2.06871,6.90432
2023-05-19,3.05123,2.2644,1.48557,2.06871,6.90432
2023-05-22,3.05123,2.2644,1.48557,2.06871,6.90432
2023-05-23,3.05123,2.2644,1.48557,2.06871,6.90432
2023-05-24,3.05123,2.2644,1.48557,2.06871,6.90432
2023-05-25,3.05123,2.2644,1.48557,2.06871,6.90432
2023-05-26,3.05123,2.2644,1.48557,2.06871,6.90432
2023-05-30,3.05123,2.2644,1.48557,2.06871,6.90432
2023-05-31,3.05123,2.2644,1.48557,2.06871,6.90432
2023-06-01,3.05123,2.2644,1.48557,2.06871,6.90432
2023-06-02,3.05123,2.2644,1.48557,2.06871,6.90432
2023-06-05,3.05123,2.2644,1.48557,2.06871,6.90432
2023-06-06,3.05123,2.2644,1.48557,2.06871,6.90432
2023-06-07,3.05123,2.2644,1.48557,2.06871,6.90432
2023-06-08,3.08491,2.27544,1.49129,2.08463,7.05674
2023-06-09,3.0967,2.27926,1.49327,2.09019,7.11069
2023-06-12,3.14903,2.29616,1.50207,2.11482,7.35099
2023-06-13,3.17322,2.30384,1.50609,2.12615,7.46396
2023-06-14,3.19629,2.31111,1.50991,2.13692,7.57245
2023-06-15,3.23437,2.32302,1.51618,2.15468,7.75291
2023-06-16,3.25423,2.32917,1.51943,2.1639,7.84812
2023-06-20,3.25423,2.32917,1.51943,2.1639,7.84812
2023-06-21,3.25423,2.32917,1.51943,2.1639,7.84812
2023-06-22,3.30257,2.34402,1.52721,2.18607,8.08129
2023-06-23,3.26983,2.33411,1.52199,2.17113,7.92106
2023-06-26,3.26333,2.33212,1.52095,2.16815,7.88955
2023-06-27,3.30328,2.34436,1.5271,2.18569,8.08273
2023-06-28,3.30973,2.34631,1.52808,2.18851,8.11428
2023-06-29,3.30535,2.34499,1.52742,2.18659,8.09282
2023-06-30,3.30535,2.34499,1.52742,2.18659,8.09282
2023-07-03,3.30535,2.34499,1.52742,2.18659,8.09282
2023-07-05,3.30535,2.34499,1.52742,2.18659,8.09282
2023-07-06,3.30535,2.34499,1.52742,2.18659,8.09282
2023-07-07,3.30535,2.34499,1.52742,2.18659,8.09282
2023-07-10,3.30535,2.34499,1.52742,2.18659,8.09282
2023-07-11,3.30535,2.34499,1.52742,2.18659,8.09282
2023-07-12,3.30535,2.34499,1.52742,2.18659,8.09282
2023-07-13,3.30535,2.34499,1.52742,2.18659,8.09282
2023-07-14,3.30535,2.34499,1.52742,2.18659,8.09282
2023-07-17,3.30535,2.34499,1.52742,2.18659,8.09282
2023-07-18,3.30535,2.34499,1.52742,2.18659,8.09282
2023-07-19,3.30535,2.34499,1.52742,2.18659,8.09282
2023-07-20,3.30535,2.34499,1.52742,2.18659,8.09282
2023-07-21,3.27277,2.33513,1.52214,2.1715,7.93327
2023-07-24,3.278,2.33673,1.523,2.17393,7.95861
2023-07-25,3.30021,2.34351,1.52661,2.18425,8.0665
2023-07-26,3.28924,2.34018,1.52483,2.17916,8.01283
2023-07-27,3.2814,2.3378,1.52356,2.17552,7.97463
2023-07-28,3.34116,2.35601,1.53328,2.20327,8.26513
2023-07-31,3.34291,2.35653,1.53356,2.20408,8.27376
2023-08-01,3.33515,2.35421,1.53231,2.2005,8.23537
2023-08-02,3.26197,2.33227,1.52054,2.16668,7.87394
2023-08-03,3.25674,2.33067,1.51968,2.16425,7.8487
2023-08-04,3.24149,2.32598,1.51719,2.15715,7.7752
2023-08-07,3.26894,2.33445,1.52169,2.16994,7.90687
2023-08-08,3.24114,2.32595,1.51716,2.15702,7.77242
2023-08-09,3.20551,2.31495,1.51132,2.14041,7.6015
2023-08-10,3.21143,2.3168,1.5123,2.14318,7.62961
2023-08-11,3.19096,2.31043,1.50892,2.13361,7.53232
2023-08-14,3.22677,2.32165,1.51485,2.15038,7.70138
2023-08-15,3.21653,2.31848,1.51317,2.1456,7.65252
2023-08-16,3.21653,2.31848,1.51317,2.1456,7.65252
2023-08-17,3.1674,2.3032,1.50534,2.12341,7.41875
2023-08-18,3.16343,2.30195,1.5047,2.12161,7.40013
2023-08-21,3.21439,2.31806,1.51291,2.14475,7.63858
2023-08-22,3.23618,2.32484,1.51638,2.1546,7.74214
2023-08-23,3.23618,2.32484,1.51638,2.1546,7.74214
2023-08-24,3.23618,2.32484,1.51638,2.1546,7.74214
2023-08-25,3.23618,2.32484,1.51638,2.1546,7.74214
2023-08-28,3.23618,2.32484,1.51638,2.1546,7.74214
2023-08-29,3.23618,2.32484,1.51638,2.1546,7.74214
2023-08-30,3.23618,2.32484,1.51638,2.1546,7.74214
2023-08-31,3.23618,2.32484,1.51638,2.1546,7.74214
2023-09-01,3.23618,2.32484,1.51638,2.1546,7.74214
2023-09-05,3.23618,2.32484,1.51638,2.1546,7.74214
2023-09-06,3.23618,2.32484,1.51638,2.1546,7.74214
2023-09-07,3.23618,2.32484,1.51638,2.1546,7.74214
2023-09-08,3.23952,2.32587,1.51692,2.15612,7.75811
2023-09-11,3.26467,2.33363,1.52094,2.16755,7.87856
2023-09-12,3.26467,2.33363,1.52094,2.16755,7.87856
2023-09-13,3.26467,2.33363,1.52094,2.16755,7.87856
2023-09-14,3.26467,2.33363,1.52094,2.16755,7.87856
2023-09-15,3.26467,2.33363,1.52094,2.16755,7.87856
2023-09-18,3.26467,2.33363,1.52094,2.16755,7.87856
2023-09-19,3.26467,2.33363,1.52094,2.16755,7.87856
2023-09-20,3.26467,2.33363,1.52094,2.16755,7.87856
2023-09-21,3.23645,2.32499,1.51629,2.1543,7.74235
2023-09-22,3.2369,2.32513,1.51636,2.15451,7.74451
2023-09-25,3.25227,2.32988,1.51891,2.16175,7.81808
2023-09-26,3.20344,2.31486,1.51084,2.13878,7.58328
2023-09-27,3.21094,2.3172,1.51209,2.14232,7.61882
2023-09-28,3.23781,2.32557,1.51657,2.15501,7.74629
2023-09-29,3.24016,2.3263,1.51696,2.15611,7.75754
2023-10-02,3.2672,2.33464,1.52144,2.16885,7.88703
2023-10-03,3.20986,2.31709,1.51199,2.14191,7.6102
2023-10-04,3.25354,2.3307,1.51927,2.16254,7.81733
2023-10-05,3.24395,2.32775,1.51769,2.15803,7.77126
2023-10-06,3.29831,2.34451,1.52669,2.18362,8.03168
2023-10-09,3.31513,2.34961,1.52944,2.1915,8.1136
2023-10-10,3.31655,2.35004,1.52967,2.19216,8.12054
2023-10-11,3.31655,2.35004,1.52967,2.19216,8.12054
2023-10-12,3.31655,2.35004,1.52967,2.19216,8.12054
2023-10-13,3.31655,2.35004,1.52967,2.19216,8.12054
2023-10-16,3.31655,2.35004,1.52967,2.19216,8.12054
2023-10-17,3.31655,2.35004,1.52967,2.19216,8.12054
2023-10-18,3.31655,2.35004,1.52967,2.19216,8.12054
2023-10-19,3.31655,2.35004,1.52967,2.19216,8.12054
2023-10-20,3.27007,2.33602,1.52314,2.17345,7.89295
2023-10-23,3.27994,2.33904,1.52454,2.17744,7.94058
2023-10-24,3.31185,2.34877,1.52906,2.19035,8.09508
2023-10-25,3.28779,2.34151,1.52568,2.18065,7.97748
2023-10-26,3.28779,2.34151,1.52568,2.18065,7.97748
2023-10-27,3.27552,2.33778,1.52411,2.17618,7.91795
2023-10-30,3.31242,2.34904,1.52884,2.18967,8.09635
2023-10-31,3.32826,2.35382,1.53085,2.19543,8.17379
2023-11-01,3.33466,2.35574,1.53166,2.19776,8.2052
2023-11-02,3.33466,2.35574,1.53166,2.19776,8.2052
2023-11-03,3.33466,2.35574,1.53166,2.19776,8.2052
2023-11-06,3.33466,2.35574,1.53166,2.19776,8.2052
2023-11-07,3.33466,2.35574,1.53166,2.19776,8.2052
2023-11-08,3.33466,2.35574,1.53166,2.19776,8.2052
2023-11-09,3.33466,2.35574,1.53166,2.19776,8.2052
2023-11-10,3.33466,2.35574,1.53166,2.19776,8.2052
2023-11-13,3.33466,2.35574,1.53166,2.19776,8.2052
2023-11-14,3.33466,2.35574,1.53166,2.19776,8.2052
2023-11-15,3.33466,2.35574,1.53166,2.19776,8.2052
2023-11-16,3.33466,2.35574,1.53166,2.19776,8.2052
2023-11-17,3.33466,2.35574,1.53166,2.19776,8.2052
2023-11-20,3.33466,2.35574,1.53166,2.19776,8.2052
2023-11-21,3.33466,2.35574,1.53166,2.19776,8.2052
2023-11-22,3.33466,2.35574,1.53166,2.19776,8.2052
2023-11-24,3.33466,2.35574,1.53166,2.19776,8.2052
2023-11-27,3.33466,2.35574,1.53166,2.19776,8.2052
2023-11-28,3.33466,2.35574,1.53166,2.19776,8.2052
2023-11-29,3.33466,2.35574,1.53166,2.19776,8.2052
2023-11-30,3.33466,2.35574,1.53166,2.19776,8.2052
2023-12-01,3.33466,2.35574,1.53166,2.19776,8.2052
2023-12-04,3.33466,2.35574,1.53166,2.19776,8.2052
2023-12-05,3.35814,2.36279,1.53598,2.21016,8.32074
2023-12-06,3.38229,2.36998,1.5404,2.22289,8.4404
2023-12-07,3.38229,2.36998,1.5404,2.22289,8.4404
2023-12-08,3.38229,2.36998,1.5404,2.22289,8.4404
2023-12-11,3.38229,2.36998,1.5404,2.22289,8.4404
2023-12-12,3.38229,2.36998,1.5404,2.22289,8.4404
2023-12-13,3.38229,2.36998,1.5404,2.22289,8.4404
2023-12-14,3.38229,2.36998,1.5404,2.22289,8.4404
2023-12-15,3.38229,2.36998,1.5404,2.22289,8.4404
2023-12-18,3.38229,2.36998,1.5404,2.22289,8.4404
2023-12-19,3.38229,2.36998,1.5404,2.22289,8.4404
2023-12-20,3.38229,2.36998,1.5404,2.22289,8.4404
2023-12-21,3.38229,2.36998,1.5404,2.22289,8.4404
2023-12-22,3.38229,2.36998,1.5404,2.22289,8.4404
2023-12-26,3.38229,2.36998,1.5404,2.22289,8.4404
2023-12-27,3.38229,2.36998,1.5404,2.22289,8.4404
2023-12-28,3.38229,2.36998,1.5404,2.22289,8.4404
2023-12-29,3.38229,2.36998,1.5404,2.22289,8.4404
2024-01-02,3.38229,2.36998,1.5404,2.22289,8.4404
2024-01-03,3.36707,2.36548,1.53736,2.21409,8.36446
2024-01-04,3.34974,2.36033,1.53387,2.20407,8.27837
2024-01-05,3.35371,2.36152,1.53467,2.20637,8.29801
2024-01-08,3.42303,2.38218,1.54863,2.24649,8.64101
2024-01-09,3.39563,2.37418,1.54318,2.23067,8.5027
2024-01-10,3.39563,2.37418,1.54318,2.23067,8.5027
2024-01-11,3.39563,2.37418,1.54318,2.23067,8.5027
2024-01-12,3.39563,2.37418,1.54318,2.23067,8.5027
2024-01-16,3.39563,2.37418,1.54318,2.23067,8.5027
2024-01-17,3.39563,2.37418,1.54318,2.23067,8.5027
2024-01-18,3.39563,2.37418,1.54318,2.23067,8.5027
2024-01-19,3.39563,2.37418,1.54318,2.23067,8.5027
2024-01-22,3.39563,2.37418,1.54318,2.23067,8.5027
2024-01-23,3.39563,2.37418,1.54318,2.23067,8.5027
2024-01-24,3.39563,2.37418,1.54318,2.23067,8.5027
2024-01-25,3.39563,2.37418,1.54318,2.23067,8.5027
2024-01-26,3.39563,2.37418,1.54318,2.23067,8.5027
2024-01-29,3.39563,2.37418,1.54318,2.23067,8.5027
2024-01-30,3.39563,2.37418,1.54318,2.23067,8.5027
2024-01-31,3.39563,2.37418,1.54318,2.23067,8.5027
2024-02-01,3.41898,2.38106,1.54754,2.24328,8.61961
2024-02-02,3.47676,2.39796,1.55828,2.27444,8.91096
2024-02-05,3.47551,2.3976,1.55805,2.27376,8.90454
2024-02-06,3.47551,2.3976,1.55805,2.27376,8.90454
2024-02-07,3.47551,2.3976,1.55805,2.27376,8.90454
2024-02-08,3.47551,2.3976,1.55805,2.27376,8.90454
2024-02-09,3.47551,2.3976,1.55805,2.27376,8.90454
2024-02-12,3.47551,2.3976,1.55805,2.27376,8.90454
2024-02-13,3.47551,2.3976,1.55805,2.27376,8.90454
2024-02-14,3.47551,2.3976,1.55805,2.27376,8.90454
2024-02-15,3.47551,2.3976,1.55805,2.27376,8.90454
2024-02-16,3.47551,2.3976,1.55805,2.27376,8.90454
2024-02-20,3.47551,2.3976,1.55805,2.27376,8.90454
2024-02-21,3.48244,2.39959,1.55929,2.27736,8.94008
2024-02-22,3.5844,2.42887,1.57739,2.33025,9.46354
2024-02-23,3.59552,2.43197,1.57933,2.33599,9.52231
2024-02-26,3.59552,2.43197,1.57933,2.33599,9.52231
2024-02-27,3.59552,2.43197,1.57933,2.33599,9.52231
2024-02-28,3.59552,2.43197,1.57933,2.33599,9.52231
2024-02-29,3.59552,2.43197,1.57933,2.33599,9.52231
2024-03-01,3.59552,2.43197,1.57933,2.33599,9.52231
2024-03-04,3.59552,2.43197,1.57933,2.33599,9.52231
2024-03-05,3.59552,2.43197,1.57933,2.33599,9.52231
2024-03-06,3.59552,2.43197,1.57933,2.33599,9.52231
2024-03-07,3.59552,2.43197,1.57933,2.33599,9.52231
2024-03-08,3.59552,2.43197,1.57933,2.33599,9.52231
2024-03-11,3.59552,2.43197,1.57933,2.33599,9.52231
2024-03-12,3.59552,2.43197,1.57933,2.33599,9.52231
2024-03-13,3.59552,2.43197,1.57933,2.33599,9.52231
2024-03-14,3.59552,2.43197,1.57933,2.33599,9.52231
2024-03-15,3.59552,2.43197,1.57933,2.33599,9.52231
2024-03-18,3.58349,2.42863,1.57738,2.3302,9.45855
2024-03-19,3.59242,2.43112,1.57883,2.3345,9.50569
2024-03-20,3.63501,2.44297,1.58576,2.35499,9.7311
2024-03-21,3.67503,2.45398,1.59222,2.37418,9.94537
2024-03-22,3.67503,2.45398,1.59222,2.37418,9.94537
2024-03-25,3.67503,2.45398,1.59222,2.37418,9.94537
2024-03-26,3.67503,2.45398,1.59222,2.37418,9.94537
2024-03-27,3.67503,2.45398,1.59222,2.37418,9.94537
2024-03-28,3.67503,2.45398,1.59222,2.37418,9.94537
2024-04-01,3.67503,2.45398,1.59222,2.37418,9.94537
2024-04-02,3.67503,2.45398,1.59222,2.37418,9.94537
2024-04-03,3.69947,2.46063,1.59661,2.38727,10.07764
2024-04-04,3.733,2.4697,1.60261,2.40521,10.26031
2024-04-05,3.76265,2.47764,1.60745,2.41973,10.42333
2024-04-08,3.76377,2.47794,1.60763,2.42028,10.42949
2024-04-09,3.77769,2.48164,1.60989,2.42709,10.50666
2024-04-10,3.74472,2.47291,1.60455,2.41098,10.32324
2024-04-11,3.80451,2.48888,1.61429,2.44025,10.65293
2024-04-12,3.76615,2.47879,1.6081,2.42154,10.43811
2024-04-15,3.76615,2.47879,1.6081,2.42154,10.43811
2024-04-16,3.76602,2.47876,1.60808,2.42149,10.43736
2024-04-17,3.72007,2.46656,1.6016,2.40196,10.18266
2024-04-18,3.69884,2.46085,1.59858,2.39291,10.06645
2024-04-19,3.62231,2.44016,1.58765,2.36019,9.64992
2024-04-22,3.65874,2.45022,1.59293,2.37588,9.84401
2024-04-23,3.71334,2.46514,1.60078,2.3993,10.13781
2024-04-24,3.73881,2.472,1.60441,2.41018,10.2769
2024-04-25,3.73881,2.472,1.60441,2.41018,10.2769
2024-04-26,3.73881,2.472,1.60441,2.41018,10.2769
2024-04-29,3.73881,2.472,1.60441,2.41018,10.2769
2024-04-30,3.73881,2.472,1.60441,2.41018,10.2769
2024-05-01,3.73881,2.472,1.60441,2.41018,10.2769
2024-05-02,3.73881,2.472,1.60441,2.41018,10.2769
2024-05-03,3.73881,2.472,1.60441,2.41018,10.2769
2024-05-06,3.73881,2.472,1.60441,2.41018,10.2769
2024-05-07,3.73881,2.472,1.60441,2.41018,10.2769
2024-05-08,3.73881,2.472,1.60441,2.41018,10.2769
2024-05-09,3.73881,2.472,1.60441,2.41018,10.2769
2024-05-10,3.73881,2.472,1.60441,2.41018,10.2769
2024-05-13,3.73881,2.472,1.60441,2.41018,10.2769
2024-05-14,3.73881,2.472,1.60441,2.41018,10.2769
2024-05-15,3.73881,2.472,1.60441,2.41018,10.2769
2024-05-16,3.73881,2.472,1.60441,2.41018,10.2769
2024-05-17,3.73881,2.472,1.60441,2.41018,10.2769
2024-05-20,3.73881,2.472,1.60441,2.41018,10.2769
2024-05-21,3.73881,2.472,1.60441,2.41018,10.2769
2024-05-22,3.73881,2.472,1.60441,2.41018,10.2769
2024-05-23,3.73881,2.472,1.60441,2.41018,10.2769
2024-05-24,3.73881,2.472,1.60441,2.41018,10.2769
2024-05-28,3.73881,2.472,1.60441,2.41018,10.2769
2024-05-29,3.73881,2.472,1.60441,2.41018,10.2769
2024-05-30,3.73881,2.472,1.60441,2.41018,10.2769
2024-05-31,3.7281,2.46913,1.60241,2.40417,10.21798
2024-06-03,3.74811,2.4745,1.60615,2.4154,10.32771
2024-06-04,3.75837,2.47724,1.60807,2.42115,10.38422
2024-06-05,3.83414,2.4974,1.62217,2.46362,10.80291
2024-06-06,3.83793,2.49839,1.62287,2.46574,10.82426
2024-06-07,3.83793,2.49839,1.62287,2.46574,10.82426
2024-06-10,3.83793,2.49839,1.62287,2.46574,10.82426
2024-06-11,3.83793,2.49839,1.62287,2.46574,10.82426
2024-06-12,3.83793,2.49839,1.62287,2.46574,10.82426
2024-06-13,3.83793,2.49839,1.62287,2.46574,10.82426
2024-06-14,3.83793,2.49839,1.62287,2.46574,10.82426
2024-06-17,3.83793,2.49839,1.62287,2.46574,10.82426
2024-06-18,3.83793,2.49839,1.62287,2.46574,10.82426
2024-06-20,3.83793,2.49839,1.62287,2.46574,10.82426
2024-06-21,3.83793,2.49839,1.62287,2.46574,10.82426
2024-06-24,3.83793,2.49839,1.62287,2.46574,10.82426
2024-06-25,3.86268,2.50484,1.62746,2.4797,10.96388
2024-06-26,3.87066,2.5069,1.62894,2.48419,11.00917
2024-06-27,3.86671,2.50588,1.62821,2.48197,10.9867
2024-06-28,3.86671,2.50588,1.62821,2.48197,10.9867
2024-07-01,3.86671,2.50588,1.62821,2.48197,10.9867
2024-07-02,3.86671,2.50588,1.62821,2.48197,10.9867
2024-07-03,3.86671,2.50588,1.62821,2.48197,10.9867
2024-07-05,3.86671,2.50588,1.62821,2.48197,10.9867
2024-07-08,3.86671,2.50588,1.62821,2.48197,10.9867
2024-07-09,3.86671,2.50588,1.62821,2.48197,10.9867
2024-07-10,3.86671,2.50588,1.62821,2.48197,10.9867
2024-07-11,3.86671,2.50588,1.62821,2.48197,10.9867
2024-07-12,3.86671,2.50588,1.62821,2.48197,10.9867
2024-07-15,3.86671,2.50588,1.62821,2.48197,10.9867
2024-07-16,3.86671,2.50588,1.62821,2.48197,10.9867
2024-07-17,3.86671,2.50588,1.62821,2.48197,10.9867
2024-07-18,3.8167,2.49295,1.62039,2.45813,10.70251
2024-07-19,3.78287,2.48408,1.61505,2.44195,10.51278
2024-07-22,3.83922,2.49898,1.62399,2.46896,10.82602
2024-07-23,3.82569,2.49546,1.62186,2.4625,10.7497
2024-07-24,3.68846,2.45959,1.60026,2.3969,9.97851
2024-07-25,3.64779,2.44856,1.5937,2.37727,9.75843
2024-07-26,3.6852,2.45881,1.59977,2.39537,9.95859
2024-07-29,3.6926,2.46082,1.60097,2.39895,9.9986
2024-07-30,3.6419,2.44709,1.5928,2.37448,9.72402
2024-07-31,3.74967,2.47669,1.61031,2.42667,10.29955
2024-08-01,3.65885,2.45246,1.59582,2.38302,9.80061
2024-08-02,3.57201,2.42873,1.58176,2.34101,9.33538
2024-08-05,3.46551,2.39891,1.56425,2.28917,8.77869
2024-08-06,3.49862,2.40847,1.5698,2.30541,8.94645
2024-08-07,3.55224,2.42379,1.57873,2.33166,9.22069
2024-08-08,3.55224,2.42379,1.57873,2.33166,9.22069
2024-08-09,3.55224,2.42379,1.57873,2.33166,9.22069
2024-08-12,3.55224,2.42379,1.57873,2.33166,9.22069
2024-08-13,3.55224,2.42379,1.57873,2.33166,9.22069
2024-08-14,3.55224,2.42379,1.57873,2.33166,9.22069
2024-08-15,3.55224,2.42379,1.57873,2.33166,9.22069
2024-08-16,3.55224,2.42379,1.57873,2.33166,9.22069
2024-08-19,3.55224,2.42379,1.57873,2.33166,9.22069
2024-08-20,3.55224,2.42379,1.57873,2.33166,9.22069
2024-08-21,3.55224,2.42379,1.57873,2.33166,9.22069
2024-08-22,3.55224,2.42379,1.57873,2.33166,9.22069
2024-08-23,3.55224,2.42379,1.57873,2.33166,9.22069
2024-08-26,3.55224,2.42379,1.57873,2.33166,9.22069
2024-08-27,3.55224,2.42379,1.57873,2.33166,9.22069
2024-08-28,3.55224,2.42379,1.57873,2.33166,9.22069
2024-08-29,3.55224,2.42379,1.57873,2.33166,9.22069
2024-08-30,3.55224,2.42379,1.57873,2.33166,9.22069
2024-09-03,3.55224,2.42379,1.57873,2.33166,9.22069
2024-09-04,3.55224,2.42379,1.57873,2.33166,9.22069
2024-09-05,3.56648,2.4278,1.58031,2.33634,9.29461
2024-09-06,3.55921,2.42576,1.57951,2.33395,9.2567
2024-09-09,3.56842,2.42835,1.5805,2.33688,9.30463
2024-09-10,3.6014,2.43759,1.58405,2.34737,9.47661
2024-09-11,3.60941,2.43982,1.5849,2.34991,9.51876
2024-09-12,3.60941,2.43982,1.5849,2.34991,9.51876
2024-09-13,3.60941,2.43982,1.5849,2.34991,9.51876
2024-09-16,3.60941,2.43982,1.5849,2.34991,9.51876
2024-09-17,3.60941,2.43982,1.5849,2.34991,9.51876
2024-09-18,3.60941,2.43982,1.5849,2.34991,9.51876
2024-09-19,3.60941,2.43982,1.5849,2.34991,9.51876
2024-09-20,3.60941,2.43982,1.5849,2.34991,9.51876
2024-09-23,3.60941,2.43982,1.5849,2.34991,9.51876
2024-09-24,3.60941,2.43982,1.5849,2.34991,9.51876
2024-09-25,3.60941,2.43982,1.5849,2.34991,9.51876
2024-09-26,3.60941,2.43982,1.5849,2.34991,9.51876
2024-09-27,3.60941,2.43982,1.5849,2.34991,9.51876
2024-09-30,3.60941,2.43982,1.5849,2.34991,9.51876
2024-10-01,3.60941,2.43982,1.5849,2.34991,9.51876
2024-10-02,3.61955,2.44263,1.58629,2.35401,9.57223
2024-10-03,3.61684,2.44188,1.58592,2.35292,9.55793
2024-10-04,3.65902,2.45354,1.59167,2.37,9.78085
2024-10-07,3.65902,2.45354,1.59167,2.37,9.78085
2024-10-08,3.65902,2.45354,1.59167,2.37,9.78085
2024-10-09,3.65902,2.45354,1.59167,2.37,9.78085
2024-10-10,3.65902,2.45354,1.59167,2.37,9.78085
2024-10-11,3.65902,2.45354,1.59167,2.37,9.78085
2024-10-14,3.65902,2.45354,1.59167,2.37,9.78085
2024-10-15,3.65902,2.45354,1.59167,2.37,9.78085
2024-10-16,3.65902,2.45354,1.59167,2.37,9.78085
2024-10-17,3.65902,2.45354,1.59167,2.37,9.78085
2024-10-18,3.65902,2.45354,1.59167,2.37,9.78085
2024-10-21,3.65902,2.45354,1.59167,2.37,9.78085
2024-10-22,3.65902,2.45354,1.59167,2.37,9.78085
2024-10-23,3.65902,2.45354,1.59167,2.37,9.78085
2024-10-24,3.65875,2.45347,1.59163,2.36987,9.77942
2024-10-25,3.68105,2.45956,1.59521,2.38052,9.8986
2024-10-28,3.70253,2.4654,1.59864,2.39077,10.01415
2024-10-29,3.70253,2.4654,1.59864,2.39077,10.01415
2024-10-30,3.70253,2.4654,1.59864,2.39077,10.01415
2024-10-31,3.70253,2.4654,1.59864,2.39077,10.01415
2024-11-01,3.71539,2.46887,1.60063,2.39671,10.08371
2024-11-04,3.70457,2.46596,1.59896,2.39172,10.02496
2024-11-05,3.75183,2.47872,1.60626,2.41355,10.28074
2024-11-06,3.85374,2.50588,1.62187,2.46047,10.83925
2024-11-07,3.8733,2.51095,1.62482,2.46941,10.94927
2024-11-08,3.8733,2.51095,1.62482,2.46941,10.94927
2024-11-11,3.8733,2.51095,1.62482,2.46941,10.94927
2024-11-12,3.8733,2.51095,1.62482,2.46941,10.94927
2024-11-13,3.8733,2.51095,1.62482,2.46941,10.94927
2024-11-14,3.8733,2.51095,1.62482,2.46941,10.94927
2024-11-15,3.82233,2.49779,1.61648,2.44407,10.66111
2024-11-18,3.84888,2.50474,1.62086,2.45731,10.80925
2024-11-19,3.87536,2.51162,1.62521,2.47049,10.95798
2024-11-20,3.87112,2.51053,1.62451,2.46838,10.93397
2024-11-21,3.87112,2.51053,1.62451,2.46838,10.93397
2024-11-22,3.87112,2.51053,1.62451,2.46838,10.93397
2024-11-25,3.87112,2.51053,1.62451,2.46838,10.93397
2024-11-26,3.87112,2.51053,1.62451,2.46838,10.93397
2024-11-27,3.87112,2.51053,1.62451,2.46838,10.93397
2024-11-29,3.87112,2.51053,1.62451,2.46838,10.93397
2024-12-02,3.87112,2.51053,1.62451,2.46838,10.93397
2024-12-03,3.87112,2.51053,1.62451,2.46838,10.93397
2024-12-04,3.87112,2.51053,1.62451,2.46838,10.93397
2024-12-05,3.87112,2.51053,1.62451,2.46838,10.93397
2024-12-06,3.87112,2.51053,1.62451,2.46838,10.93397
2024-12-09,3.87112,2.51053,1.62451,2.46838,10.93397
2024-12-10,3.87112,2.51053,1.62451,2.46838,10.93397
2024-12-11,3.87112,2.51053,1.62451,2.46838,10.93397
2024-12-12,3.87112,2.51053,1.62451,2.46838,10.93397
2024-12-13,3.87112,2.51053,1.62451,2.46838,10.93397
2024-12-16,3.87112,2.51053,1.62451,2.46838,10.93397
2024-12-17,3.87112,2.51053,1.62451,2.46838,10.93397
2024-12-18,3.87112,2.51053,1.62451,2.46838,10.93397
2024-12-19,3.81707,2.49656,1.6164,2.44372,10.62864
2024-12-20,3.8504,2.5053,1.62145,2.45899,10.81427
2024-12-23,3.88791,2.51504,1.6271,2.47613,11.02498
2024-12-24,3.90053,2.51829,1.62899,2.48188,11.09657
2024-12-26,3.90053,2.51829,1.62899,2.48188,11.09657
2024-12-27,3.90053,2.51829,1.62899,2.48188,11.09657
2024-12-30,3.90053,2.51829,1.62899,2.48188,11.09657
2024-12-31,3.85582,2.50682,1.62303,2.46371,10.84216
2025-01-02,3.84828,2.50487,1.62201,2.46063,10.79974
2025-01-03,3.91125,2.52123,1.63049,2.48635,11.15322
2025-01-06,3.95621,2.53272,1.63647,2.5046,11.40958
2025-01-07,3.96214,2.53422,1.63726,2.507,11.44383
2025-01-08,3.96214,2.53422,1.63726,2.507,11.44383
2025-01-10,3.96214,2.53422,1.63726,2.507,11.44383
2025-01-13,3.99462,2.54242,1.6411,2.51878,11.6314
2025-01-14,3.99082,2.54147,1.64065,2.51741,11.60931
2025-01-15,4.08264,2.56448,1.65147,2.5506,12.14348
2025-01-16,4.05403,2.55747,1.64816,2.54036,11.97333
2025-01-17,4.12246,2.57435,1.65613,2.56494,12.37751
2025-01-21,4.14664,2.58021,1.65891,2.57356,12.5227
2025-01-22,4.19965,2.593,1.66499,2.59242,12.84293
2025-01-23,4.17805,2.58785,1.66254,2.58477,12.71078
2025-01-24,4.17805,2.58785,1.66254,2.58477,12.71078
2025-01-27,4.17805,2.58785,1.66254,2.58477,12.71078
2025-01-28,4.22937,2.60014,1.66838,2.60294,13.02307
2025-01-29,4.23253,2.60088,1.66873,2.60405,13.04248
2025-01-30,4.23253,2.60088,1.66873,2.60405,13.04248
2025-01-31,4.23253,2.60088,1.66873,2.60405,13.04248
2025-02-03,4.23253,2.60088,1.66873,2.60405,13.04248
2025-02-04,4.23253,2.60088,1.66873,2.60405,13.04248
2025-02-05,4.23253,2.60088,1.66873,2.60405,13.04248
2025-02-06,4.23253,2.60088,1.66873,2.60405,13.04248
2025-02-07,4.23253,2.60088,1.66873,2.60405,13.04248
2025-02-10,4.23253,2.60088,1.66873,2.60405,13.04248
2025-02-11,4.23253,2.60088,1.66873,2.60405,13.04248
2025-02-12,4.23253,2.60088,1.66873,2.60405,13.04248
2025-02-13,4.23253,2.60088,1.66873,2.60405,13.04248
2025-02-14,4.23253,2.60088,1.66873,2.60405,13.04248
2025-02-18,4.23253,2.60088,1.66873,2.60405,13.04248
2025-02-19,4.23253,2.60088,1.66873,2.60405,13.04248
2025-02-20,4.23253,2.60088,1.66873,2.60405,13.04248
2025-02-21,4.23253,2.60088,1.66873,2.60405,13.04248
2025-02-24,4.16622,2.58522,1.65967,2.57576,12.63383
2025-02-25,4.11373,2.57262,1.65242,2.55326,12.31548
2025-02-26,4.12366,2.57503,1.6538,2.55754,12.37497
2025-02-27,4.00914,2.54726,1.63788,2.50829,11.68764
2025-02-28,4.07246,2.56306,1.64685,2.53575,12.05677
2025-03-03,3.98334,2.54117,1.63436,2.49728,11.5291
2025-03-04,3.97132,2.53815,1.63265,2.49206,11.45952
2025-03-05,4.02309,2.55119,1.64002,2.51458,11.75829
2025-03-06,3.95443,2.53413,1.63032,2.48483,11.35698
2025-03-07,3.95443,2.53413,1.63032,2.48483,11.35698
2025-03-10,3.95443,2.53413,1.63032,2.48483,11.35698
2025-03-11,3.95443,2.53413,1.63032,2.48483,11.35698
2025-03-12,3.95443,2.53413,1.63032,2.48483,11.35698
2025-03-13,3.95443,2.53413,1.63032,2.48483,11.35698
2025-03-14,3.95443,2.53413,1.63032,2.48483,11.35698
2025-03-17,3.95443,2.53413,1.63032,2.48483,11.35698
2025-03-18,3.95443,2.53413,1.63032,2.48483,11.35698
2025-03-19,3.95443,2.53413,1.63032,2.48483,11.35698
2025-03-20,3.95443,2.53413,1.63032,2.48483,11.35698
2025-03-21,3.95443,2.53413,1.63032,2.48483,11.35698
2025-03-24,3.95443,2.53413,1.63032,2.48483,11.35698
2025-03-25,3.95443,2.53413,1.63032,2.48483,11.35698
2025-03-26,3.95443,2.53413,1.63032,2.48483,11.35698
2025-03-27,3.95443,2.53413,1.63032,2.48483,11.35698
2025-03-28,3.95443,2.53413,1.63032,2.48483,11.35698
2025-03-31,3.95443,2.53413,1.63032,2.48483,11.35698
2025-04-01,3.95443,2.53413,1.63032,2.48483,11.35698
2025-04-02,3.95443,2.53413,1.63032,2.48483,11.35698
2025-04-03,3.95443,2.53413,1.63032,2.48483,11.35698
2025-04-04,3.95443,2.53413,1.63032,2.48483,11.35698
2025-04-07,3.95443,2.53413,1.63032,2.48483,11.35698
2025-04-08,3.95443,2.53413,1.63032,2.48483,11.35698
2025-04-09,3.95443,2.53413,1.63032,2.48483,11.35698
2025-04-10,3.95443,2.53413,1.63032,2.48483,11.35698
2025-04-11,3.95443,2.53413,1.63032,2.48483,11.35698
2025-04-14,3.95443,2.53413,1.63032,2.48483,11.35698
2025-04-15,3.95443,2.53413,1.63032,2.48483,11.35698
2025-04-16,3.95443,2.53413,1.63032,2.48483,11.35698
2025-04-17,3.95443,2.53413,1.63032,2.48483,11.35698
2025-04-21,3.95443,2.53413,1.63032,2.48483,11.35698
2025-04-22,3.95443,2.53413,1.63032,2.48483,11.35698
2025-04-23,3.95443,2.53413,1.63032,2.48483,11.35698
2025-04-24,3.95443,2.53413,1.63032,2.48483,11.35698
2025-04-25,3.95443,2.53413,1.63032,2.48483,11.35698
2025-04-28,3.95443,2.53413,1.63032,2.48483,11.35698
2025-04-29,3.95443,2.53413,1.63032,2.48483,11.35698
2025-04-30,3.95443,2.53413,1.63032,2.48483,11.35698
2025-05-01,3.95443,2.53413,1.63032,2.48483,11.35698
2025-05-02,3.95443,2.53413,1.63032,2.48483,11.35698
2025-05-05,3.95443,2.53413,1.63032,2.48483,11.35698
2025-05-06,3.95443,2.53413,1.63032,2.48483,11.35698
2025-05-07,3.95443,2.53413,1.63032,2.48483,11.35698
2025-05-08,3.95443,2.53413,1.63032,2.48483,11.35698
2025-05-09,3.95443,2.53413,1.63032,2.48483,11.35698
2025-05-12,3.95443,2.53413,1.63032,2.48483,11.35698
2025-05-13,3.95443,2.53413,1.63032,2.48483,11.35698
2025-05-14,3.95443,2.53413,1.63032,2.48483,11.35698
2025-05-15,3.95443,2.53413,1.63032,2.48483,11.35698
2025-05-16,3.95443,2.53413,1.63032,2.48483,11.35698
2025-05-19,3.95443,2.53413,1.63032,2.48483,11.35698
2025-05-20,3.95443,2.53413,1.63032,2.48483,11.35698
2025-05-21,3.95443,2.53413,1.63032,2.48483,11.35698
2025-05-22,3.95508,2.53429,1.63039,2.48502,11.36066
2025-05-23,3.91845,2.52503,1.62671,2.47381,11.15024
2025-05-27,3.96963,2.53809,1.63188,2.48956,11.44154
2025-05-28,3.96963,2.53809,1.63188,2.48956,11.44154
2025-05-29,3.96963,2.53809,1.63188,2.48956,11.44154
2025-05-30,3.96963,2.53809,1.63188,2.48956,11.44154
2025-06-02,3.96963,2.53809,1.63188,2.48956,11.44154
2025-06-03,3.96963,2.53809,1.63188,2.48956,11.44154
2025-06-04,3.96963,2.53809,1.63188,2.48956,11.44154
2025-06-05,3.96963,2.53809,1.63188,2.48956,11.44154
2025-06-06,3.96963,2.53809,1.63188,2.48956,11.44154
2025-06-09,3.96963,2.53809,1.63188,2.48956,11.44154
2025-06-10,3.96963,2.53809,1.63188,2.48956,11.44154
2025-06-11,3.96963,2.53809,1.63188,2.48956,11.44154
2025-06-12,3.96963,2.53809,1.63188,2.48956,11.44154
2025-06-13,3.96963,2.53809,1.63188,2.48956,11.44154
2025-06-16,3.96963,2.53809,1.63188,2.48956,11.44154
2025-06-17,3.96963,2.53809,1.63188,2.48956,11.44154
2025-06-18,3.96963,2.53809,1.63188,2.48956,11.44154
2025-06-20,3.96963,2.53809,1.63188,2.48956,11.44154
2025-06-23,3.96963,2.53809,1.63188,2.48956,11.44154
2025-06-24,3.96963,2.53809,1.63188,2.48956,11.44154
2025-06-25,3.96963,2.53809,1.63188,2.48956,11.44154
2025-06-26,3.96963,2.53809,1.63188,2.48956,11.44154
2025-06-27,3.96963,2.53809,1.63188,2.48956,11.44154
2025-06-30,3.96963,2.53809,1.63188,2.48956,11.44154
2025-07-01,3.96963,2.53809,1.63188,2.48956,11.44154
2025-07-02,3.96963,2.53809,1.63188,2.48956,11.44154
2025-07-03,3.96963,2.53809,1.63188,2.48956,11.44154
2025-07-07,3.96963,2.53809,1.63188,2.48956,11.44154
2025-07-08,3.96963,2.53809,1.63188,2.48956,11.44154
2025-07-09,3.96963,2.53809,1.63188,2.48956,11.44154
2025-07-10,3.96963,2.53809,1.63188,2.48956,11.44154
2025-07-11,3.96963,2.53809,1.63188,2.48956,11.44154
2025-07-14,3.96963,2.53809,1.63188,2.48956,11.44154
2025-07-15,3.96963,2.53809,1.63188,2.48956,11.44154
2025-07-16,3.96963,2.53809,1.63188,2.48956,11.44154
2025-07-17,3.96963,2.53809,1.63188,2.48956,11.44154
2025-07-18,3.96963,2.53809,1.63188,2.48956,11.44154
2025-07-21,3.96963,2.53809,1.63188,2.48956,11.44154
2025-07-22,3.96963,2.53809,1.63188,2.48956,11.44154
2025-07-23,3.96963,2.53809,1.63188,2.48956,11.44154
2025-07-24,3.96963,2.53809,1.63188,2.48956,11.44154
2025-07-25,3.96963,2.53809,1.63188,2.48956,11.44154
2025-07-28,3.96963,2.53809,1.63188,2.48956,11.44154
2025-07-29,3.96963,2.53809,1.63188,2.48956,11.44154
2025-07-30,3.96963,2.53809,1.63188,2.48956,11.44154
2025-07-31,3.96963,2.53809,1.63188,2.48956,11.44154
2025-08-01,3.96963,2.53809,1.63188,2.48956,11.44154
2025-08-04,4.00349,2.54662,1.63825,2.50898,11.6367
2025-08-05,3.97631,2.53983,1.63316,2.4934,11.47869
2025-08-06,4.02634,2.55241,1.64256,2.5221,11.76757
2025-08-07,4.03997,2.5558,1.64511,2.52991,11.84721
2025-08-08,4.07765,2.56512,1.65213,2.55151,12.06824
2025-08-11,4.06559,2.56217,1.64989,2.5446,11.99683
2025-08-12,4.11669,2.57473,1.65938,2.57386,12.29839
2025-08-13,4.11875,2.57523,1.65976,2.57504,12.3107
2025-08-14,4.11555,2.57446,1.65917,2.57321,12.2916
2025-08-15,4.09746,2.57006,1.65583,2.56286,12.1835
2025-08-18,4.09582,2.56966,1.65553,2.56192,12.17379
2025-08-19,4.04025,2.5561,1.64525,2.53012,11.84346
2025-08-20,4.01626,2.55016,1.64079,2.51638,11.70282
2025-08-21,3.99767,2.54553,1.63731,2.50572,11.59446
2025-08-22,4.05934,2.56096,1.64887,2.54109,11.9522
2025-08-25,4.04763,2.55807,1.64669,2.53438,11.88324
2025-08-26,4.06389,2.56209,1.64971,2.54369,11.97867
2025-08-27,4.07013,2.56362,1.65087,2.54727,12.01549
2025-08-28,4.07249,2.5642,1.65131,2.54862,12.02944
2025-08-29,4.07249,2.5642,1.65131,2.54862,12.02944
2025-09-02,4.07249,2.5642,1.65131,2.54862,12.02944
2025-09-03,4.07647,2.56518,1.65201,2.55077,12.0529
2025-09-04,4.07922,2.56585,1.65249,2.55226,12.06917
2025-09-05,4.07922,2.56585,1.65249,2.55226,12.06917
2025-09-08,4.07922,2.56585,1.65249,2.55226,12.06917
2025-09-09,4.07922,2.56585,1.65249,2.55226,12.06917
2025-09-10,4.07922,2.56585,1.65249,2.55226,12.06917
2025-09-11,4.07922,2.56585,1.65249,2.55226,12.06917
2025-09-12,4.07922,2.56585,1.65249,2.55226,12.06917
2025-09-15,4.07922,2.56585,1.65249,2.55226,12.06917
2025-09-16,4.07922,2.56585,1.65249,2.55226,12.06917
2025-09-17,4.07922,2.56585,1.65249,2.55226,12.06917
2025-09-18,4.07922,2.56585,1.65249,2.55226,12.06917
2025-09-19,4.07922,2.56585,1.65249,2.55226,12.06917
2025-09-22,4.07922,2.56585,1.65249,2.55226,12.06917
2025-09-23,4.07922,2.56585,1.65249,2.55226,12.06917
2025-09-24,4.07922,2.56585,1.65249,2.55226,12.06917
2025-09-25,4.07922,2.56585,1.65249,2.55226,12.06917
2025-09-26,4.07922,2.56585,1.65249,2.55226,12.06917
2025-09-29,4.07922,2.56585,1.65249,2.55226,12.06917
2025-09-30,4.07922,2.56585,1.65249,2.55226,12.06917
2025-10-01,4.07922,2.56585,1.65249,2.55226,12.06917
2025-10-02,4.07922,2.56585,1.65249,2.55226,12.06917
2025-10-03,4.07922,2.56585,1.65249,2.55226,12.06917
2025-10-06,4.07922,2.56585,1.65249,2.55226,12.06917
2025-10-07,4.07922,2.56585,1.65249,2.55226,12.06917
2025-10-08,4.07922,2.56585,1.65249,2.55226,12.06917
2025-10-09,4.07922,2.56585,1.65249,2.55226,12.06917
2025-10-10,4.07922,2.56585,1.65249,2.55226,12.06917
2025-10-13,4.09302,2.56924,1.65482,2.55946,12.15085
2025-10-14,4.06576,2.56258,1.65023,2.54524,11.98898
2025-10-15,4.10456,2.57212,1.65679,2.5655,12.21785
2025-10-16,4.10456,2.57212,1.65679,2.5655,12.21785
2025-10-17,4.10456,2.57212,1.65679,2.5655,12.21785
2025-10-20,4.10456,2.57212,1.65679,2.5655,12.21785
2025-10-21,4.10456,2.57212,1.65679,2.5655,12.21785
2025-10-22,4.10456,2.57212,1.65679,2.5655,12.21785
2025-10-23,4.10456,2.57212,1.65679,2.5655,12.21785
2025-10-24,4.10456,2.57212,1.65679,2.5655,12.21785
2025-10-27,4.10456,2.57212,1.65679,2.5655,12.21785
2025-10-28,4.10456,2.57212,1.65679,2.5655,12.21785
2025-10-29,4.10456,2.57212,1.65679,2.5655,12.21785
2025-10-30,4.10456,2.57212,1.65679,2.5655,12.21785
2025-10-31,4.10456,2.57212,1.65679,2.5655,12.21785
2025-11-03,4.10456,2.57212,1.65679,2.5655,12.21785
2025-11-04,4.10456,2.57212,1.65679,2.5655,12.21785
2025-11-05,4.10456,2.57212,1.65679,2.5655,12.21785
2025-11-06,4.10456,2.57212,1.65679,2.5655,12.21785
2025-11-07,4.10456,2.57212,1.65679,2.5655,12.21785
2025-11-10,4.13108,2.57858,1.66036,2.57655,12.37571
2025-11-11,4.11139,2.57382,1.65772,2.56836,12.25775
2025-11-12,4.11139,2.57382,1.65772,2.56836,12.25775
2025-11-13,4.11139,2.57382,1.65772,2.56836,12.25775
2025-11-14,4.17315,2.58884,1.66548,2.59239,12.626
2025-11-17,4.13751,2.5803,1.66105,2.5786,12.41033
2025-11-18,4.08713,2.56812,1.65475,2.55905,12.10812
2025-11-19,4.11153,2.57409,1.65783,2.56856,12.25269
2025-11-20,4.0142,2.55042,1.64561,2.5307,11.6726
2025-11-21,4.04436,2.55793,1.64946,2.54254,11.84799
2025-11-24,4.14779,2.5835,1.66259,2.58303,12.45397
2025-11-25,4.13441,2.58028,1.66092,2.57784,12.37364
2025-11-26,4.13441,2.58028,1.66092,2.57784,12.37364
2025-11-28,4.13441,2.58028,1.66092,2.57784,12.37364
2025-12-01,4.13441,2.58028,1.66092,2.57784,12.37364
2025-12-02,4.13441,2.58028,1.66092,2.57784,12.37364
2025-12-03,4.13441,2.58028,1.66092,2.57784,12.37364
2025-12-04,4.13441,2.58028,1.66092,2.57784,12.37364
2025-12-05,4.13441,2.58028,1.66092,2.57784,12.37364
2025-12-08,4.13441,2.58028,1.66092,2.57784,12.37364
2025-12-09,4.13441,2.58028,1.66092,2.57784,12.37364
2025-12-10,4.13441,2.58028,1.66092,2.57784,12.37364
2025-12-11,4.13441,2.58028,1.66092,2.57784,12.37364
2025-12-12,4.13441,2.58028,1.66092,2.57784,12.37364
2025-12-15,4.08002,2.56712,1.65395,2.55622,12.04807
2025-12-16,4.08811,2.56911,1.655,2.55945,12.09583
2025-12-17,4.01232,2.55057,1.64522,2.5292,11.64738
2025-12-18,4.07046,2.56506,1.65282,2.55256,11.98493
2025-12-19,4.12352,2.57809,1.65969,2.57378,12.29739
2025-12-22,4.14329,2.58289,1.66222,2.58164,12.41529
2025-12-23,4.1627,2.58757,1.66471,2.58935,12.53157
2025-12-24,4.17487,2.5905,1.66626,2.59418,12.6049
2025-12-26,4.17767,2.59117,1.66661,2.59529,12.62178
2025-12-29,4.17767,2.59117,1.66661,2.59529,12.62178
2025-12-30,4.17767,2.59117,1.66661,2.59529,12.62178
2025-12-31,4.17767,2.59117,1.66661,2.59529,12.62178
2026-01-02,4.12885,2.57948,1.65858,2.57028,12.32677
2026-01-05,4.16164,2.58742,1.66402,2.58712,12.52258
2026-01-06,4.19821,2.59621,1.67004,2.60586,12.74265
2026-01-07,4.20225,2.59717,1.67071,2.60793,12.76718
2026-01-08,4.19348,2.59509,1.66927,2.60344,12.71392
2026-01-09,4.19348,2.59509,1.66927,2.60344,12.71392
2026-01-12,4.19348,2.59509,1.66927,2.60344,12.71392
2026-01-13,4.19348,2.59509,1.66927,2.60344,12.71392
2026-01-14,4.19348,2.59509,1.66927,2.60344,12.71392
2026-01-15,4.15915,2.5869,1.6637,2.58607,12.50571
2026-01-16,4.15567,2.58606,1.66313,2.5843,12.4848
2026-01-20,4.06737,2.56481,1.64873,2.53955,11.95426
2026-01-21,4.12236,2.57833,1.65781,2.56753,12.27747
2026-01-22,4.15232,2.5856,1.66273,2.58274,12.45597
2026-01-23,4.16543,2.58876,1.66487,2.58939,12.53463
2026-01-26,4.18376,2.59316,1.66785,2.59868,12.64493
2026-01-27,4.20474,2.59817,1.67126,2.60929,12.77171
2026-01-28,4.20474,2.59817,1.67126,2.60929,12.77171
2026-01-29,4.20474,2.59817,1.67126,2.60929,12.77171
2026-01-30,4.20474,2.59817,1.67126,2.60929,12.77171
2026-02-02,4.25317,2.60969,1.67828,2.63122,13.06596
2026-02-03,4.18783,2.59433,1.66888,2.60173,12.66447
2026-02-04,4.11467,2.57686,1.65824,2.56858,12.222
2026-02-05,4.05544,2.56246,1.64954,2.54162,11.87012
2026-02-06,4.14116,2.5836,1.66225,2.5808,12.37194
2026-02-09,4.17288,2.59126,1.6669,2.59522,12.56148
2026-02-10,4.17748,2.59236,1.66757,2.59731,12.58918
2026-02-11,4.17748,2.59236,1.66757,2.59731,12.58918
2026-02-12,4.17748,2.59236,1.66757,2.59731,12.58918
2026-02-13,4.18576,2.59435,1.66852,2.60027,12.63905
2026-02-17,4.18145,2.59332,1.66802,2.59873,12.61301
2026-02-18,4.18499,2.59416,1.66843,2.59999,12.63437
2026-02-19,4.18499,2.59416,1.66843,2.59999,12.63437
2026-02-20,4.18499,2.59416,1.66843,2.59999,12.63437
2026-02-23,4.18499,2.59416,1.66843,2.59999,12.63437
2026-02-24,4.18499,2.59416,1.66843,2.59999,12.63437
2026-02-25,4.18499,2.59416,1.66843,2.59999,12.63437
2026-02-26,4.18499,2.59416,1.66843,2.59999,12.63437
2026-02-27,4.18499,2.59416,1.66843,2.59999,12.63437
2026-03-02,4.18499,2.59416,1.66843,2.59999,12.63437
2026-03-03,4.18499,2.59416,1.66843,2.59999,12.63437
2026-03-04,4.22852,2.60456,1.67344,2.61562,12.89722
2026-03-05,4.20322,2.59858,1.67055,2.60658,12.74291
2026-03-06,4.20322,2.59858,1.67055,2.60658,12.74291
2026-03-09,4.20322,2.59858,1.67055,2.60658,12.74291
2026-03-10,4.20322,2.59858,1.67055,2.60658,12.74291
2026-03-11,4.20322,2.59858,1.67055,2.60658,12.74291
2026-03-12,4.20322,2.59858,1.67055,2.60658,12.74291
2026-03-13,4.15902,2.58807,1.66558,2.59105,12.47491
2026-03-16,4.20568,2.59928,1.67087,2.60752,12.75478
2026-03-17,4.2262,2.60416,1.67318,2.61473,12.87927
2026-03-18,4.21135,2.60065,1.67151,2.60952,12.78873
2026-03-19,4.21135,2.60065,1.67151,2.60952,12.78873
2026-03-20,4.21135,2.60065,1.67151,2.60952,12.78873
2026-03-23,4.21135,2.60065,1.67151,2.60952,12.78873
2026-03-24,4.21135,2.60065,1.67151,2.60952,12.78873
2026-03-25,4.21135,2.60065,1.67151,2.60952,12.78873
2026-03-26,4.21135,2.60065,1.67151,2.60952,12.78873
2026-03-27,4.21135,2.60065,1.67151,2.60952,12.78873
2026-03-30,4.21135,2.60065,1.67151,2.60952,12.78873
2026-03-31,4.21135,2.60065,1.67151,2.60952,12.78873
2026-04-01,4.21135,2.60065,1.67151,2.60952,12.78873
2026-04-02,4.21135,2.60065,1.67151,2.60952,12.78873
2026-04-06,4.21135,2.60065,1.67151,2.60952,12.78873
2026-04-07,4.21135,2.60065,1.67151,2.60952,12.78873
2026-04-08,4.21135,2.60065,1.67151,2.60952,12.78873
2026-04-09,4.21135,2.60065,1.67151,2.60952,12.78873
2026-04-10,4.21135,2.60065,1.67151,2.60952,12.78873
2026-04-13,4.21135,2.60065,1.67151,2.60952,12.78873
2026-04-14,4.21135,2.60065,1.67151,2.60952,12.78873
2026-04-15,4.21135,2.60065,1.67151,2.60952,12.78873
2026-04-16,4.21135,2.60065,1.67151,2.60952,12.78873
2026-04-17,4.21135,2.60065,1.67151,2.60952,12.78873
2026-04-20,4.21135,2.60065,1.67151,2.60952,12.78873
2026-04-21,4.21135,2.60065,1.67151,2.60952,12.78873
2026-04-22,4.21135,2.60065,1.67151,2.60952,12.78873
2026-04-23,4.21135,2.60065,1.67151,2.60952,12.78873
2026-04-24,4.21135,2.60065,1.67151,2.60952,12.78873
2026-04-27,4.21135,2.60065,1.67151,2.60952,12.78873
2026-04-28,4.21135,2.60065,1.67151,2.60952,12.78873
2026-04-29,4.21135,2.60065,1.67151,2.60952,12.78873
2026-04-30,4.21135,2.60065,1.67151,2.60952,12.78873
2026-05-01,4.21135,2.60065,1.67151,2.60952,12.78873
2026-05-04,4.21135,2.60065,1.67151,2.60952,12.78873
2026-05-05,4.21135,2.60065,1.67151,2.60952,12.78873
2026-05-06,4.21135,2.60065,1.67151,2.60952,12.78873
2026-05-07,4.21135,2.60065,1.67151,2.60952,12.78873
2026-05-08,4.21135,2.60065,1.67151,2.60952,12.78873
2026-05-11,4.21135,2.60065,1.67151,2.60952,12.78873
2026-05-12,4.21135,2.60065,1.67151,2.60952,12.78873
2026-05-13,4.21135,2.60065,1.67151,2.60952,12.78873
2026-05-14,4.21135,2.60065,1.67151,2.60952,12.78873
2026-05-15,4.21135,2.60065,1.67151,2.60952,12.78873
2026-05-18,4.21135,2.60065,1.67151,2.60952,12.78873
2026-05-19,4.21135,2.60065,1.67151,2.60952,12.78873
2026-05-20,4.25615,2.61129,1.67725,2.62743,13.06085
2026-05-21,4.22921,2.60496,1.67382,2.6167,12.89549
2026-05-22,4.22921,2.60496,1.67382,2.6167,12.89549
2026-05-26,4.22921,2.60496,1.67382,2.6167,12.89549
2026-05-27,4.22921,2.60496,1.67382,2.6167,12.89549
2026-05-28,4.22921,2.60496,1.67382,2.6167,12.89549
2026-05-29,4.22921,2.60496,1.67382,2.6167,12.89549
2026-06-01,4.22921,2.60496,1.67382,2.6167,12.89549
2026-06-02,4.22921,2.60496,1.67382,2.6167,12.89549
2026-06-03,4.22921,2.60496,1.67382,2.6167,12.89549
2026-06-04,4.22921,2.60496,1.67382,2.6167,12.89549
2026-06-05,4.22921,2.60496,1.67382,2.6167,12.89549
2026-06-08,4.21685,2.60203,1.67235,2.61209,12.82011
2026-06-09,4.16832,2.59053,1.66655,2.59396,12.52506
2026-06-10,4.08506,2.57055,1.65651,2.56271,12.02465
2026-06-11,4.22303,2.60433,1.67338,2.61491,12.83693
2026-06-12,4.24788,2.61021,1.67635,2.62419,12.98802
2026-06-15,4.34441,2.63293,1.68784,2.66016,13.57827
2026-06-16,4.34441,2.63293,1.68784,2.66016,13.57827
2026-06-17,4.34441,2.63293,1.68784,2.66016,13.57827
2026-06-18,4.34441,2.63293,1.68784,2.66016,13.57827
2026-06-22,4.34441,2.63293,1.68784,2.66016,13.57827
2026-06-23,4.34441,2.63293,1.68784,2.66016,13.57827
2026-06-24,4.34441,2.63293,1.68784,2.66016,13.57827
2026-06-25,4.28529,2.61933,1.68268,2.64389,13.20872
2026-06-26,4.22631,2.60556,1.67747,2.62754,12.84513
2026-06-29,4.33135,2.63042,1.68684,2.65688,13.48363
2026-06-30,4.40505,2.64743,1.69329,2.6772,13.94247
2026-07-01,4.35974,2.63715,1.68937,2.66482,13.65565
2026-07-02,4.35974,2.63715,1.68937,2.66482,13.65565
2026-07-06,4.35974,2.63715,1.68937,2.66482,13.65565
2026-07-07,4.35974,2.63715,1.68937,2.66482,13.65565
2026-07-08,4.35974,2.63715,1.68937,2.66482,13.65565
2026-07-09,4.35974,2.63715,1.68937,2.66482,13.65565
2026-07-10,4.35974,2.63715,1.68937,2.66482,13.65565
2026-07-13,4.35974,2.63715,1.68937,2.66482,13.65565
2026-07-14,4.35974,2.63715,1.68937,2.66482,13.65565
2026-07-15,4.35974,2.63715,1.68937,2.66482,13.65565
2026-07-16,4.35974,2.63715,1.68937,2.66482,13.65565
2026-07-17,4.38074,2.64196,1.69125,2.67075,13.78725
2026-07-20,4.38534,2.64301,1.69166,2.67205,13.81619
2026-07-21,4.46668,2.66156,1.69891,2.69493,14.3287
2026-07-22,4.44387,2.65646,1.6969,2.68857,14.18238
2026-07-23,4.37439,2.64082,1.69078,2.66917,13.73892
2026-07-24,4.37439,2.64082,1.69078,2.66917,13.73892
2026-07-27,4.31178,2.62651,1.68487,2.65051,13.3456
2026-07-28,4.26987,2.61679,1.68087,2.63794,13.08616
2026-07-29,4.18289,2.59642,1.67251,2.6117,12.55303
2026-07-30,4.32082,2.62939,1.68598,2.65375,13.38087
2026-07-31,4.34888,2.63589,1.68865,2.66216,13.55471
2026-08-03,4.42524,2.65345,1.69589,2.68498,14.03071
2026-08-04,4.57556,2.68741,1.70995,2.72951,14.98389
2026-08-05,4.58844,2.69023,1.71113,2.73326,15.06822
2026-08-06,4.58844,2.69023,1.71113,2.73326,15.06822
2026-08-07,4.58844,2.69023,1.71113,2.73326,15.06822
2026-08-10,4.58844,2.69023,1.71113,2.73326,15.06822
2026-08-11,4.58844,2.69023,1.71113,2.73326,15.06822
2026-08-12,4.58844,2.69023,1.71113,2.73326,15.06822
2026-08-13,4.58844,2.69023,1.71113,2.73326,15.06822
2026-08-14,4.58844,2.69023,1.71113,2.73326,15.06822
2026-08-17,4.58844,2.69023,1.71113,2.73326,15.06822
2026-08-18,4.58844,2.69023,1.71113,2.73326,15.06822
2026-08-19,4.5587,2.68375,1.70787,2.72285,14.87295
2026-08-20,4.52592,2.67656,1.70426,2.71134,14.65902
2026-08-21,4.5419,2.68009,1.70603,2.71697,14.76253
2026-08-24,4.49657,2.67011,1.70102,2.70103,14.46788
2026-08-25,4.52458,2.67634,1.70414,2.71092,14.64813
2026-08-26,4.52872,2.67725,1.7046,2.71238,14.67492
2026-08-27,4.59073,2.69094,1.71145,2.73421,15.07678
2026-08-28,4.57971,2.68854,1.71025,2.73035,15.00444
2026-08-31,4.57971,2.68854,1.71025,2.73035,15.00444
2026-09-01,4.57971,2.68854,1.71025,2.73035,15.00444
2026-09-02,4.59128,2.69107,1.71175,2.73515,15.08022
2026-09-03,4.5994,2.69284,1.7128,2.73851,15.13357
2026-09-04,4.5994,2.69284,1.7128,2.73851,15.13357
2026-09-08,4.5994,2.69284,1.7128,2.73851,15.13357
2026-09-09,4.5994,2.69284,1.7128,2.73851,15.13357
2026-09-10,4.5994,2.69284,1.7128,2.73851,15.13357
2026-09-11,4.59196,2.69122,1.7117,2.73499,15.08462
2026-09-14,4.55535,2.68325,1.70628,2.71767,14.84408
2026-09-15,4.52554,2.6767,1.70184,2.70354,14.64983
2026-09-16,4.5267,2.67696,1.70202,2.70409,14.65732
2026-09-17,4.60507,2.69427,1.71372,2.74128,15.16481
2026-09-18,4.63416,2.70059,1.71803,2.75505,15.35645
2026-09-21,4.67806,2.71006,1.72449,2.77579,15.64741
2026-09-22,4.67806,2.71006,1.72449,2.77579,15.64741
2026-09-23,4.67806,2.71006,1.72449,2.77579,15.64741
2026-09-24,4.67806,2.71006,1.72449,2.77579,15.64741
2026-09-25,4.67806,2.71006,1.72449,2.77579,15.64741
2026-09-28,4.67806,2.71006,1.72449,2.77579,15.64741
